생산연도,철번호,건번호,제목,생산기관,공개,온라인열람,rc_code
1984,200041040559,000000000001,한국전기통신공사 연차보고서 1984,한국전기통신공사,1,Y,1310377
1984,200041042174,000000000001,반도체시장의 중기예측,산업연구원,1,Y,1310377
1984,200041071049,000000000001,반도체산업의 구조와 발전방향,산업연구원,1,N,1310377
1984,200200004627,000000000001,전두환대통령기술진흥확대회의주재프로필,공보처 홍보국 사진담당관,1,Y,1310377
1984,200200004627,000000000002,전두환대통령기술진흥확대회의에서관계자훈장수여,공보처 홍보국 사진담당관,1,Y,1310377
1984,200200004627,000000000003,전두환대통령기술진흥확대회의에서관계자와악수,공보처 홍보국 사진담당관,1,Y,1310377
1984,200200004676,000000000001,제1회기술진흥확대회의진행자모습,공보처 홍보국 사진담당관,1,Y,1310377
1984,200200004676,000000000002,전두환대통령제1회기술진흥확대회의참석1,공보처 홍보국 사진담당관,1,Y,1310377
1984,200200004676,000000000003,전두환대통령제1회기술진흥확대회의참석2,공보처 홍보국 사진담당관,1,Y,1310377
1984,200200004676,000000000004,전두환대통령제1회기술진흥확대회의참석3,공보처 홍보국 사진담당관,1,Y,1310377
1984,200200004676,000000000005,전두환대통령제1회기술진흥확대회의참석자와악수1,공보처 홍보국 사진담당관,1,Y,1310377
1984,200200004676,000000000006,전두환대통령제1회기술진흥확대회의참석4,공보처 홍보국 사진담당관,1,Y,1310377
1984,200200004676,000000000007,전두환대통령제1회기술진흥확대회의참석5,공보처 홍보국 사진담당관,1,Y,1310377
1984,200200004676,000000000008,전두환대통령제1회기술진흥확대회의참석자와악수2,공보처 홍보국 사진담당관,1,Y,1310377
1984,200200016036,000000000001,전두환대통령기술진흥확대회의참석악수1,공보처 홍보국 사진담당관,1,Y,1310377
1984,200200016036,000000000002,전두환대통령기술진흥확대회의참석악수2,공보처 홍보국 사진담당관,1,Y,1310377
1984,200200016036,000000000003,전두환대통령기술진흥확대회의참석서훈,공보처 홍보국 사진담당관,1,Y,1310377
1984,200200016036,000000000004,전두환대통령기술진흥확대회의참석악수3,공보처 홍보국 사진담당관,1,Y,1310377
1984,200200016036,000000000005,전두환대통령기술진흥확대회의참석악수4,공보처 홍보국 사진담당관,1,Y,1310377
1984,200200016036,000000000006,전두환대통령기술진흥확대회의주재,공보처 홍보국 사진담당관,1,Y,1310377
1984,200200018249,000000000001,전두환대통령기술진흥확대회의주재,공보처 홍보국 사진담당관,1,Y,1310377
1984,200200083446,000000000001,전두환대통령기술진흥확대회의주재후노현모서울대교수등12명기술진흥유공자훈장수여,공보처 홍보국 사진담당관,1,Y,1310377
1984,200200084970,000000000001,전두환대통령제2회기술진흥확대회의주재,공보처 홍보국 사진담당관,1,Y,1310377
1984,200200084970,000000000002,전두환대통령제2회기술진흥확대회의참석시관계자악수,공보처 홍보국 사진담당관,1,Y,1310377
1984,200200087850,000000000001,전두환대통령기술진흥확대회의주재,공보처 홍보조사국 사진담당관,1,Y,1310377
1984,200200097614,000000000011,미.일간의치열한반도체기술개발경쟁,과학기술처,1,Y,1310377
1984,200300129926,000000000007,삼성반도체통신(주)의하도급거래상의불공정거래행위,공정거래위원회 사무처 심판행정담당관,1,N,1310377
1984,200300495555,000000000008,특정연구개발사업선정업무처리부적정,감사원 제1국 제4과,3,N,1310377
1984,200300824030,000000000002,농지전용허가(한국전기통신공사장),충청남도 농림국 농산과,1,N,1310377
1984,200300824030,000000000006,농지전용허가(한국전기통신공사장),충청남도 농림국 농산과,1,N,1310377
1984,200300840052,000000000018,영예수여(삼성반도체통신(주) 이사 이승규 외 11명)(제6회),총무처 의정국 의사과,1,Y,1310377
1984,200300840056,000000000018,한국전기통신공사에대한국유재산현물출자(안)(제238호),총무처 의정국 의사과,2,N,1310377
1984,200300840067,000000000012,영예수여(기술진흥확대회의 포상 외1건 한국에너지연구소책임연구원 서경수 외15명),총무처 의정국 의사과,2,N,1310377
1984,200300840492,000000000237,영예수여(기술진흥확대회의 포상 외 1건)(제48회),총무처 의정국 의사과,1,N,1310377
1984,200300840603,000000000085,영예 수여(삼성반도체통신(주) 이사 이승규 외 11명)(제6회),총무처 의정국 의사과,1,N,1310377
1984,200300840603,000000000233,한국전기통신공사에 대한 국유재산현물출자안(제19회),총무처 의정국 의사과,1,N,1310377
1984,200300896664,000000000001,독극물수출입업등록(삼성반도체통신주식회사),환경청 수질보전국 토양관리과,1,N,1310377
1984,200300929893,000000000015,한국전기통신공사에대한국유재산현물출자(안),경제기획원 기획관리실,1,N,1310377
1984,200301059866,000000000062,가입전신의설비요금중설비비와장치료조정(한국전기통신공사공시제83-42호),총무처 법무담당관,1,Y,1310377
1984,200301059866,000000000063,전신전화취급업무(한국전기통신공사공시제83-41호),총무처 법무담당관,1,Y,1310377
1984,200301059873,000000000037,전화가입구역지변경(한국전기통신공사광주지사공시제147호),총무처 법무담당관,1,Y,1310377
1984,200301059873,000000000038,전화가입구역급지및전화업무취급국종류변경(한국전기통신공사제주전신전화국공시제32,총무처 법무담당관,1,Y,1310377
1984,200301059885,000000000033,시외통화방식변경한국전기통신공사공시제84-1호(한국전기통신공사공시제84-1호),총무처 법무담당관,1,Y,1310377
1984,200301059885,000000000034,SDR과원화의환율한국전기통신공사공시제84-2호(한국전기통신공사공시제84-2호),총무처 법무담당관,1,Y,1310377
1984,200301059885,000000000035,전화가입구역급지변경(한국전기통신공사대구지사공시제3호),총무처 법무담당관,1,Y,1310377
1984,200301059897,000000000041,시외통화방식변경(한국전기통신공사공시제84-11호),총무처 법무담당관,1,Y,1310377
1984,200301059897,000000000042,가입전화급지변경(한국전기통신공사대전지사공시제9호-제10호),총무처 법무담당관,1,Y,1310377
1984,200301059901,000000000048,국제모사전보업무취급지역및요금협정(한국전기통신공사공시제84-8호),총무처 법무담당관,1,Y,1310377
1984,200301059901,000000000049,전화가입구역급지변경(한국전기통신공사대전지사공시제12호),총무처 법무담당관,1,Y,1310377
1984,200301059910,000000000032,전화가입구역급지변경(한국전기통신공사대전지사공시제14호),총무처 법무담당관,1,Y,1310377
1984,200301059912,000000000046,전화가입구역급지변경(한국전기통신공사대전지사공시제17호),총무처 법무담당관,1,Y,1310377
1984,200301059918,000000000031,시외통화방식변경(한국전기통신공사공시제9호),총무처 법무담당관,1,Y,1310377
1984,200301059918,000000000032,전화가입구역급지변경(한국전기통신공사대구지사공시제14호),총무처 법무담당관,1,Y,1310377
1984,200301059924,000000000052,전화가입구역급지변경(한국전기통신공사서울지사공시제14호),총무처 법무담당관,1,Y,1310377
1984,200301059924,000000000053,가입전화급지변경(한국전기통신공사대전지사공시제20호),총무처 법무담당관,1,Y,1310377
1984,200301059924,000000000054,차량전화가입구역(한국전기통신공사장거리통신지사공시제1호),총무처 법무담당관,1,Y,1310377
1984,200301059939,000000000046,시외통화방식변경(한국전기통신공사공시제84-10호),총무처 법무담당관,1,Y,1310377
1984,200301059939,000000000047,가입전화급지변경(한국전기통신공사대전지사공시제24호),총무처 법무담당관,1,Y,1310377
1984,200301059947,000000000039,가입구역급지변경(한국전기통신공사대전지사공시제30호),총무처 법무담당관,1,Y,1310377
1984,200301059953,000000000028,전화가입구역급지변경(한국전기통신공사서울지사공시제25호),총무처 법무담당관,1,Y,1310377
1984,200301059953,000000000029,가입구역급지변경(한국전기통신공사대전지사공시제35호),총무처 법무담당관,1,Y,1310377
1984,200301059957,000000000035,전화가입구역급지변경(한국전기통신공사부산지사공시제15호),총무처 법무담당관,1,Y,1310377
1984,200301059959,000000000034,시외통화방식변경(한국전기통신공사공시제84-11호),총무처 법무담당관,1,Y,1310377
1984,200301059959,000000000035,전화가입구역급지변경(한국전기통신공사대전지사공시제38호),총무처 법무담당관,1,Y,1310377
1984,200301059967,000000000051,전화교환방식변경(한국전기통신공사서울지사공시제33호),총무처 법무담당관,1,Y,1310377
1984,200301059967,000000000052,전화가입구역급지변경(한국전기통신공사대구지사공시제36호),총무처 법무담당관,1,Y,1310377
1984,200301059967,000000000053,전화가입구역급지변경(한국전기통신공사대전지사공시제40호),총무처 법무담당관,1,Y,1310377
1984,200301059967,000000000054,전화가입구역급지변경(한국전기통신공사전주지사공시제44호),총무처 법무담당관,1,Y,1310377
1984,200301059969,000000000048,전화가입구역급지변경(한국전기통신공사부산지사공시제20호),총무처 법무담당관,1,Y,1310377
1984,200301059969,000000000049,전화가입구역급지변경(한국전기통신공사대전지사공시제41호),총무처 법무담당관,1,Y,1310377
1984,200301059969,000000000050,전화가입구역급지변경(한국전기통신공사광주지사공시제162호),총무처 법무담당관,1,Y,1310377
1984,200301059972,000000000033,차량전화업무및무선호출업무위탁취급에관한사항(한국전기통신공사공시제84-12호),총무처 법무담당관,1,Y,1310377
1984,200301059972,000000000034,시외통화방식변경(한국전기통신공사공시제84-13호),총무처 법무담당관,1,Y,1310377
1984,200301059972,000000000035,전화가입구역급지변경(한국전기통신공사광주지사공시제164호),총무처 법무담당관,1,Y,1310377
1984,200301059976,000000000041,전화가입구역급지변경(한국전기통신공사서울지사공시제38호),총무처 법무담당관,1,Y,1310377
1984,200301059976,000000000042,전화가입구역급지변경(한국전기통신공사부산지사공시제22호),총무처 법무담당관,1,Y,1310377
1984,200301059976,000000000043,전화가입구역급지변경(한국전기통신공사대구지사공시제39호),총무처 법무담당관,1,Y,1310377
1984,200301059981,000000000041,전화가입구역급지변경(한국전기통신공사전주지사공사제48호),총무처 법무담당관,1,Y,1310377
1984,200301059981,000000000042,전화가입구역급지변경(한국전기통신공사광주지사공사제67호),총무처 법무담당관,1,Y,1310377
1984,200301059985,000000000054,전화가입구역급지변경및전화업무취급종류변경(한국전기통신공사대구지사공시제40호),총무처 법무담당관,1,Y,1310377
1984,200301059985,000000000055,전화업무취급국의종류및급지변경(한국전기통신공사광주지사공시제168호),총무처 법무담당관,1,Y,1310377
1984,200301059987,000000000047,전화가입구역급지변경(한국전기통신공사부산지사공시제29호),총무처 법무담당관,1,Y,1310377
1984,200301059987,000000000048,전화가입구역급지변경(한국전기통신공사전주지사공시제55호),총무처 법무담당관,1,Y,1310377
1984,200301059987,000000000049,전화가입구역급지변경(한국전기통신공사광주지사공시제169호),총무처 법무담당관,1,Y,1310377
1984,200301059993,000000000071,시외통화방식변경(한국전기통신공사공시제84-14호),총무처 법무담당관,1,Y,1310377
1984,200301060002,000000000032,전화교환방식변경및전화가입구역급지변경(한국전기통신공사서울지사공시제43호),총무처 법무담당관,1,Y,1310377
1984,200301060002,000000000033,전화가입구역급지변경(한국전기통신공사강원지사공시제22호),총무처 법무담당관,1,Y,1310377
1984,200301060011,000000000033,가입구역급지변경및가입전화종류변경(한국전기통신공사충청지사공시제55호),총무처 법무담당관,1,Y,1310377
1984,200301060016,000000000038,전화가입구역급지변경및전화업무취급국종류변경(한국전기통신공사대구지사공시제51호),총무처 법무담당관,1,Y,1310377
1984,200301060016,000000000039,전화가입구역급지변경(한국전기통신공사대구지사공시제52호),총무처 법무담당관,1,Y,1310377
1984,200301060026,000000000023,시외통화방식변경(한국전기통신공사공시제84-15호),총무처 법무담당관,1,Y,1310377
1984,200301060026,000000000024,전화가입구역급지변경(한국전기통신공사서울지사공시제47호),총무처 법무담당관,1,Y,1310377
1984,200301060031,000000000033,가입구역의급지변경및가입전화의종류변경사항(한국전기통신공사충청지사공시제59호),총무처 법무담당관,1,Y,1310377
1984,200301060046,000000000032,전화가입구역급지변경(한국전기통신공사대구지사공시제58호),총무처 법무담당관,1,Y,1310377
1984,200301060046,000000000033,국소신설및폐지(한국전기통신공사서울지사공시제52호),총무처 법무담당관,1,Y,1310377
1984,200301060047,000000000032,시외통화방식변경(한국전기통신공사공시제84-16호),총무처 법무담당관,1,Y,1310377
1984,200301060047,000000000033,전화가입구역변경및수용구역설정과가입구역급지변경및교환방식변경(한국전기통신공사,총무처 법무담당관,1,Y,1310377
1984,200301060047,000000000034,전화업무취급국급지변경(한국전기통신공사전남지사공시제174호),총무처 법무담당관,1,Y,1310377
1984,200301060051,000000000028,공중전기통신관계이용규정개정(한국전기통신공사공시제84-17호),총무처 법무담당관,1,Y,1310377
1984,200301060051,000000000029,시외통화방식변경(한국전기통신공사공시제84-18호),총무처 법무담당관,1,Y,1310377
1984,200301060066,000000000036,시외통화방식변경(한국전기통신공사공시제84-19호),총무처 법무담당관,1,Y,1310377
1984,200301060066,000000000038,전화교환방식변경(한국전기통신공사서울지사공시제55호),총무처 법무담당관,1,Y,1310377
1984,200301060069,000000000041,시외교환취급변경및전화가입구역급지변경(한국전기통신공사서울지사공시제59호),총무처 법무담당관,1,Y,1310377
1984,200301060069,000000000042,전화가입구역급지변경(한국전기통신공사대구지사공시제64호),총무처 법무담당관,1,Y,1310377
1984,200301060089,000000000041,한국전기통신공사공시제84-21호(시외통화방식변경),총무처 법무담당관,1,Y,1310377
1984,200301060089,000000000042,전화가입구역변경및수용구역설정과가입구역급지변경(한국전기통신공사공시제39호),총무처 법무담당관,1,Y,1310377
1984,200301060089,000000000043,전화가입구역변경및수용구역설정과가입구역급지변경(한국전기통신공사강원지사공시제3,총무처 법무담당관,1,Y,1310377
1984,200301060095,000000000042,전화가입구역급지변경(한국전기통신공사서울지사공사제62호),총무처 법무담당관,1,Y,1310377
1984,200301060095,000000000043,전화가입구역급지변경(한국전기통신공사부산지사공사제54호),총무처 법무담당관,1,Y,1310377
1984,200301060095,000000000044,전화가입구역급지변경(한국전기통신공사대구지사공사제66호),총무처 법무담당관,1,Y,1310377
1984,200301060101,000000000026,시외통화방식변경(한국전기통신공사공시제84-22호),총무처 법무담당관,1,Y,1310377
1984,200301060104,000000000036,한국전기통신공사부산지사공시제56호(전화가입구역급지변경),총무처 법무담당관,1,Y,1310377
1984,200301060107,000000000030,한국전기통신공사전남지사공시제178호(전화가입구역급지변경),총무처 법무담당관,1,Y,1310377
1984,200301060110,000000000037,한-UAE(DUBAI)간국제사진전보업무취급개시및이에적용될요금협정(한국전기통신공사공시,총무처 법무담당관,1,Y,1310377
1984,200301060110,000000000038,전화가입구역급지변경(한국전기통신공사강원지사공시제48호),총무처 법무담당관,1,Y,1310377
1984,200301060126,000000000025,시외통화방식변경(한국전기통신공사공시제84-24호),총무처 법무담당관,1,Y,1310377
1984,200301060126,000000000026,전화가입구역급지변경및전화업무취급국종류변경(한국전기통신공사대구지사공시제70호),총무처 법무담당관,1,Y,1310377
1984,200301060126,000000000027,전화가입구역급지변경(한국전기통신공사전남지사공시제179호),총무처 법무담당관,1,Y,1310377
1984,200301060126,000000000028,전화가입구역급지변경(한국전기통신공사전북지사공시제85호),총무처 법무담당관,1,Y,1310377
1984,200301060135,000000000030,교환방식변경(한국전기통신공사서울지사공시제69호),총무처 법무담당관,1,Y,1310377
1984,200301060135,000000000031,전화가입구역급지변경(한국전기통신공사대구지사공시제72호),총무처 법무담당관,1,Y,1310377
1984,200301060135,000000000032,가입구역급지변경(한국전기통신공사충청지사공시제82호),총무처 법무담당관,1,Y,1310377
1984,200301060135,000000000033,전화가입구역급지변경(한국전기통신공사전남지사공시제182호),총무처 법무담당관,1,Y,1310377
1984,200301060137,000000000039,국제통신취급국지정(한국전기통신공사공시제84-25호),총무처 법무담당관,1,Y,1310377
1984,200301060137,000000000040,가입구역외급지변경(한국전기통신공사충청지사공시제87호),총무처 법무담당관,1,Y,1310377
1984,200301060141,000000000036,시외통화방식변경(한국전기통신공사공시제84-26호),총무처 법무담당관,1,Y,1310377
1984,200301060141,000000000037,전화교환방식변경및전화가입구역급지변경(한국전기통신공사서울지사공시제72호),총무처 법무담당관,1,Y,1310377
1984,200301060141,000000000038,전화가입구역급지변경(한국전기통신공사서울지사공시제73호),총무처 법무담당관,1,Y,1310377
1984,200301060141,000000000039,전화가입구역급지변경(한국전기통신공사대구지사공시제78호),총무처 법무담당관,1,Y,1310377
1984,200301060145,000000000042,한국전기통신공사전남지사공시제183호[가입구역급지변경],총무처 법무담당관,1,Y,1310377
1984,200301060147,000000000037,전화가입구역급지변경[한국전기통신공사부산지사공시제71호],총무처 법무담당관,1,Y,1310377
1984,200301060147,000000000038,전화가입구역급지변경[한국전기통신공사충청지사공시제91호],총무처 법무담당관,1,Y,1310377
1984,200301060150,000000000032,시회통화방식변경[한국전기통신공사공시제84-27호],총무처 법무담당관,1,Y,1310377
1984,200301060150,000000000033,전화가입구역급지변경[한국전기통신공사부산지사공시제73호],총무처 법무담당관,1,Y,1310377
1984,200301060154,000000000041,전화교환방식변경및전화가입구역급지변경시행[한국전기통신공사서울지사공시제77호],총무처 법무담당관,1,Y,1310377
1984,200301060154,000000000042,가입구역급지및수용국변경[한국전기통신공사충청지사공시제96호],총무처 법무담당관,1,Y,1310377
1984,200301060161,000000000036,국제통신취급국지정(한국전기통신공사공시제84-29호),총무처 법무담당관,1,Y,1310377
1984,200301060161,000000000037,전화가입구역급지변경및전화업무취급종류변경(한국전기통신공사대구지사공시제82호),총무처 법무담당관,1,Y,1310377
1984,200301060161,000000000038,전화가입구역급지변경(한국전기통신공사강원지사공시제62호),총무처 법무담당관,1,Y,1310377
1984,200301060161,000000000039,가입구역급지및수용국변경(한국전기통신공사충청지사공시제99호),총무처 법무담당관,1,Y,1310377
1984,200301060166,000000000056,전화가입구역급지변경(한국전기통신공사서울지사공시제81호),총무처 법무담당관,1,Y,1310377
1984,200301060166,000000000057,전화가입구역급지변경(한국전기통신공사부산지사공시제77호),총무처 법무담당관,1,Y,1310377
1984,200301064669,000000000029,전화가입구역급지변경[한국전기통신공사대전지사공시제6호],총무처 법무담당관,1,Y,1310377
1984,200301064673,000000000039,시외통화방식변경[한국전기통신공사공시제84-3호],총무처 법무담당관,1,Y,1310377
1984,200301064686,000000000045,시외통화방식변경[한국전기통신공사공시제84-4호],총무처 법무담당관,1,Y,1310377
1984,200301064686,000000000046,국제모사전보업무취급지역및요금협정[한국전기통신공사공시제84-5호],총무처 법무담당관,1,Y,1310377
1984,200301064686,000000000047,차량전화요금일부개정[한국전기통신공사공시제84-6호],총무처 법무담당관,1,Y,1310377
1984,200301103706,000000000001,법인세적인계[한국전기통신공사],국세청 서울지방국세청 중부세무서 법인세과,3,N,1310377
1984,200301108300,000000000020,기술도입계약에따른기술료의회계처리,국세청 광주지방국세청 나주세무서 직세과,1,N,1310377
1984,200301550340,000000000005,제1차산업정책심의회회의결과통보,통상산업부 통상무역실 무역정책과,1,N,1310377
1984,200302764968,000000000001,한국전기통신공사서울지사부당노동행위구제재심사건,노동부 중앙노동위원회 사무국,2,N,1310377
1984,200400000154,000000000001,1984년도 제1회 과학기술진흥확대회의 주재 지시말씀,대통령비서실,1,N,1741077
1984,200400013589,000000000001,제2회 기술진흥확대회의 관계자들과 오찬 참석 격려사,대통령비서실,1,N,1741077
1984,200700017117,000000000003,산업기술연구조합법안,법제처 경제법제국,1,N,1310377
1984,200700382198,000000000006,반도체생산시설확장사업을위한외국인증액투자인가,재무부 경제협력국 외자관리과,1,N,1310377
1984,200700382232,000000000002,반도체(64KDRAM)생산에따른시설재도입을위산차관계약인가,재무부 경제협력국 외자관리과,1,N,1310377
1984,200701247233,000000000012,반도체소자 제조업의 범위,관세청 심사정책국 심사정책과,1,N,1310377
1984,200701471913,000000000001,산업기술연구조합육성법제정에관한의견송부,법무부 법무실 법무심의관,1,N,1310377
1984,200802022188,000000000008,방송 송신·중계소의 한국전기통신공사 이관 문제 검토 보고,방송위원회 사무처 방송정책실 기술정책부,1,N,1310377
1984,200802073976,000000000001,산업기술연구조합 변경신고사항 인정,과학기술처 기술진흥국 기술지원과,1,N,1310377
1984,200802073976,000000000002,연구조합의연구전담요원수 조정 건의에 대한 회신,과학기술처 기술진흥국 기술지원과,1,N,1310377
1984,200802073976,000000000003,산업기술연구조합 허가사항 변경승인,과학기술처 기술진흥국 기술지원과,1,N,1310377
1984,200802073976,000000000006,산업기술연구조합 설립인가서 재발급,과학기술처 기술진흥국 기술지원과,1,N,1310377
1984,200802073976,000000000011,산업기술연구조합설립인가서 재교부,과학기술처 기술진흥국 기술지원과,1,N,1310377
1984,200802073977,000000000001,산업기술연구조합 변경신고사항 인정,과학기술처 기술진흥국 기술지원과,1,N,1310377
1984,200802073977,000000000002,산업기술연구조합 변경신고사항 인정,과학기술처 기술진흥국 기술지원과,1,N,1310377
1984,200802073977,000000000003,한국 소프트웨어 개발 연구조합 현황 소개,과학기술처 기술진흥국 기술지원과,1,N,1310377
1984,200802073977,000000000006,한국소프트웨어개발 연구조합 허가장 재발급,과학기술처 기술진흥국 기술지원과,1,N,1310377
1984,200802073977,000000000008,한국소프트웨어개발연구조합 사무실 이전,과학기술처 기술진흥국 기술지원과,1,N,1310377
1984,200802073977,000000000011,산업기술연구조합 설립인가서 재교부,과학기술처 기술진흥국 기술지원과,1,N,1310377
1984,200902546784,000000000006,1986년도 제8차 산업정책심의회 결과 통보,재무부 이재국 산업금융과,1,N,1310377
1984,200902617381,000000000018,마이크로 필름 업무 현황파악 (한국전기통신공사사장),총무처 정부기록보존소,1,N,1310377
1984,201003000105,000000000015,산업정책심의회 안건 상정,해운항만청 해운국 외항과,1,N,1310377
1984,201003000105,000000000016,산업정책심의회 안건 상정,해운항만청 해운국 외항과,3,N,1310377
1984,201003000111,000000000010,산업정책심의회 안건상정,해운항만청 해운국 외항과,3,N,1310377
1984,201003000118,000000000007,산업정책심의회 안건상정,해운항만청 해운국 외항과,1,N,1310377
1984,201003000118,000000000008,산업정책심의회 안건상정,해운항만청 해운국 외항과,3,N,1310377
1984,201003000118,000000000015,산업정책심의회 결과통보,해운항만청 해운국 외항과,1,N,1310377
1984,201003194877,000000000021,산업기술연구조합법인세에관한문의,국세청 법인납세국 법인세과,1,N,1310377
1984,201003194882,000000000009,경상기술료회계처리에관한질의,국세청 법인납세국 법인세과,1,N,1310377
1984,201003403676,000000000001,한국전기통신공사협회 현판식 01,체신부,1,N,1310377
1984,201003403676,000000000002,한국전기통신공사협회 현판식 02,체신부,1,N,1310377
1984,201003403676,000000000003,한국전기통신공사협회 현판식 03,체신부,1,N,1310377
1984,201003403676,000000000004,한국전기통신공사협회 현판식 04,체신부,1,N,1310377
1984,201003403676,000000000005,한국전기통신공사협회 현판식 05,체신부,1,N,1310377
1984,201003403676,000000000006,한국전기통신공사협회 현판식 06,체신부,1,N,1310377
1984,201003403676,000000000007,한국전기통신공사협회 현판식 07,체신부,1,N,1310377
1984,201003403676,000000000008,한국전기통신공사협회 현판식 08,체신부,1,N,1310377
1984,201003403676,000000000009,한국전기통신공사협회 현판식 09,체신부,1,N,1310377
1984,201003403676,000000000010,한국전기통신공사협회 현판식 10,체신부,1,N,1310377
1984,201003403676,000000000011,한국전기통신공사협회 현판식 11,체신부,1,N,1310377
1984,201003403676,000000000012,한국전기통신공사협회 현판식 12,체신부,1,N,1310377
1984,201003403676,000000000013,한국전기통신공사협회 현판식 13,체신부,1,N,1310377
1984,201003403676,000000000014,한국전기통신공사협회 현판식 14,체신부,1,N,1310377
1984,201003403676,000000000015,한국전기통신공사협회 현판식 15,체신부,1,N,1310377
1984,201003403676,000000000016,한국전기통신공사협회 현판식 16,체신부,1,N,1310377
1984,201003403676,000000000017,한국전기통신공사협회 현판식 17,체신부,1,N,1310377
1984,201003403676,000000000018,한국전기통신공사협회 현판식 18,체신부,1,N,1310377
1984,201003403676,000000000019,한국전기통신공사협회 현판식 19,체신부,1,N,1310377
1984,201003403676,000000000020,한국전기통신공사협회 현판식 20,체신부,1,N,1310377
1984,201003403676,000000000021,한국전기통신공사협회 현판식 21,체신부,1,N,1310377
1984,201003403676,000000000022,한국전기통신공사협회 현판식 22,체신부,1,N,1310377
1984,201003403676,000000000023,한국전기통신공사협회 현판식 23,체신부,1,N,1310377
1984,201003403676,000000000024,한국전기통신공사협회 현판식 24,체신부,1,N,1310377
1984,201003403676,000000000025,한국전기통신공사협회 현판식 25,체신부,1,N,1310377
1984,201003403676,000000000026,한국전기통신공사협회 현판식 26,체신부,1,N,1310377
1984,201003403676,000000000027,한국전기통신공사협회 현판식 27,체신부,1,N,1310377
1984,201003403676,000000000028,한국전기통신공사협회 현판식 28,체신부,1,N,1310377
1984,201003403676,000000000029,한국전기통신공사협회 현판식 29,체신부,1,N,1310377
1984,201003403676,000000000030,한국전기통신공사협회 현판식 30,체신부,1,N,1310377
1984,201003403676,000000000031,한국전기통신공사협회 현판식 31,체신부,1,N,1310377
1984,201003403676,000000000032,한국전기통신공사협회 현판식 32,체신부,1,N,1310377
1984,201003403676,000000000033,한국전기통신공사협회 현판식 33,체신부,1,N,1310377
1984,201003403676,000000000034,한국전기통신공사협회 현판식 34,체신부,1,N,1310377
1984,201003403676,000000000035,한국전기통신공사협회 현판식 35,체신부,1,N,1310377
1984,201003403676,000000000036,한국전기통신공사협회 현판식 36,체신부,1,N,1310377
1984,201003403676,000000000037,한국전기통신공사협회 현판식 37,체신부,1,N,1310377
1984,201003403676,000000000038,한국전기통신공사협회 현판식 38,체신부,1,N,1310377
1984,201003403676,000000000039,한국전기통신공사협회 현판식 39,체신부,1,N,1310377
1984,201003403676,000000000040,한국전기통신공사협회 현판식 40,체신부,1,N,1310377
1984,201003403676,000000000041,한국전기통신공사협회 현판식 41,체신부,1,N,1310377
1984,201003403676,000000000042,한국전기통신공사협회 현판식 42,체신부,1,N,1310377
1984,201003403676,000000000043,한국전기통신공사협회 현판식 43,체신부,1,N,1310377
1984,201003403676,000000000044,한국전기통신공사협회 현판식 44,체신부,1,N,1310377
1984,201003403676,000000000045,한국전기통신공사협회 현판식 45,체신부,1,N,1310377
1984,201003403676,000000000046,한국전기통신공사협회 현판식 46,체신부,1,N,1310377
1984,201003403676,000000000047,한국전기통신공사협회 현판식 47,체신부,1,N,1310377
1984,201003403676,000000000048,한국전기통신공사협회 현판식 48,체신부,1,N,1310377
1984,201003403676,000000000049,한국전기통신공사협회 현판식 49,체신부,1,N,1310377
1984,201003403676,000000000050,한국전기통신공사협회 현판식 50,체신부,1,N,1310377
1984,201003403676,000000000051,한국전기통신공사협회 현판식 51,체신부,1,N,1310377
1984,201003403676,000000000052,한국전기통신공사협회 현판식 52,체신부,1,N,1310377
1984,201003403676,000000000053,한국전기통신공사협회 현판식 53,체신부,1,N,1310377
1984,201003403676,000000000054,한국전기통신공사협회 현판식 54,체신부,1,N,1310377
1984,201003403682,000000000001,한국전기통신공사 연두순시 1,체신부,1,N,1310377
1984,201003403682,000000000002,한국전기통신공사 연두순시 2,체신부,1,N,1310377
1984,201003403682,000000000003,한국전기통신공사 연두순시 3,체신부,1,N,1310377
1984,201003403682,000000000004,한국전기통신공사 연두순시 4,체신부,1,N,1310377
1984,201003403682,000000000005,한국전기통신공사 연두순시 5,체신부,1,N,1310377
1984,201003403682,000000000006,한국전기통신공사 연두순시 6,체신부,1,N,1310377
1984,201003403682,000000000007,한국전기통신공사 연두순시 7,체신부,1,N,1310377
1984,201003403682,000000000008,한국전기통신공사 연두순시 8,체신부,1,N,1310377
1984,201104713237,000000000001,제2회 기술진흥확대회의 기술개발사례심의회 개최,문교부,1,N,1310377
1984,201104713237,000000000003,1984년 제2회 기술진흥확대회의 기술개발성공사례선정,문교부,1,N,1310377
1984,201205224459,000000000023,1985년도 제2차 산업정책심의회 결과통보,재정경제부 세제실 관세국 산업관세과,1,N,1310377
1984,201205224460,000000000003,제4차 산업정책심의회 결과 통보,재정경제부 세제실 관세국 산업관세과,1,N,1310377
1984,201205224460,000000000011,1985년도 제7차 산업정책심의회 결과통보,재정경제부 세제실 관세국 산업관세과,1,N,1310377
1984,201305781221,000000000001,한국전기통신공사에 대한 국유재산 현물출자,재정경제부 국고국 국유재산과,1,N,1310377
1984,201305786807,000000000001,해운산업합리화 추진계획 변경을 위한 경제장관협의회 및 산업정책심의회 안건 요약,재정경제부 금융정책국 은행제도과,1,N,1310377
1984,201405983480,000000000002,표지-안표지1: 연길시 반도체 제1공장(사진),중국 연변대학(延邊大學),2,N,1310377
1984,201506569636,000000000001,한국전기통신공사 이사 임명,정보통신부 총무팀,3,N,1310377
1984,201506569636,000000000002,한국전기통신공사 이사 임면,정보통신부 총무팀,3,N,1310377
1984,202010405298,000000000028,○○○○○ 기술료 실지급 증빙자료 제출요구,국방부 조달본부,1,N,1310377
1984,202110837213,000000000002,"미국·일본 반도체 분쟁, 1984-1988",외무부 통상국 통상2과,1,N,1310377
1984,202110837213,000000000003,미.일 반도체 협정에 대한 협의,외무부 통상국 통상2과,1,N,1310377
1984,202110837213,000000000004,미.일 반도체 마찰,외무부 통상국 통상2과,1,N,1310377
1984,202110837213,000000000006,미.일 반도체 협정 관련 갓트 Panel 보고서,외무부 통상국 통상2과,1,N,1310377
1984,202411434986,000000000001,제9차 산업정책심의회 결과 통보,재정경제부 경제정책국 정책조정과,1,N,1310377
1984,202411434986,000000000002,산업정책심의회 상정요청,재정경제부 경제정책국 정책조정과,1,N,1310377
1984,202411434987,000000000001,제8차 산업정책심의회 결과 통보,재정경제부 경제정책국 정책조정과,1,N,1310377
1984,202411434987,000000000002,제8차 산업정책심의회 개최,재정경제부 경제정책국 정책조정과,1,N,1310377
1984,202411434987,000000000003,제8차 산업정책심의회 개최 연기,재정경제부 경제정책국 정책조정과,1,N,1310377
1984,202411434987,000000000004,제8차 산업정책심의회 개최,재정경제부 경제정책국 정책조정과,1,N,1310377
1984,202411434988,000000000002,제10차 산업정책심의회 개최(전언통신문),재정경제부 경제정책국 정책조정과,1,N,1310377
1984,202411434989,000000000001,제1차 산업정책심의회 회의결과 통보,재정경제부 경제정책국 정책조정과,2,N,1310377
1984,202411434989,000000000002,제22차 산업정책심의회 개최,재정경제부 경제정책국 정책조정과,2,N,1310377
1984,202411434990,000000000001,제3차 산업정책심의회 회의결과 통보,재정경제부 경제정책국 정책조정과,2,N,1310377
1984,202411434990,000000000002,제3차 산업정책심의회 개최,재정경제부 경제정책국 정책조정과,2,N,1310377
1984,202411434990,000000000003,산업정책심의회 안건 상정,재정경제부 경제정책국 정책조정과,2,N,1310377
1984,202411434990,000000000004,산업정책심의회 안건상정,재정경제부 경제정책국 정책조정과,2,N,1310377
1984,202411434991,000000000001,제7차 산업정책심의회 결과 수정 통보,재정경제부 경제정책국 정책조정과,1,N,1310377
1984,202411434991,000000000002,제7차 산업정책심의회 회의 결과 통보,재정경제부 경제정책국 정책조정과,1,N,1310377
1984,202411434992,000000000001,제6차 산업정책심의회 회의결과 통보,재정경제부 경제정책국 정책조정과,2,N,1310377
1984,202411434992,000000000003,제6차 산업정책심의회 개최(전언통신),재정경제부 경제정책국 정책조정과,2,N,1310377
1984,202411434992,000000000004,산업정책심의회의 안건 상정,재정경제부 경제정책국 정책조정과,2,N,1310377
1984,202411434993,000000000002,제5차 산업정책심의회 개최,재정경제부 경제정책국 정책조정과,1,N,1310377
1984,202411434994,000000000001,제2차 산업정책심의회 회의결과 통보,재정경제부 경제정책국 정책조정과,2,N,1310377
1984,202411434994,000000000002,제2차 산업정책심의회 개최,재정경제부 경제정책국 정책조정과,2,N,1310377
1984,202411434995,000000000001,제4차 산업정책심의회 부의안건 심의의결,재정경제부 경제정책국 정책조정과,1,N,1310377
1984,202411434995,000000000002,1984년도 제4차 산업정책심의회 안건부의,재정경제부 경제정책국 정책조정과,1,N,1310377
1984,202411434995,000000000003,산업정책심의회 안건상정 요청,재정경제부 경제정책국 정책조정과,1,N,1310377
1984,202411500619,000000000001,1984년도 제1회 기술진흥확대회의보고안건 (보관용),과학기술처,1,N,1310377
1984,202411502637,000000000026,반도체소자 제조업의 범위(회신),재무부,2,N,1310377
1984,202411502637,000000000027,반도체소자 제조업의 범위,재무부,2,N,1310377
1984,202411502637,000000000040,반도체소자 제조업의 범위 질의(회신),재무부,2,N,1310377
1985,200041067571,000000000001,반도체재료의 일본시장실태와 기술동향,산업연구원,1,Y,1310377
1985,200200006001,000000000001,전두환대통령기술진흥확대회의주재1,공보처 홍보국 사진담당관,1,Y,1310377
1985,200200006001,000000000002,전두환대통령기술진흥확대회의기술개발유공자서훈1,공보처 홍보국 사진담당관,1,Y,1310377
1985,200200006001,000000000003,전두환대통령기술진흥확대회의기술개발유공자서훈후악수1,공보처 홍보국 사진담당관,1,Y,1310377
1985,200200006001,000000000004,전두환대통령기술진흥확대회의기술개발유공자서훈후악수2,공보처 홍보국 사진담당관,1,Y,1310377
1985,200200006001,000000000005,전두환대통령기술진흥확대회의기술개발유공자서훈후악수3,공보처 홍보국 사진담당관,1,Y,1310377
1985,200200006001,000000000006,전두환대통령기술진흥확대회의기술개발유공자서훈2,공보처 홍보국 사진담당관,1,Y,1310377
1985,200200006001,000000000007,전두환대통령기술진흥확대회의기술개발유공자서훈3,공보처 홍보국 사진담당관,1,Y,1310377
1985,200200006001,000000000008,전두환대통령기술진흥확대회의기술개발유공자서훈4,공보처 홍보국 사진담당관,1,Y,1310377
1985,200200006001,000000000009,전두환대통령기술진흥확대회의기술개발유공자서훈5,공보처 홍보국 사진담당관,1,Y,1310377
1985,200200006001,000000000010,전두환대통령기술진흥확대회의기술개발유공자서훈6,공보처 홍보국 사진담당관,1,Y,1310377
1985,200200006001,000000000011,전두환대통령기술진흥확대회의주재2,공보처 홍보국 사진담당관,1,Y,1310377
1985,200200006001,000000000012,전두환대통령기술진흥확대회의기술개발유공자서훈7,공보처 홍보국 사진담당관,1,Y,1310377
1985,200200006001,000000000015,전두환대통령기술진흥확대회의기술개발유공자서훈8,공보처 홍보국 사진담당관,1,Y,1310377
1985,200200008966,000000000001,전두환대통령기술진흥확대회의주재1,공보처 홍보국 사진담당관,1,Y,1310377
1985,200200008966,000000000003,전두환대통령기술진흥확대회의주재2,공보처 홍보국 사진담당관,1,Y,1310377
1985,200200012309,000000000001,전두환대통령기술진흥확대회의주재,공보처 홍보국 사진담당관,1,Y,1310377
1985,200200012309,000000000002,기술진흥확대회의수상자들,공보처 홍보국 사진담당관,1,Y,1310377
1985,200200012309,000000000003,전두환대통령기술진흥확대회의수상자포상1,공보처 홍보국 사진담당관,1,Y,1310377
1985,200200012309,000000000004,전두환대통령기술진흥확대회의수상자포상2,공보처 홍보국 사진담당관,1,Y,1310377
1985,200200016656,000000000001,전두환대통령기술진흥확대회의주재,공보처 홍보국 사진담당관,1,Y,1310377
1985,200200016656,000000000002,전두환대통령기술진흥확대회의참석자서훈,공보처 홍보국 사진담당관,1,Y,1310377
1985,200200016656,000000000003,전두환대통령기술진흥확대회의참석자악수1,공보처 홍보국 사진담당관,1,Y,1310377
1985,200200016656,000000000004,전두환대통령기술진흥확대회의참석자악수2,공보처 홍보국 사진담당관,1,Y,1310377
1985,200200039234,000000000002,전두환대통령동정(기술진흥확대회의),국립영화제작소,1,Y,1310377
1985,200200080569,000000000001,전두환대통령1985년도첫기술진흥확대회의에서기술개발유공자들포상,공보처 홍보국 사진담당관,1,Y,1310377
1985,200200084922,000000000001,전두환대통령기술진흥확대회의주재1,공보처 홍보국 사진담당관,1,Y,1310377
1985,200200084922,000000000002,전두환대통령기술진흥확대회의관계자악수,공보처 홍보국 사진담당관,1,Y,1310377
1985,200200084922,000000000003,전두환대통령기술진흥확대회의주재2,공보처 홍보국 사진담당관,1,Y,1310377
1985,200200084922,000000000004,전두환대통령기술진흥확대회의주재3,공보처 홍보국 사진담당관,1,Y,1310377
1985,200200098809,000000000001,삼성반도체통신과공식공급자와접견악수,서울올림픽대회 조직위원회,1,Y,1310377
1985,200200098809,000000000002,삼성반도체통신과공식공급자서명식,서울올림픽대회 조직위원회,1,Y,1310377
1985,200200098809,000000000003,삼성반도체통신과공식공급자와접견담화,서울올림픽대회 조직위원회,1,Y,1310377
1985,200200098965,000000000001,사무총장구자두금성반도체사장접견악수,서울올림픽대회 조직위원회,1,Y,1310377
1985,200200098965,000000000002,사무총장구자두금성반도체사장SLOOC간공급업체서명식,서울올림픽대회 조직위원회,1,Y,1310377
1985,200200098965,000000000003,사무총장구자두금성반도체사장접견담화,서울올림픽대회 조직위원회,1,Y,1310377
1985,200300123344,000000000003,한국전기통신공사에대한국유재산현물출자안,재정경제원 기획관리실 법무담당관,1,Y,1310377
1985,200300123354,000000000021,한국전기통신공사법개정법률안,재정경제원 기획관리실 법무담당관,1,Y,1310377
1985,200300840091,000000000011,산업정책심의회규정중개정령안(의안번호제115회),총무처 의정국 의사과,2,N,1310377
1985,200300840095,000000000026,영예 수여(기술진흥확대회의 포상 외 1건 럭키금성그룹 회장 구자경 외 13명)(제28회),총무처 의정국 의사과,1,Y,1310377
1985,200300840096,000000000024,한국전기통신공사에 대한 국유재산 현물출자(안)(제31회),총무처 의정국 의사과,1,Y,1310377
1985,200300840099,000000000014,영예수여(한국전기통신공사 시설국장 강이근 외 40명)(제41회),총무처 의정국 의사과,1,N,1310377
1985,200300840102,000000000013,한국전기통신공사법 개정법률안(제48회),총무처 의정국 의사과,1,Y,1310377
1985,200300840493,000000000122,영예수여(삼성반도체통신㈜대표이사 강진구 외23명)(제14회),총무처 의정국 의사과,1,N,1310377
1985,200300840493,000000000135,산업정책심의회규정 중 개정령안(제15회),총무처 의정국 의사과,1,N,1310377
1985,200300840494,000000000108,영예 수여 (기술진흥확대회의 포상외 1건 럭키금성그룹 회장 구자경 외13명) (제28회),총무처 의정국 의사과,1,N,1310377
1985,200300840494,000000000142,한국전기통신공사에 대한 국유재산 현물출자(안) (제31회),총무처 의정국 의사과,1,N,1310377
1985,200300882507,000000000003,공식후원자계약(삼성반도체통신주식회사),서울올림픽대회 조직위원회,1,N,1310377
1985,200300884430,000000000003,금성반도체(주)장비가격검토의견,서울올림픽대회 조직위원회,1,N,1310377
1985,200300884430,000000000004,금성반도체(주)본계약체결을위한기술검토결과,서울올림픽대회 조직위원회,1,N,1310377
1985,200300884989,000000000004,금성반도체(주)장비가격검토의견,서울올림픽대회 조직위원회,1,N,1310377
1985,200300884989,000000000005,금성반도체(주)와의본계약체결을위한기술사항통보,서울올림픽대회 조직위원회,1,N,1310377
1985,200300949683,000000000410,건축허가대장(한국전기통신공사),경기도 광주군 주택과,1,N,1310377
1985,200300949683,000000000482,건축허가대장(한국전기통신공사서울지사장),경기도 광주군 주택과,1,N,1310377
1985,200300949683,000000000646,건축허가대장(한국전기통신공사),경기도 광주군 주택과,1,N,1310377
1985,200301060186,000000000061,한국전기통신공사충청지사공시제103호(가입구역급지변경),총무처 법무담당관,1,Y,1310377
1985,200301060190,000000000036,전화가입구역급지변경및전화업무취급종류변경(한국전기통신공사대구지사공시제87호),총무처 법무담당관,1,Y,1310377
1985,200301060190,000000000037,가입구역급지및수용국변경사항(한국전기통신공사충청지사공시제108호),총무처 법무담당관,1,Y,1310377
1985,200301060190,000000000038,전화가입구역급지변경사항(한국전기통신공사충청지사공시제110호),총무처 법무담당관,1,Y,1310377
1985,200301060191,000000000049,국제통화야간할인요금공시(한국전기통신공사공시제85-1호),총무처 법무담당관,1,Y,1310377
1985,200301060211,000000000036,전화가입구역급지변경(한국전기통신공사대구지사공시제7호),총무처 법무담당관,1,N,1310377
1985,200301060211,000000000037,전화교환방식변경및전화가입구역급지변경(한국전기통신공사충청지사공시제5호),총무처 법무담당관,1,N,1310377
1985,200301060220,000000000034,OTC중계한-NORFOLKIS간국제테렉스업무취급지역확장및(한국전기통신공사공시제85-2호),총무처 법무담당관,1,Y,1310377
1985,200301060220,000000000035,전화가입구역급지변경(한국전기통신공사부산지사공시제5호),총무처 법무담당관,1,Y,1310377
1985,200301060223,000000000040,전화가입구역급지변경(한국전기통신공사부산지사공시제7호),총무처 법무담당관,1,Y,1310377
1985,200301060226,000000000029,전화가입구역과수용구역설정(한국전기통신공사강원지사공시제2호),총무처 법무담당관,1,Y,1310377
1985,200301060226,000000000030,전화가입구역급지변경(한국전기통신공사충청지사공시제8호),총무처 법무담당관,1,Y,1310377
1985,200301060228,000000000045,"기타(압수물환부공고,결정,한국전기통신공사고시제85-3호)",총무처 법무담당관,1,Y,1310377
1985,200301060238,000000000062,전화가입구역급지변경(한국전기통신공사대구지사공시제10호),총무처 법무담당관,1,N,1310377
1985,200301060238,000000000063,전화교환방식변경및전화가입구역급지변경시행(한국전기통신공사강원지사공시제6호),총무처 법무담당관,1,N,1310377
1985,200301060238,000000000064,전화가입구역급지변경(한국전기통신공사충청지사공시제9호),총무처 법무담당관,1,N,1310377
1985,200301060238,000000000065,가입구역급지및수용국변경(한국전기통신공사충청지사공시제11호),총무처 법무담당관,1,N,1310377
1985,200301060244,000000000045,전화가입구역급지변경(한국전기통신공사서울지사공시제8호),총무처 법무담당관,1,Y,1310377
1985,200301060244,000000000046,전화가입구역급지변경(한국전기통신공사강원지사공시제8호),총무처 법무담당관,1,Y,1310377
1985,200301060244,000000000047,전화가입구역급지변경(한국전기통신공사전남지사공시제191호),총무처 법무담당관,1,Y,1310377
1985,200301060251,000000000056,전화가입구역급지변경및전화업무취급종류변경(한국전기통신공사대구지사공시제13호),총무처 법무담당관,1,Y,1310377
1985,200301060251,000000000057,전화가입구역급지변경(한국전기통신공사대구지사공시제14호),총무처 법무담당관,1,Y,1310377
1985,200301060260,000000000040,한국전기통신공사공시제85-6호),총무처 법무담당관,1,Y,1310377
1985,200301060260,000000000041,전화가입구역급지변경(한국전기통신공사서울지사공시제13호),총무처 법무담당관,1,Y,1310377
1985,200301060260,000000000042,시내전화교환방식변경및전화가입구역급지변경(한국전기통신공사서울지사공시제14호),총무처 법무담당관,1,Y,1310377
1985,200301060263,000000000036,산업정책심의회규정중개정령(대통령령제11673호),총무처 법무담당관,1,Y,1310377
1985,200301060265,000000000036,전화가입구역급지변경및전화업무취급종류변경(한국전기통신공사대구지사공시제18호),총무처 법무담당관,1,Y,1310377
1985,200301060265,000000000037,전화가입구역급지변경(한국전기통신공사강원지사공시제12호),총무처 법무담당관,1,Y,1310377
1985,200301060274,000000000043,한국전기통신공사공시제85-7호(OTC중계한-PITCAIRN간국제전보업무취급지역확장및이에,총무처 법무담당관,1,Y,1310377
1985,200301060279,000000000038,가입구역급지및수용국변경(한국전기통신공사충청지사공시제19호),총무처 법무담당관,1,Y,1310377
1985,200301060284,000000000044,모사전보취급전기통신업무취급국과전송구간(한국전기통신공사공시제85-9호),총무처 법무담당관,1,Y,1310377
1985,200301060284,000000000045,전화가입구역급지변경(한국전기통신공사부산지사공시제17호),총무처 법무담당관,1,Y,1310377
1985,200301060286,000000000047,디디디공중전화위탁관리업무의위탁수수료율(한국전기통신공사공시제85-10호),총무처 법무담당관,1,Y,1310377
1985,200301060286,000000000048,전화가입구역급지변경(한국전기통신공사전북지사공시제10호),총무처 법무담당관,1,Y,1310377
1985,200301060290,000000000027,전화가입구역급지변경시행일자정정(한국전기통신공사강원지사공시제13호),총무처 법무담당관,1,Y,1310377
1985,200301060290,000000000028,전화가입구역급지변경(한국전기통신공사전남지사공시제196호),총무처 법무담당관,1,Y,1310377
1985,200301060292,000000000046,전화가입구역급지취급국의종류및수용국변경(한국전기통신공사충청지사공시제23호),총무처 법무담당관,1,Y,1310377
1985,200301060292,000000000047,전화가입구역급지변경(한국전기통신공사전북지사공시제13호),총무처 법무담당관,1,Y,1310377
1985,200301060294,000000000028,차량전화등이용규정중개정규정(한국전기통신공사공시제85-11호),총무처 법무담당관,1,Y,1310377
1985,200301060294,000000000029,시내전화교환방식변경및전화가입구역급지변경(한국전기통신공사서울지사공시제21호),총무처 법무담당관,1,Y,1310377
1985,200301060311,000000000025,시외통화교환방식변경[한국전기통신공사공시제85-12호],총무처 법무담당관,1,Y,1310377
1985,200301060311,000000000026,시외전화교환방식변경및전화가입구역급지변경[한국전기통신공사서울지사공시제24호],총무처 법무담당관,1,Y,1310377
1985,200301060315,000000000076,"기타(공무원사망,압수물환부공고,한국전기통신공사공시제85-13호,한국전기통신공사)",총무처 법무담당관,1,Y,1310377
1985,200301060327,000000000027,기타(회사정리관계인집회공고회사정리절차폐지공고한국전기통신공사대구지사공시제32),총무처 법무담당관,1,Y,1310377
1985,200301060327,000000000028,기타(한국전기통신공사제주전신전화국공시제40호),총무처 법무담당관,1,Y,1310377
1985,200301060333,000000000031,기타(한-네델란드(Nether lands)간국제모사전보(FAX)(한국전기통신공사공시제85-14호),총무처 법무담당관,1,Y,1310377
1985,200301060333,000000000032,"기타(미국(RCA,ITT,MCI/WUI)중계(한국전기통신공사공시제85-15호)",총무처 법무담당관,1,Y,1310377
1985,200301060336,000000000035,기타(한국전기통신공사서울지사공시제28호(시내전화교환방식변경),총무처 법무담당관,1,Y,1310377
1985,200301060336,000000000036,기타(한국전기통신공사충청지사공시제31호(전화가입구역급지및수용국변경)),총무처 법무담당관,1,Y,1310377
1985,200301060348,000000000044,전화가입구역급지변경(한국전기통신공사대구지사공시제35호),총무처 법무담당관,1,Y,1310377
1985,200301060348,000000000045,전화가입구역급지변경(한국전기통신공사충청지사공시제35호),총무처 법무담당관,1,Y,1310377
1985,200301060351,000000000037,전화가입구역급지변경[한국전기통신공사전북지사공시제21호[,총무처 법무담당관,1,Y,1310377
1985,200301060353,000000000055,전화가입구역급지변경[한국전기통신공사충청지사공시제37호],총무처 법무담당관,1,Y,1310377
1985,200301060366,000000000025,전화가입구역급지변경[한국전기통신공사서울지사공시제34호],총무처 법무담당관,1,Y,1310377
1985,200301060369,000000000048,전화가입구역급지변경[한국전기통신공사서울지사공시제37호],총무처 법무담당관,1,Y,1310377
1985,200301060369,000000000049,전화가입구역급지변경결정및취급종류변경[한국전기통신공사대구지사공시제37호],총무처 법무담당관,1,Y,1310377
1985,200301060372,000000000033,전화가입구역급지변경및전화업무취급종류변경[한국전기통신공사대구지사공시제40호],총무처 법무담당관,1,Y,1310377
1985,200301060375,000000000043,전화가입구역급지변경(한국전기통신공사부산지사공시제26호),총무처 법무담당관,1,Y,1310377
1985,200301060381,000000000025,Hong Kong중계한-Tuvalu간국제테렉스업무취급지역확장및요금협정(한국전기통신공사공,총무처 법무담당관,1,Y,1310377
1985,200301060384,000000000031,전화가입구역급지변경(한국전기통신공사부산지사공시제27호),총무처 법무담당관,1,Y,1310377
1985,200301060384,000000000032,가입구역급지변경및전화업무취급국종류변경(한국전기통신공사충청지사공시제43호),총무처 법무담당관,1,Y,1310377
1985,200301060384,000000000033,전화가입구역급지변경(한국전기통신공사충청지사공시제44호),총무처 법무담당관,1,Y,1310377
1985,200301060384,000000000034,전화가입구역급지변경(한국전기통신공사전남지사공시제203호),총무처 법무담당관,1,Y,1310377
1985,200301060391,000000000026,전화가입구역급지변경(한국전기통신공사부산지사공시제29호),총무처 법무담당관,1,Y,1310377
1985,200301060391,000000000027,전화가입구역급지변경및전화업무취급국종류변경(한국전기통신공사대구지사공시제47호),총무처 법무담당관,1,Y,1310377
1985,200301060391,000000000028,전화가입구역급지변경(한국전기통신공사전북지사공시제31호),총무처 법무담당관,1,Y,1310377
1985,200301060397,000000000051,홍콩C/W및PORTUGAL중계한국제테렉스업무취급지역확장(한국전기통신공사공시제85-17호),총무처 법무담당관,1,Y,1310377
1985,200301060403,000000000044,전화가입구역급지변경및전화업무취급국종류변경(한국전기통신공사대구지사공시제49호),총무처 법무담당관,1,Y,1310377
1985,200301060408,000000000054,전화가입구역급지변경(한국전기통신공사서울지사공시제42호),총무처 법무담당관,1,Y,1310377
1985,200301060408,000000000055,전화가입구역급지변경(한국전기통신공사전남지사공시제205호),총무처 법무담당관,1,Y,1310377
1985,200301060416,000000000035,전화가입구역급지변경(한국전기통신공사충청지사공시제51호),총무처 법무담당관,1,Y,1310377
1985,200301060418,000000000035,전화가입구역급지변경및전화업무취급국종류변경(한국전기통신공사대구지사공시제52호),총무처 법무담당관,1,Y,1310377
1985,200301060422,000000000046,전화가입구역급지변경(한국전기통신공사충청지사공시제52호),총무처 법무담당관,1,Y,1310377
1985,200301060422,000000000047,전화가입구역급지변경(한국전기통신공사전북지사공시제37호),총무처 법무담당관,1,Y,1310377
1985,200301060440,000000000023,국제전기통신관계이용규정중개정(한국전기통신공사공시제85-18호),총무처 법무담당관,1,Y,1310377
1985,200301060443,000000000037,가입구역급지변경및취급국종류변경(한국전기통신공사충청지사공시제55호),총무처 법무담당관,1,Y,1310377
1985,200301060443,000000000038,전화가입구역급지변경(한국전기통신공사전북지사공시제42호),총무처 법무담당관,1,Y,1310377
1985,200301060449,000000000045,한-인도(India)간국제모사전보<FAX>취급및적용요금(한국전기통신공사공시제85-19호),총무처 법무담당관,1,Y,1310377
1985,200301060449,000000000046,전화가입구역급지변경및전화업무취급국종류변경(한국전기통신공사대구지사공시제57호,총무처 법무담당관,1,Y,1310377
1985,200301060449,000000000047,가입구역급지변경및취급국종류변경중시행일변경(한국전기통신공사충청지사공시제57호),총무처 법무담당관,1,Y,1310377
1985,200301060457,000000000039,전화가입구역급지변경과전화업무취급국종류변경(한국전기통신공사대구지사공시제60호),총무처 법무담당관,1,Y,1310377
1985,200301060461,000000000028,전화가입구역통합및전화급지변경(한국전기통신공사대구지사공시제62호),총무처 법무담당관,1,Y,1310377
1985,200301060465,000000000047,전화가입구역급지변경과전화업무취급국종류변경(한국전기통신공사대구지사공시제64호),총무처 법무담당관,1,Y,1310377
1985,200301060468,000000000033,시내전화교환방식변경및전화가입구역급지변경(한국전기통신공사서울지사공시제56호),총무처 법무담당관,1,Y,1310377
1985,200301060468,000000000034,전화가입구역급지변경과전화업무취급국종류변경(한국전기통신공사대구지사공시제67호),총무처 법무담당관,1,Y,1310377
1985,200301060471,000000000053,공중전화의전화기및통화실의유지보수와집금에관한업(한국전기통신공사공시제85-20호),총무처 법무담당관,1,Y,1310377
1985,200301060471,000000000054,전화가입구역급지변경(한국전기통신공사강원지사공시제30호),총무처 법무담당관,1,Y,1310377
1985,200301060471,000000000055,가입구역급지변경및전화업무취급국종류변경(한국전기통신공사충청지사공시제60호),총무처 법무담당관,1,Y,1310377
1985,200301060483,000000000051,가입구역급지변경및취급국종류변경(한국전기통신공사충청지사공시제65호),총무처 법무담당관,1,Y,1310377
1985,200301060483,000000000052,전화가입구역급지변경(한국전기통신공사전남지사공시제209호),총무처 법무담당관,1,Y,1310377
1985,200301060488,000000000038,전화가입구역급지변경(한국전기통신공사부산지사공시제44호),총무처 법무담당관,1,Y,1310377
1985,200301060488,000000000039,전화가입구역급지변경(한국전기통신공사강원지사공시제34호),총무처 법무담당관,1,Y,1310377
1985,200301060488,000000000040,가입구역급지변경및취급국의종류변경사항(한국전기통신공사충청지사공시제66호),총무처 법무담당관,1,Y,1310377
1985,200301060488,000000000041,전화가입구역급지변경(한국전기통신공사전북지사공시제59호),총무처 법무담당관,1,Y,1310377
1985,200301060490,000000000036,전화가입구역급지변경(한국전기통신공사전북지사공시제63-67호),총무처 법무담당관,1,Y,1310377
1985,200301060490,000000000037,전화가입구역급지변경(한국전기통신공사전남지사공시제211호),총무처 법무담당관,1,Y,1310377
1985,200301060491,000000000040,"한국전기통신공사공시제85-21호(이용규정의제,개정)",총무처 법무담당관,1,Y,1310377
1985,200301060496,000000000051,인접통화권설정(한국전기통신공사공시제85-22호),총무처 법무담당관,1,Y,1310377
1985,200301060496,000000000052,전화가입구역급지변경과전화업무취급국종류변경(한국전기통신공사서울지사공시제61호),총무처 법무담당관,1,Y,1310377
1985,200301060496,000000000053,전화가입구역급지변경과전화업무취급국종류변경(한국전기통신공사대구지사공시제72호),총무처 법무담당관,1,Y,1310377
1985,200301060499,000000000039,공항전화요금(한국전기통신공사공시제85-23호),총무처 법무담당관,1,Y,1310377
1985,200400000222,000000000001,1985년도 제2회 기술진흥확대회의 참석 지시말씀,대통령비서실,1,N,1741077
1985,200400014918,000000000001,제1회 기술진흥확대회의 주재 지시말씀,대통령비서실,1,Y,1741077
1985,200500034362,000000000004,한국전자기술연구소 반도체생산시설 이용 효율화방안,산업자원부 자원정책실 전력산업과,1,N,1310377
1985,200600045785,000000000016,1985년도제5차산업정책심의회결과통보,건설교통부 건설경제국 해외건설과,1,N,1310377
1985,200600087141,000000000001,첨단반도체공장증설을위한협조요청,건설교통부 도시국 도시정책과,1,N,1310377
1985,200700018243,000000000001,한국전기통신공사법개정법률안,법제처 사회문화법제국,1,N,1310377
1985,200700382449,000000000004,반도체생산을위한차관사업에대한검토의견회신,재무부 경제협력국 외자관리과,1,N,1310377
1985,200701247244,000000000001,반도체 소자 제조용 설비 사후 관리 기간 조정안 제출,관세청 심사정책국 심사정책과,1,N,1310377
1985,200701471928,000000000011,한국전기통신공사법개정,법무부 법무실 법무심의관,1,N,1310377
1985,200701486414,000000000005,수상소감을 발표하는 이윤우 삼성반도체 통신이사,과학기술부,1,N,1310377
1985,200802076787,000000000001,산업정책심의회 안건 상정,건설교통부 물류혁신본부 종합교통기획팀,1,N,1310377
1985,200802076787,000000000002,1985년도 제1차 산업정책심의회 결과 통보,건설교통부 물류혁신본부 종합교통기획팀,1,N,1310377
1985,200802076787,000000000009,산업정책심의회 안건 상정,건설교통부 물류혁신본부 종합교통기획팀,1,N,1310377
1985,201003000112,000000000005,산업정책심의회 안건 상정,해운항만청 해운국 외항과,1,N,1310377
1985,201003000112,000000000006,산업정책심의회 안건 상정,해운항만청 해운국 외항과,1,N,1310377
1985,201003000115,000000000006,산업정책심의회 안건상정,해운항만청 해운국 외항과,3,N,1310377
1985,201003196476,000000000008,기술료지급에따른질의회신,국세청 국제조세관리관 국제세원관리담당관,3,N,1310377
1985,201003196479,000000000002,기술도입계약에의한기술료의세무처리,국세청 국제조세관리관 국제세원관리담당관,3,N,1310377
1985,201003196479,000000000017,기술료지급에대한원천징수해당액의손금귀속시기,국세청 국제조세관리관 국제세원관리담당관,3,N,1310377
1985,201003403936,000000000001,한국전기통신공사협회 회장단 접견 1,체신부,1,N,1310377
1985,201003403936,000000000002,한국전기통신공사협회 회장단 접견 2,체신부,1,N,1310377
1985,201003403936,000000000003,한국전기통신공사협회 회장단 접견 3,체신부,1,N,1310377
1985,201003403936,000000000004,한국전기통신공사협회 회장단 접견 4,체신부,1,N,1310377
1985,201003403936,000000000005,한국전기통신공사협회 회장단 접견 5,체신부,1,N,1310377
1985,201003403936,000000000006,한국전기통신공사협회 회장단 접견 6,체신부,1,N,1310377
1985,201003403936,000000000007,한국전기통신공사협회 회장단 접견 7,체신부,1,N,1310377
1985,201003403936,000000000008,한국전기통신공사협회 회장단 접견 8,체신부,1,N,1310377
1985,201003403969,000000000001,한국전기통신공사협회 제15회 정기총회 01,체신부,1,N,1310377
1985,201003403969,000000000002,한국전기통신공사협회 제15회 정기총회 02,체신부,1,N,1310377
1985,201003403969,000000000003,한국전기통신공사협회 제15회 정기총회 03,체신부,1,N,1310377
1985,201003403969,000000000004,한국전기통신공사협회 제15회 정기총회 04,체신부,1,N,1310377
1985,201003403969,000000000005,한국전기통신공사협회 제15회 정기총회 05,체신부,1,N,1310377
1985,201003403969,000000000006,한국전기통신공사협회 제15회 정기총회 06,체신부,1,N,1310377
1985,201003403969,000000000007,한국전기통신공사협회 제15회 정기총회 07,체신부,1,N,1310377
1985,201003403969,000000000008,한국전기통신공사협회 제15회 정기총회 08,체신부,1,N,1310377
1985,201003403969,000000000009,한국전기통신공사협회 제15회 정기총회 09,체신부,1,N,1310377
1985,201003403969,000000000010,한국전기통신공사협회 제15회 정기총회 10,체신부,1,N,1310377
1985,201003403969,000000000011,한국전기통신공사협회 제15회 정기총회 11,체신부,1,N,1310377
1985,201003403969,000000000012,한국전기통신공사협회 제15회 정기총회 12,체신부,1,N,1310377
1985,201003403969,000000000013,한국전기통신공사협회 제15회 정기총회 13,체신부,1,N,1310377
1985,201003403969,000000000014,한국전기통신공사협회 제15회 정기총회 14,체신부,1,N,1310377
1985,201003403969,000000000015,한국전기통신공사협회 제15회 정기총회 15,체신부,1,N,1310377
1985,201003403969,000000000016,한국전기통신공사협회 제15회 정기총회 16,체신부,1,N,1310377
1985,201003403969,000000000017,한국전기통신공사협회 제15회 정기총회 17,체신부,1,N,1310377
1985,201003403969,000000000018,한국전기통신공사협회 제15회 정기총회 18,체신부,1,N,1310377
1985,201003403969,000000000019,한국전기통신공사협회 제15회 정기총회 19,체신부,1,N,1310377
1985,201003403969,000000000020,한국전기통신공사협회 제15회 정기총회 20,체신부,1,N,1310377
1985,201003403969,000000000021,한국전기통신공사협회 제15회 정기총회 21,체신부,1,N,1310377
1985,201003403969,000000000022,한국전기통신공사협회 제15회 정기총회 22,체신부,1,N,1310377
1985,201003403969,000000000023,한국전기통신공사협회 제15회 정기총회 23,체신부,1,N,1310377
1985,201003403969,000000000024,한국전기통신공사협회 제15회 정기총회 24,체신부,1,N,1310377
1985,201003403969,000000000025,한국전기통신공사협회 제15회 정기총회 25,체신부,1,N,1310377
1985,201205224462,000000000010,1986년도 제5차 산업정책심의회의 결과통보,재정경제부 세제실 관세국 산업관세과,1,N,1310377
1985,201305609438,000000000013,산업합리화추진에 따른 근로자보호를 위한 산업정책심의회안건 보고,노동부 근로기준국 근로기준과,1,N,1310377
1985,201305781223,000000000001,한국전기통신공사에 대한 국유 재산 현물출자,재정경제부 국고국 국유재산과,1,N,1310377
1985,201305784935,000000000013,제4회 경제사회구조조정사업추진계획(안)(산업정책심의회)(의안번호제9호),재무부 이재국 산업금융과,1,N,1310377
1985,201405983490,000000000024,과학지식- 기묘한 반도체,중국 연변대학(延邊大學),2,N,1310377
1985,201406299484,000000000002,1985 특정연구개발사업 추진,농촌진흥청 국립농업과학원 농업유전자원센터,1,N,1310377
1985,201406299484,000000000005,1985특정연구개발사업 중간보고서 평가결과 통보,농촌진흥청 국립농업과학원 농업유전자원센터,3,N,1310377
1985,201406299484,000000000007,1986특정연구개발사업 중간보고서 평가결과 통보,농촌진흥청 국립농업과학원 농업유전자원센터,1,N,1310377
1985,201406299484,000000000008,1986특정연구개발사업 최종평가 결과 통보,농촌진흥청 국립농업과학원 농업유전자원센터,3,N,1310377
1985,201406299485,000000000004,1985 특정연구개발사업비 집행,농촌진흥청 국립농업과학원 농업유전자원센터,1,N,1310377
1985,201808716401,000000000002,반도체 수입규제 움직임,외무부 경제국 통상정책과,1,N,1310377
1985,202010192353,000000000001,1985년도 제2회 기술진흥확대회의개최(보도자료),과학기술처 기술정책실 기술진흥담당관,1,N,1310377
1985,202010192680,000000000001,한국컴퓨터연구조합 설립허가,과학기술처 연구개발조정실 전기전자연구조정관,3,N,1310377
1985,202110467898,000000000008,반도체소자 제조업 설비에 대한 관셰경감율 조정건,재정경제부 세제실 관세국 관세제도과,1,N,1310377
1985,202211029415,000000000002,"1. 한국전기통신공사/쿠웨이트 체신부간 전기통신분야 기술협력 각서, 1985",외무부 국제기구조약국 조약과,1,N,1310377
1985,202211029415,000000000003,"2. 한국전기통신공사/헝가리 PTT 중앙주관청간 전기통신분야 양해각서, 1989",외무부 국제기구조약국 조약과,1,N,1310377
1985,202411434996,000000000001,1985년도 제2차 산업정책심의회 결과통보,재정경제부 경제정책국 정책조정과,1,N,1310377
1985,202411434996,000000000002,1985년도 국민투자기금 조달 및 운용계획 변경(안) 산업정책심의회 부의,재정경제부 경제정책국 정책조정과,1,N,1310377
1985,202411434997,000000000001,1985년도 제5차 산업정책심의회 결과 통보,재정경제부 경제정책국 정책조정과,1,N,1310377
1985,202411434998,000000000001,1985년도 제1차 산업정책심의회 결과통보,재정경제부 경제정책국 정책조정과,1,N,1310377
1985,202411434998,000000000002,1985년도 제1차 산업정책심의회 개최(전언통신문),재정경제부 경제정책국 정책조정과,1,N,1310377
1985,202411434998,000000000004,산업정책심의회 안건 상정,재정경제부 경제정책국 정책조정과,1,N,1310377
1985,202411434999,000000000001,제10차 산업정책심의회 결과통보,재정경제부 경제정책국 정책조정과,1,N,1310377
1985,202411435000,000000000001,제11차 산업정책심의회 결과통보,재정경제부 경제정책국 정책조정과,1,N,1310377
1985,202411435000,000000000003,1986년도 한국산업은행 업무 계획(안) 산업정책심의회 부의 요청,재정경제부 경제정책국 정책조정과,1,N,1310377
1985,202411435001,000000000001,1985년도 제7차 산업정책심의회 결과통보,재정경제부 경제정책국 정책조정과,2,N,1310377
1985,202411435001,000000000002,1985년도 제7차 산업정책심의회 개최(전언통신문),재정경제부 경제정책국 정책조정과,2,N,1310377
1985,202411435002,000000000001,제9차 산업정책심의회 결과통보,재정경제부 경제정책국 정책조정과,1,N,1310377
1985,202411435002,000000000002,1985년도 제9차 산업정책심의회 개최(전언통신문),재정경제부 경제정책국 정책조정과,1,N,1310377
1985,202411435004,000000000001,제4차 산업정책심의회 결과통보,재정경제부 경제정책국 정책조정과,1,N,1310377
1985,202411435005,000000000001,제3차 산업정책심의회 결과통보,재정경제부 경제정책국 정책조정과,1,N,1310377
1985,202411435007,000000000001,1985년도 제6차 산업정책심의회 결과통보,재정경제부 경제정책국 정책조정과,2,N,1310377
1985,202411435007,000000000002,1985년도 제6차 산업정책심의회 개최(전언통신문),재정경제부 경제정책국 정책조정과,2,N,1310377
1986,200041042736,000000000001,"반도체용 고순도약품,가스의 기술동향",산업연구원(KIET),1,Y,1310377
1986,200041070538,000000000001,"반도체용 고순도약품,가스의 기술동향",산업연구원,1,Y,1310377
1986,200200006100,000000000001,전두환대통령기술진흥확대회의참석자와악수1,공보처 홍보국 사진담당관,1,Y,1310377
1986,200200006100,000000000002,전두환대통령기술진흥확대회의참석자와악수2,공보처 홍보국 사진담당관,1,Y,1310377
1986,200200006100,000000000003,전두환대통령기술진흥확대회의참석자와악수3,공보처 홍보국 사진담당관,1,Y,1310377
1986,200200006100,000000000004,전두환대통령기술진흥확대회의참석자와악수4,공보처 홍보국 사진담당관,1,Y,1310377
1986,200200006100,000000000006,전두환대통령기술진흥확대회의주재,공보처 홍보국 사진담당관,1,Y,1310377
1986,200200006104,000000000001,전두환대통령기술진흥확대회의포상자와오찬,공보처 홍보국 사진담당관,1,Y,1310377
1986,200200011952,000000000001,전두환대통령기술진흥확대회의주재1,공보처 홍보국 사진담당관,1,Y,1310377
1986,200200011952,000000000002,전두환대통령기술진흥확대회의에서유공자훈포장1,공보처 홍보국 사진담당관,1,Y,1310377
1986,200200011952,000000000003,전두환대통령기술진흥확대회의참석자와오찬참석,공보처 홍보국 사진담당관,1,Y,1310377
1986,200200011952,000000000004,전두환대통령기술진흥확대회의에서유공자훈포장2,공보처 홍보국 사진담당관,1,Y,1310377
1986,200200011952,000000000005,전두환대통령기술진흥확대회의에서유공자훈포장3,공보처 홍보국 사진담당관,1,Y,1310377
1986,200200011952,000000000006,전두환대통령기술진흥확대회의에서유공자훈포장후악수1,공보처 홍보국 사진담당관,1,Y,1310377
1986,200200011952,000000000007,전두환대통령기술진흥확대회의에서유공자훈포장4,공보처 홍보국 사진담당관,1,Y,1310377
1986,200200011952,000000000008,전두환대통령기술진흥확대회의에서유공자훈포장후악수2,공보처 홍보국 사진담당관,1,Y,1310377
1986,200200011952,000000000009,전두환대통령기술진흥확대회의에서유공자훈포장후악수3,공보처 홍보국 사진담당관,1,Y,1310377
1986,200200011952,000000000010,전두환대통령기술진흥확대회의에서유공자훈포장후악수4,공보처 홍보국 사진담당관,1,Y,1310377
1986,200200011952,000000000011,전두환대통령기술진흥확대회의에서유공자훈포장후악수5,공보처 홍보국 사진담당관,1,Y,1310377
1986,200200011952,000000000012,전두환대통령기술진흥확대회의에서유공자훈포장후악수6,공보처 홍보국 사진담당관,1,Y,1310377
1986,200200039239,000000000005,과학기술의혁신(금성반도체),국립영화제작소,1,Y,1310377
1986,200200039250,000000000005,반도체신소재개발(풍산금속),국립영화제작소,1,Y,1310377
1986,200200084926,000000000001,전두환대통령기술진흥확대회의주재,공보처 홍보국 사진담당관,1,Y,1310377
1986,200200084926,000000000002,전두환대통령기술진흥확대회의에서기술개발유공자들을포상,공보처 홍보국 사진담당관,1,Y,1310377
1986,200300123373,000000000009,한국전기통신공사법시행령개정령안,재정경제원 기획관리실 법무담당관,1,Y,1310377
1986,200300123381,000000000012,산업기술연구조합육성법시행령안,재정경제원 기획관리실 법무담당관,1,Y,1310377
1986,200300824158,000000000006,공공시설(한국전기통신공사분기국사)입지승인,충청북도 건설국 도시과,1,N,1310377
1986,200300824158,000000000008,공공시설(한국전기통신공사분기국사)입지승인,충청북도 건설국 도시과,1,N,1310377
1986,200300824158,000000000010,공공시설(한국전기통신공사분기국사)입지승인,충청북도 건설국 도시과,1,N,1310377
1986,200300840112,000000000033,한국전기통신공사법 개정법률 공포안(제18회),총무처 의정국 의사과,1,Y,1310377
1986,200300840112,000000000046,산업기술연구조합육성법 공포안(제18회),총무처 의정국 의사과,1,Y,1310377
1986,200300840113,000000000003,산업정책심의회규정중개정령안(제186호),총무처 의정국 의사과,2,N,1310377
1986,200300840124,000000000027,한국전기통신공사법시행령개정령안(제573호),총무처 의정국 의사과,2,N,1310377
1986,200300840496,000000000180,한국전기통신공사법 개정법률 공포안(제18회),총무처 의정국 의사과,1,N,1310377
1986,200300840496,000000000193,산업기술연구조합육성법 공포안(제18회),총무처 의정국 의사과,1,N,1310377
1986,200300840496,000000000202,산업정책심의회규정중 개정령안(제19회),총무처 의정국 의사과,1,N,1310377
1986,200300840498,000000000284,한국전기통신공사법시행령개정령안(제50회),총무처 의정국 의사과,1,N,1310377
1986,200300840605,000000000131,산업정책심의회규정중 개정령안(제18회),총무처 의정국 의사과,1,N,1310377
1986,200300840605,000000000520,한국전기통신공사법시행령 개정령안(제46회),총무처 의정국 의사과,1,N,1310377
1986,200300884452,000000000003,금성반도체(주)ASIAN휘장사용료정산,서울올림픽대회 조직위원회,1,N,1310377
1986,200300885005,000000000001,금성반도체(주)ASIAN휘장사용료정산,서울올림픽대회 조직위원회,1,N,1310377
1986,200300885192,000000000024,86서울아시아경기대회및88서울올림픽대회통신지원업무에관한서울올림픽대회조직위원회와한국전기통신공사간의세부약정서(안),서울올림픽대회 조직위원회,1,N,1310377
1986,200300885249,000000000018,86기념주화기념메달인수(한국전기통신공사),서울올림픽대회 조직위원회,1,N,1310377
1986,200301060503,000000000062,전신전화취급업무에관한사항(한국전기통신공사공시제85-24호),총무처 법무담당관,1,Y,1310377
1986,200301060505,000000000040,인접통화권설정(한국전기통신공사공시제85-22호중정정),총무처 법무담당관,1,Y,1310377
1986,200301060508,000000000046,전화사용요금조정(한국전기통신공사공시제86-1호),총무처 법무담당관,1,Y,1310377
1986,200301060508,000000000047,전화가입구역급지변경(한국전기통신공사부산지사공시제47호),총무처 법무담당관,1,Y,1310377
1986,200301060513,000000000031,한-Kuwait간국제사진전보업무취급지역확장및적용요금협정(한국전기통신공사공시86-2),총무처 법무담당관,1,Y,1310377
1986,200301060514,000000000037,무선호출요금(한국전기통신공사공시제86-3호),총무처 법무담당관,1,Y,1310377
1986,200301060514,000000000038,전화가입구역급지변경(한국전기통신공사대구지사공시제86-2호),총무처 법무담당관,1,Y,1310377
1986,200301060528,000000000047,일반가입전화이용규정중개정규정(한국전기통신공사공시제86-5호),총무처 법무담당관,1,Y,1310377
1986,200301060535,000000000030,한국전기통신공사대구지사공시제5호,총무처 법무담당관,1,Y,1310377
1986,200301060545,000000000058,전화가입구역급지변경과전화업무취급국종류변경(한국전기통신공사서울지사공시제5호),총무처 법무담당관,1,Y,1310377
1986,200301060548,000000000038,전화가입구역급지변경(한국전기통신공사전북지사공시제3호),총무처 법무담당관,1,Y,1310377
1986,200301060565,000000000049,전화가입구역급지변경(한국전기통신공사강원지사공시제40호),총무처 법무담당관,1,Y,1310377
1986,200301060579,000000000059,이용규정개정(한국전기통신공사시제86-7호),총무처 법무담당관,1,Y,1310377
1986,200301060579,000000000060,전화가입구역급지변경과전화업무취급국종류변경(한국전기통신공사대구지사공시제9호),총무처 법무담당관,1,Y,1310377
1986,200301060589,000000000024,전화가입구역급지변경(한국전기통신공사부산지사공시제14호),총무처 법무담당관,1,Y,1310377
1986,200301060589,000000000025,전화가입구역급지변경(한국전기통신공사전북지사공시제12호),총무처 법무담당관,1,Y,1310377
1986,200301060593,000000000034,전화가입구역급지변경및전화업무취급국종류변경(한국전기통신공사대구지사공시제15호),총무처 법무담당관,1,Y,1310377
1986,200301060604,000000000040,한.미WUTCO간국제전보및텔렉스직통업무개설및적용요금(한국전기통신공사공시제86-9호),총무처 법무담당관,1,Y,1310377
1986,200301060604,000000000041,가입구역급지변경및전신전화취급국종류변경(한국전기통신공사충청지사공시제5호),총무처 법무담당관,1,Y,1310377
1986,200301060605,000000000050,한-뉴질랜드간국제모사전보(FAX)업무확장및적용요금(한국전기통신공사공시제86-10호),총무처 법무담당관,1,Y,1310377
1986,200301060605,000000000051,가입구역급지변경및전신전화취급국종류변경(한국전기통신공사충청지사공시제6호),총무처 법무담당관,1,Y,1310377
1986,200301060605,000000000052,전화가입구역급지변경(한국전기통신공사전남지사공시제221호),총무처 법무담당관,1,Y,1310377
1986,200301060606,000000000072,한국전기통신공사법개정법률(법률제3847호),총무처 법무담당관,1,Y,1310377
1986,200301060606,000000000076,"산업기술연구조합육성법(법률제3851호)-법률제3851호부칙에의하여개정된법률,기술개발",총무처 법무담당관,1,Y,1310377
1986,200301060610,000000000041,전화가입구역급지변경(한국전기통신공사부산지사공시제16호),총무처 법무담당관,1,Y,1310377
1986,200301060610,000000000042,산업정책심의회규정중개정령(대통령령제11902호),총무처 법무담당관,1,Y,1310377
1986,200301060613,000000000064,가입구역급지변경과전화업무취급국종류변경(한국전기통신공사서울지사공시제23호),총무처 법무담당관,1,Y,1310377
1986,200301060627,000000000045,전화가입자가설치할수있는특수장치공시(한국전기통신공사공시제86-11호),총무처 법무담당관,1,Y,1310377
1986,200301060635,000000000054,가입구역급지변경(한국전기통신공사강원지사공시제47호),총무처 법무담당관,1,Y,1310377
1986,200301060638,000000000043,전화가입구역급지변경(한국전기통신공사부산지사공사제19호),총무처 법무담당관,1,Y,1310377
1986,200301060638,000000000044,가입구역급지변경및전신전화취급국종류변경(한국전기통신공사충청지사공시제11호),총무처 법무담당관,1,Y,1310377
1986,200301060641,000000000043,가입구역급지변경과전화업무취급국종류변경(한국전기통신공사서울지사공시제31호),총무처 법무담당관,1,Y,1310377
1986,200301060642,000000000060,전화가입구역급지변경(한국전기통신공사전남지사공시제224호),총무처 법무담당관,1,Y,1310377
1986,200301060650,000000000066,전화급회선의전송품질과전기통신망의세부품질기준외10건(한국전기통신공사공시제86-12,총무처 법무담당관,1,Y,1310377
1986,200301060656,000000000044,전화가입구역급지변경(한국전기통신공사충청지사공시제13호),총무처 법무담당관,1,Y,1310377
1986,200301060661,000000000044,전화가입구역급지변경(한국전기통신공사전남지사공시제226호),총무처 법무담당관,1,Y,1310377
1986,200301060666,000000000043,가입구역급지변경및전신전화취급국의종류변경(한국전기통신공사충청지사공시제15호),총무처 법무담당관,1,Y,1310377
1986,200301060668,000000000058,가입구역급지변경및전화업무취급국종류변경(한국전기통신공사제주전신전화국공시제50),총무처 법무담당관,1,Y,1310377
1986,200301060670,000000000039,전화가입구역금지변경및전화업무취급국종류변경(한국전기통신공사대구지사공시제24호),총무처 법무담당관,1,Y,1310377
1986,200301060674,000000000060,국제전기통신요금(한국전기통신공사공시제86-23호),총무처 법무담당관,1,Y,1310377
1986,200301060674,000000000061,전화가입구역급지변경(한국전기통신공사강원지사공시제53호),총무처 법무담당관,1,Y,1310377
1986,200301060684,000000000037,전화가입구역급지변경(한국전기통신공사대구지사공시제27호),총무처 법무담당관,1,Y,1310377
1986,200301060686,000000000041,카드식공중전화카드위탁판매업무수수료율(한국전기통신공사공시제86-24호),총무처 법무담당관,1,Y,1310377
1986,200301060690,000000000036,전화가입구역급지변경(한국전기통신공사부산지사공시제26호),총무처 법무담당관,1,Y,1310377
1986,200301060690,000000000037,전화가입구역급지변경및전화업무취급국종류변경(한국전기통신공사대구지사공시제28호),총무처 법무담당관,1,Y,1310377
1986,200301060690,000000000038,전화가입구역급지변경(한국전기통신공사전북지사공시제23호),총무처 법무담당관,1,Y,1310377
1986,200301060691,000000000039,전화가입구역급지변경(한국전기통신공사전남지사공시제228호),총무처 법무담당관,1,Y,1310377
1986,200301060695,000000000061,전화가입구역급지변경(한국전기통신공사강원지사공시제55호),총무처 법무담당관,1,Y,1310377
1986,200301060702,000000000048,전화사서함서비스시험적제공(한국전기통신공사공시제86-25호),총무처 법무담당관,1,Y,1310377
1986,200301060703,000000000047,전화가입구역급지변경(한국전기통신공사전남지사공시제230호),총무처 법무담당관,1,Y,1310377
1986,200301060706,000000000063,전화가입구역급지및전화업무취급국종류변경(한국전기통신공사대구지사공시제29호),총무처 법무담당관,1,Y,1310377
1986,200301060711,000000000051,가입구역급지변경(한국전기통신공사충청지사공시제19호),총무처 법무담당관,1,Y,1310377
1986,200301060715,000000000041,전화가입구역급지변경(한국전기통신공사전남지사공시제233호),총무처 법무담당관,1,Y,1310377
1986,200301060717,000000000072,전화가입구역급지변경(한국전기통신공사전북지사공시제31호),총무처 법무담당관,1,Y,1310377
1986,200301060718,000000000045,한국-포클랜드<Falkland ls>간국제전화업무개설(한국전기통신공사공시제86-26호),총무처 법무담당관,1,Y,1310377
1986,200301060718,000000000046,WUTCO중계한-미국간국제서신전보업무시행령및적용협정(한국전기통신공사공시제86-27호,총무처 법무담당관,1,Y,1310377
1986,200301060718,000000000047,카드사용공중전화카드위탁판매소설치(한국전기통신공사서울지사공시제42호),총무처 법무담당관,1,Y,1310377
1986,200301060719,000000000045,전화가입구역급지및취급국종류변경(한국전기통신공사대구지사공시제31호),총무처 법무담당관,1,Y,1310377
1986,200301060719,000000000046,전화가입구역급지변경(한국전기통신공사강원지사공시제58호),총무처 법무담당관,1,Y,1310377
1986,200301060720,000000000066,가입구역급지변경과전화업무취급국종류변경(한국전기통신공사서울지사공시제44호),총무처 법무담당관,1,Y,1310377
1986,200301060728,000000000039,소통순로및적용요금착신지역정정공시(한국전기통신공사공시제86-28호),총무처 법무담당관,1,Y,1310377
1986,200301060739,000000000055,무선호출가입지역(한국전기통신공사대구지사공시제35호),총무처 법무담당관,1,Y,1310377
1986,200301060739,000000000056,무선호출가입지역지정(한국전기통신공사전남지사공시제296호),총무처 법무담당관,1,Y,1310377
1986,200301060744,000000000050,가입구역급지변경과전화업무취급국종류변경(한국전기통신공사서울지사공시제52호),총무처 법무담당관,1,Y,1310377
1986,200301060749,000000000035,전화가입구역지변경(한국전기통신공사부산지사공시제34호),총무처 법무담당관,1,Y,1310377
1986,200301060752,000000000047,집단전화및내부통화장치부가사용료(한국전기통신공사공시제86-29호),총무처 법무담당관,1,Y,1310377
1986,200301060757,000000000046,카드공중전화위탁판매소(한국전기통신공사서울지사공시제56호),총무처 법무담당관,1,Y,1310377
1986,200301060759,000000000036,전화가입구역급지변경(한국전기통신공사강원지사공시제66호),총무처 법무담당관,1,Y,1310377
1986,200301060763,000000000030,전화가입구역급지변경(한국전기통신공사강원지사공시제68호),총무처 법무담당관,1,Y,1310377
1986,200301060767,000000000035,가입구역급지변경과전화업무취급국종류변경(한국전기통신공사서울지사공시제60호),총무처 법무담당관,1,Y,1310377
1986,200301060767,000000000036,카드공중전화카드위탁판매소(한국전기통신공사서울지사공시제59호),총무처 법무담당관,1,Y,1310377
1986,200301060767,000000000037,전화가입구역급지변경(한국전기통신공사전남지사공시제238호),총무처 법무담당관,1,Y,1310377
1986,200301060773,000000000049,공중전화의전화기및통화실의유지보수와집금에관한업(한국전기통신공사공시제86-30호),총무처 법무담당관,1,Y,1310377
1986,200301060775,000000000046,모사전보취급하는전기통신업무취급국과전송구간(한국전기통신공사공시제86-31호),총무처 법무담당관,1,Y,1310377
1986,200301060777,000000000058,한국전기통신공사법시행령개정령(대통령령제12005호),총무처 법무담당관,1,Y,1310377
1986,200301060790,000000000060,한-스페인<Spain>간국제모사전보확장취급및적용요금(한국전기통신공사공시제86-32호),총무처 법무담당관,1,Y,1310377
1986,200301060790,000000000061,전화가입구역급지변경(한국전기통신공사서울지사공시제64호),총무처 법무담당관,1,Y,1310377
1986,200301060790,000000000062,전화가입구역급지변경(한국전기통신공사강원지사공시제71호),총무처 법무담당관,1,Y,1310377
1986,200301060792,000000000057,전화시보제확대공급지역(한국전기통신공사공시제86-33호),총무처 법무담당관,1,Y,1310377
1986,200301060792,000000000058,전화가입구역급지변경(한국전기통신공사충청지사공시제22호),총무처 법무담당관,1,Y,1310377
1986,200301060796,000000000065,구내교환설비업무위탁(한국전기통신공사공시제86-35호),총무처 법무담당관,1,Y,1310377
1986,200301060796,000000000066,한-터키<Turkey>간국제모사전보업무화장및적용요금(한국전기통신공사공시제86-34호),총무처 법무담당관,1,Y,1310377
1986,200301060797,000000000059,카드공중전화카드위탁판매소(한국전기통신공사서울지사공시제62호),총무처 법무담당관,1,Y,1310377
1986,200301060797,000000000154,공업기반기술개발사업운영요령(상공부고시제86-42호),총무처 법무담당관,1,Y,1310377
1986,200301060797,000000000156,1987년도공업기반기술개발사업시행계획(상공부공고제86-65호),총무처 법무담당관,1,Y,1310377
1986,200302955490,000000000027,1986년도 산업정책심의회의 운용계획,노동부 직업훈련국 훈련기획과,1,N,1310377
1986,200302955588,000000000010,한국전기통신공사법 시행령중 개정(안)에 대한 의견통보,노동부 직업훈련국 사업내훈련과,1,N,1310377
1986,200500003715,000000000001,1986년 제1회 기술진흥확대회의 참석 지시말씀,대통령비서실,1,N,1741077
1986,200600046328,000000000004,1986년도제8차산업정책심의회결과통보,건설교통부 건설경제심의관 해외건설.협력담당관,1,N,1310377
1986,200600046328,000000000005,1986년도산업정책심의회회의결과통보,건설교통부 건설경제심의관 해외건설.협력담당관,1,N,1310377
1986,200700018251,000000000002,한국전기통신공사법시행령중개정령안,법제처 사회문화법제국,1,N,1310377
1986,200701447646,000000000008,산업정책심의회결과통보,건설교통부 국토정책국 입지계획과,1,N,1310377
1986,200701447646,000000000009,산업정책심의회안건(공업입지관계법)의견제출,건설교통부 국토정책국 입지계획과,1,N,1310377
1986,200701447646,000000000010,1987년도제9차산업정책심의회결과통보,건설교통부 국토정책국 입지계획과,1,N,1310377
1986,200801799715,000000000001,건축허가(통보)(한국전기통신공사부산지사장),부산광역시 기장군 건축과,1,N,1310377
1986,200802060497,000000000006,1986년도 제7차 산업정책심의회 개최,산업자원부 산업정책본부 산업정책관 산업정책팀,1,N,1310377
1986,200802060499,000000000003,산업정책심의회 안건상정 요청,산업자원부 산업정책본부 산업정책관 산업정책팀,3,N,1310377
1986,200802073978,000000000003,산업기술 연구조합 허가사항 변경 보고,과학기술처 기술진흥국 기술지원과,1,N,1310377
1986,200802073978,000000000006,산업기술연구조합 설립인가서 재교부,과학기술처 기술진흥국 기술지원과,1,N,1310377
1986,200802073978,000000000009,산업기술연구조합 인가서 재발급,과학기술처 기술진흥국 기술지원과,1,N,1310377
1986,200802073978,000000000011,산업기술연구조합 설립인가서 재발급,과학기술처 기술진흥국 기술지원과,1,N,1310377
1986,200802073978,000000000014,산업기술연구조합 설립인가서 재발급,과학기술처 기술진흥국 기술지원과,1,N,1310377
1986,200802073978,000000000021,산업기술연구조합 설립인가서 재교부,과학기술처 기술진흥국 기술지원과,1,N,1310377
1986,200802073978,000000000023,산업기술연구조합 설립인가서 재발급,과학기술처 기술진흥국 기술지원과,1,N,1310377
1986,200802073979,000000000001,산업기술연구조합허가사항변경신고서 제출,과학기술처 기술진흥국 기술지원과,1,N,1310377
1986,200802073979,000000000002,산업기술연구조합허가사항변경신고서제출,과학기술처 기술진흥국 기술지원과,1,N,1310377
1986,200802073979,000000000005,산업기술연구조합허가사항변경신고서제출,과학기술처 기술진흥국 기술지원과,1,N,1310377
1986,200802073979,000000000006,산업기술연구조합 설립인가서 재교부,과학기술처 기술진흥국 기술지원과,1,N,1310377
1986,200802073979,000000000008,산업기술연구조합 허가사항 변경신고서 제출,과학기술처 기술진흥국 기술지원과,1,N,1310377
1986,200802073979,000000000009,산업기술 연구조합 허가사항 변경신고서 제출,과학기술처 기술진흥국 기술지원과,1,N,1310377
1986,200802073979,000000000011,산업기술 연구조합 허가사항 변경신고서 제출,과학기술처 기술진흥국 기술지원과,1,N,1310377
1986,200802073979,000000000015,산업기술 연구조합 허가 사항 변경 신고서 제출,과학기술처 기술진흥국 기술지원과,1,N,1310377
1986,200802073979,000000000016,산업기술 연구조합 변경 사항 제출,과학기술처 기술진흥국 기술지원과,1,N,1310377
1986,200802073979,000000000017,산업기술연구조합 변경사항제출,과학기술처 기술진흥국 기술지원과,1,N,1310377
1986,200802073979,000000000018,산업기술연구조합 변경사항제출,과학기술처 기술진흥국 기술지원과,1,N,1310377
1986,200802073979,000000000020,산업기술연구조합 임원재선임 및 법원등기 완료보고,과학기술처 기술진흥국 기술지원과,1,N,1310377
1986,200802073979,000000000021,산업기술연구조합 설립인가서 재교부,과학기술처 기술진흥국 기술지원과,1,N,1310377
1986,200802073980,000000000001,산업기술연구조합 허가사항 변경신고,과학기술처 기술진흥국 기술지원과,1,N,1310377
1986,200802073980,000000000005,산업기술연구조합 설립인가서 재교부,과학기술처 기술진흥국 기술지원과,1,N,1310377
1986,200802073980,000000000008,산업기술연구조합 허가사항 변경 신고,과학기술처 기술진흥국 기술지원과,1,N,1310377
1986,200802073980,000000000009,산업기술연구조합 허가사항 변경 신고,과학기술처 기술진흥국 기술지원과,1,N,1310377
1986,200802073980,000000000011,산업기술연구조합 설립인가서 재발급,과학기술처 기술진흥국 기술지원과,1,N,1310377
1986,200802073980,000000000012,산업기술연구조합 허가사항 변경신고,과학기술처 기술진흥국 기술지원과,1,N,1310377
1986,200802073980,000000000016,산업기술연구조합 정관변경 승인,과학기술처 기술진흥국 기술지원과,1,N,1310377
1986,200802073980,000000000017,산업기술연구조합 설립인가서 갱신교부,과학기술처 기술진흥국 기술지원과,1,N,1310377
1986,200802073980,000000000018,산업기술연구조합 허가 사항 변경신고,과학기술처 기술진흥국 기술지원과,1,N,1310377
1986,200802073980,000000000022,산업기술연구조합 허가 사항 변경신고,과학기술처 기술진흥국 기술지원과,1,N,1310377
1986,200802073980,000000000027,산업기술연구조합 설립인가 취소,과학기술처 기술진흥국 기술지원과,1,N,1310377
1986,200802073981,000000000003,산업기술연구조합 허가사항 변경신고서,과학기술처 기술진흥국 기술지원과,1,N,1310377
1986,200802073981,000000000004,산업기술연구조합 허가사항 변경신고서 제출.,과학기술처 기술진흥국 기술지원과,1,N,1310377
1986,200802073981,000000000007,산업기술연구조합 설립인가서 재교부,과학기술처 기술진흥국 기술지원과,1,N,1310377
1986,200802073981,000000000008,산업기술연구조합 (허가장) 제출,과학기술처 기술진흥국 기술지원과,1,N,1310377
1986,200802076060,000000000007,기술진흥확대회의시 대통령각하 말씀 송부,과학기술부 과학기술정책국 종합기획과,1,N,1310377
1986,200902281642,000000000001,한국신약개발연구조합 정관변경 인가신청,과학기술부 과학기술정책국 기술지원과,1,N,1310377
1986,200902281642,000000000002,산업기술연구조합 설립인가서 재교부,과학기술부 과학기술정책국 기술지원과,1,N,1310377
1986,200902281642,000000000006,산업기술연구조합 설립인가서 갱신 교부,과학기술부 과학기술정책국 기술지원과,1,N,1310377
1986,200902281642,000000000007,산업기술연구조합 정관변경 인가,과학기술부 과학기술정책국 기술지원과,1,N,1310377
1986,200902336750,000000000001,산업 합리화 지수 기준(안)-산업정책심의회안건,금융위원회,1,N,1310377
1986,200902434091,000000000009,특정연구개발사업최종보고서평가의위원위촉및회의개최,건설부 주택국 기술지도과,1,N,1310377
1986,200902546905,000000000002,1986년도 제8차 산업정책심의회 결과 통보,재무부 이재국 산업금융과,1,N,1310377
1986,200902546907,000000000004,1986년도 제8차 산업정책심의회 결과 통보,재무부 이재국 산업금융과,1,N,1310377
1986,201002999281,000000000011,1986년도 제1차 산업정책심의회 결과 통보,국토해양부,3,N,1310377
1986,201002999281,000000000024,산업정책심의회 안건상정,국토해양부,1,N,1310377
1986,201002999281,000000000025,산업정책심의회 안건상정,국토해양부,3,N,1310377
1986,201002999283,000000000004,산업정책심의회 안건상정,국토해양부,1,N,1310377
1986,201002999283,000000000005,산업정책심의회 안건상정,국토해양부,1,N,1310377
1986,201003156610,000000000013,1986년도제10차산업정책심의회결과통보,재정경제부 세제실 관세국 산업관세과,2,N,1310377
1986,201003156692,000000000001,산업정책심의회안건,재정경제부 경제정책국 정책조정과,1,N,1310377
1986,201003156692,000000000002,산업정책심의회상정안건제출,재정경제부 경제정책국 정책조정과,1,N,1310377
1986,201003156692,000000000003,1987년도제1차산업정책심의회개최,재정경제부 경제정책국 정책조정과,1,N,1310377
1986,201003156692,000000000004,1987년도제1차산업정책심의회결과통보,재정경제부 경제정책국 정책조정과,1,N,1310377
1986,201003156692,000000000006,1987년도제2차산업정책심의회개최,재정경제부 경제정책국 정책조정과,1,N,1310377
1986,201003156692,000000000007,1987년도제2차산업정책심의회결과통보,재정경제부 경제정책국 정책조정과,1,N,1310377
1986,201003156692,000000000008,산업정책심의회안건상정,재정경제부 경제정책국 정책조정과,3,N,1310377
1986,201003156692,000000000009,1987년도제3차산업정책심의회개최,재정경제부 경제정책국 정책조정과,1,N,1310377
1986,201003156692,000000000010,부실기업주에대한제재지침(안)산업정책심의회보고,재정경제부 경제정책국 정책조정과,1,N,1310377
1986,201003156692,000000000011,산업정책심의회안건,재정경제부 경제정책국 정책조정과,1,N,1310377
1986,201003156692,000000000012,산업정책심의회안건상정의뢰,재정경제부 경제정책국 정책조정과,1,N,1310377
1986,201003156692,000000000013,1987년도제3차산업정책심의회결과통보,재정경제부 경제정책국 정책조정과,1,N,1310377
1986,201003156692,000000000016,산업정책심의회안건상정협조요청,재정경제부 경제정책국 정책조정과,1,N,1310377
1986,201003156692,000000000017,1987년도제4차산업정책심의회개최,재정경제부 경제정책국 정책조정과,1,N,1310377
1986,201003156692,000000000019,1987년도제4차산업정책심의회결과통보,재정경제부 경제정책국 정책조정과,1,N,1310377
1986,201003196489,000000000006,기술료의시험연구비계상에관한질의,국세청 국제조세관리관 국제세원관리담당관,3,N,1310377
1986,201003196497,000000000005,기술료(착수금)의세무회계처리방법,국세청 국제조세관리관 국제세원관리담당관,3,N,1310377
1986,201003404145,000000000001,한국전기통신공사 연두순시 01,체신부,1,N,1310377
1986,201003404145,000000000002,한국전기통신공사 연두순시 02,체신부,1,N,1310377
1986,201003404145,000000000003,한국전기통신공사 연두순시 03,체신부,1,N,1310377
1986,201003404145,000000000004,한국전기통신공사 연두순시 04,체신부,1,N,1310377
1986,201003404145,000000000005,한국전기통신공사 연두순시 05,체신부,1,N,1310377
1986,201003404145,000000000006,한국전기통신공사 연두순시 06,체신부,1,N,1310377
1986,201003404145,000000000007,한국전기통신공사 연두순시 07,체신부,1,N,1310377
1986,201003404145,000000000008,한국전기통신공사 연두순시 08,체신부,1,N,1310377
1986,201003404145,000000000009,한국전기통신공사 연두순시 09,체신부,1,N,1310377
1986,201003404145,000000000010,한국전기통신공사 연두순시 10,체신부,1,N,1310377
1986,201003404145,000000000011,한국전기통신공사 연두순시 11,체신부,1,N,1310377
1986,201003404145,000000000012,한국전기통신공사 연두순시 12,체신부,1,N,1310377
1986,201003404145,000000000013,한국전기통신공사 연두순시 13,체신부,1,N,1310377
1986,201003404145,000000000014,한국전기통신공사 연두순시 14,체신부,1,N,1310377
1986,201003404145,000000000015,한국전기통신공사 연두순시 15,체신부,1,N,1310377
1986,201003404145,000000000016,한국전기통신공사 연두순시 16,체신부,1,N,1310377
1986,201003404145,000000000017,한국전기통신공사 연두순시 17,체신부,1,N,1310377
1986,201003404225,000000000001,한국전기통신공사협회 정기총회 01,체신부,1,N,1310377
1986,201003404225,000000000002,한국전기통신공사협회 정기총회 02,체신부,1,N,1310377
1986,201003404225,000000000003,한국전기통신공사협회 정기총회 03,체신부,1,N,1310377
1986,201003404225,000000000004,한국전기통신공사협회 정기총회 04,체신부,1,N,1310377
1986,201003404225,000000000005,한국전기통신공사협회 정기총회 05,체신부,1,N,1310377
1986,201003404225,000000000006,한국전기통신공사협회 정기총회 06,체신부,1,N,1310377
1986,201003404225,000000000007,한국전기통신공사협회 정기총회 07,체신부,1,N,1310377
1986,201003404225,000000000008,한국전기통신공사협회 정기총회 08,체신부,1,N,1310377
1986,201003404225,000000000009,한국전기통신공사협회 정기총회 09,체신부,1,N,1310377
1986,201003404225,000000000010,한국전기통신공사협회 정기총회 10,체신부,1,N,1310377
1986,201003404225,000000000011,한국전기통신공사협회 정기총회 11,체신부,1,N,1310377
1986,201003404225,000000000012,한국전기통신공사협회 정기총회 12,체신부,1,N,1310377
1986,201003404225,000000000013,한국전기통신공사협회 정기총회 13,체신부,1,N,1310377
1986,201003404225,000000000014,한국전기통신공사협회 정기총회 14,체신부,1,N,1310377
1986,201003404225,000000000015,한국전기통신공사협회 정기총회 15,체신부,1,N,1310377
1986,201003404225,000000000016,한국전기통신공사협회 정기총회 16,체신부,1,N,1310377
1986,201003404225,000000000017,한국전기통신공사협회 정기총회 17,체신부,1,N,1310377
1986,201003404225,000000000018,한국전기통신공사협회 정기총회 18,체신부,1,N,1310377
1986,201003404225,000000000019,한국전기통신공사협회 정기총회 19,체신부,1,N,1310377
1986,201003404379,000000000001,금성통신 및 반도체 시찰 01,체신부,1,N,1310377
1986,201003404379,000000000002,금성통신 및 반도체 시찰 02,체신부,1,N,1310377
1986,201003404379,000000000003,금성통신 및 반도체 시찰 03,체신부,1,N,1310377
1986,201003404379,000000000004,금성통신 및 반도체 시찰 04,체신부,1,N,1310377
1986,201003404379,000000000005,금성통신 및 반도체 시찰 05,체신부,1,N,1310377
1986,201003404379,000000000006,금성통신 및 반도체 시찰 06,체신부,1,N,1310377
1986,201003404379,000000000007,금성통신 및 반도체 시찰 07,체신부,1,N,1310377
1986,201003404379,000000000008,금성통신 및 반도체 시찰 08,체신부,1,N,1310377
1986,201003404379,000000000009,금성통신 및 반도체 시찰 09,체신부,1,N,1310377
1986,201003404379,000000000010,금성통신 및 반도체 시찰 10,체신부,1,N,1310377
1986,201003404379,000000000011,금성통신 및 반도체 시찰 11,체신부,1,N,1310377
1986,201003404379,000000000012,금성통신 및 반도체 시찰 12,체신부,1,N,1310377
1986,201003404379,000000000013,금성통신 및 반도체 시찰 13,체신부,1,N,1310377
1986,201003404379,000000000014,금성통신 및 반도체 시찰 14,체신부,1,N,1310377
1986,201003404379,000000000015,금성통신 및 반도체 시찰 15,체신부,1,N,1310377
1986,201003404379,000000000016,금성통신 및 반도체 시찰 16,체신부,1,N,1310377
1986,201003404379,000000000017,금성통신 및 반도체 시찰 17,체신부,1,N,1310377
1986,201305784937,000000000004,1987년도 제7차 산업정책심의회 결과통보,재무부 이재국 산업금융과,1,N,1310377
1986,201305787116,000000000002,산업정책심의회회의결과통보,재정경제부 금융정책국 은행제도과,1,N,1310377
1986,201305787117,000000000001,산업정책심의회결과통보,재정경제부 금융정책국 은행제도과,1,N,1310377
1986,201305878709,000000000003,수입인지 송부(한국전기통신공사 보급사무소),한국조폐공사,1,N,1310377
1986,201305904352,000000000003,산업정책심의회 안건 송부 및 예고문 변경,건설부,1,N,1310377
1986,201305904352,000000000005,1986년도 제3차 산업정책심의회 결과통보,건설부,1,N,1310377
1986,201506584729,000000000001,한국전기통신공사소관 지하매설물 매설기준 검토의뢰,건설교통부 수송정책실 도로정책과,1,N,1310377
1986,202010192681,000000000001,공기청정연구조합 법인등기 설립인가,과학기술처 연구개발조정실 전기전자연구조정관,1,N,1310377
1986,202010192681,000000000002,산업기술연구조합의 설립 인가,과학기술처 연구개발조정실 전기전자연구조정관,1,N,1310377
1986,202010192681,000000000003,산업기술연구조합의 설립인가 신청에 대한 사전협의,과학기술처 연구개발조정실 전기전자연구조정관,3,N,1310377
1986,202110467733,000000000002,제4차 산업정책심의회 결과통보,재정경제부 금융정책국 금융정책과,1,N,1310377
1986,202110467733,000000000003,86년도 제4차 산업정책심의회 결과 통보,재정경제부 금융정책국 금융정책과,1,N,1310377
1986,202110467865,000000000001,86년도 제8차 산업정책심의회 결과통보,재정경제부 금융정책국 금융정책과,1,N,1310377
1986,202110836057,000000000003,GATT 반도체 Panel 개최,외무부 경제국,1,N,1310377
1986,202411435008,000000000001,1986년도 제10차 산업정책심의회 결과통보,재정경제부 경제정책국 정책조정과,2,N,1310377
1986,202411435008,000000000003,산업정책심의회 상정 요청,재정경제부 경제정책국 정책조정과,2,N,1310377
1986,202411435009,000000000001,1986년도 제6차 산업정책심의회 결과 통보,재정경제부 경제정책국 정책조정과,1,N,1310377
1986,202411435009,000000000002,1986년도 제6차 산업정책심의회 개최(전언통신문),재정경제부 경제정책국 정책조정과,1,N,1310377
1986,202411435010,000000000001,1986년도 제11차 산업정책심의회 결과통보,재정경제부 경제정책국 정책조정과,2,N,1310377
1986,202411435010,000000000002,1986년도 제11차 산업정책심의회 개최,재정경제부 경제정책국 정책조정과,2,N,1310377
1986,202411435011,000000000002,1986년도 제9차 산업정책심의회 결과통보,재정경제부 경제정책국 정책조정과,2,N,1310377
1986,202411435011,000000000003,1986년 제9차 산업정책심의회 개최,재정경제부 경제정책국 정책조정과,2,N,1310377
1986,202411435012,000000000001,1986년도 제2차 산업정책심의회 결과통보,재정경제부 경제정책국 정책조정과,2,N,1310377
1986,202411435012,000000000003,산업정책심의회 의안 상정의뢰,재정경제부 경제정책국 정책조정과,2,N,1310377
1986,202411435012,000000000004,산업정책심의회 안건 상정,재정경제부 경제정책국 정책조정과,2,N,1310377
1986,202411435012,000000000005,1986년도 제2차 산업정책심의회 개최,재정경제부 경제정책국 정책조정과,2,N,1310377
1986,202411435012,000000000006,1986년도 제2차 산업정책심의회 개최(전언통신문),재정경제부 경제정책국 정책조정과,2,N,1310377
1986,202411435013,000000000001,1986년도 제5차 산업정책심의회 결과통보,재정경제부 경제정책국 정책조정과,2,N,1310377
1986,202411435013,000000000003,1986년도 제5차 산업정책심의회 개최,재정경제부 경제정책국 정책조정과,2,N,1310377
1986,202411435014,000000000001,1986년도 제3차 산업정책심의회 결과 통보,재정경제부 경제정책국 정책조정과,2,N,1310377
1986,202411435014,000000000002,산업정책심의회 안건 상정,재정경제부 경제정책국 정책조정과,2,N,1310377
1986,202411435014,000000000003,1986년도 제3차 산업정책심의회 개최,재정경제부 경제정책국 정책조정과,2,N,1310377
1986,202411435015,000000000001,1986년도 제7차 산업정책심의회 결과 통보,재정경제부 경제정책국 정책조정과,2,N,1310377
1986,202411435015,000000000002,1986년도 제7차 산업정책심의회 개최,재정경제부 경제정책국 정책조정과,2,N,1310377
1986,202411435015,000000000003,1986년도 제7차 산업정책심의회 개최,재정경제부 경제정책국 정책조정과,2,N,1310377
1986,202411435015,000000000005,산업정책심의회 안건상정,재정경제부 경제정책국 정책조정과,2,N,1310377
1986,202411435015,000000000006,산업정책심의회 안건상정 요청,재정경제부 경제정책국 정책조정과,2,N,1310377
1986,202411435016,000000000001,1986년도 제8차 산업정책심의회 결과통보,재정경제부 경제정책국 정책조정과,2,N,1310377
1986,202411435016,000000000002,1986년도 제8차 산업정책심의회 개최,재정경제부 경제정책국 정책조정과,2,N,1310377
1986,202411435016,000000000007,국민투자기금 운용기준중 개정(안) 산업정책심의회 부의,재정경제부 경제정책국 정책조정과,2,N,1310377
1986,202411435016,000000000008,1987년도 국민투자기금 조달 및 운용계획(안) 산업정책심의회 부의,재정경제부 경제정책국 정책조정과,2,N,1310377
1986,202411435017,000000000001,1986년도 제4차 산업정책심의회 결과통보,재정경제부 경제정책국 정책조정과,2,N,1310377
1986,202411435017,000000000002,1986년도 제4차 산업정책심의회 개최,재정경제부 경제정책국 정책조정과,2,N,1310377
1986,202411435017,000000000005,산업정책심의회 안건 상정 요청,재정경제부 경제정책국 정책조정과,2,N,1310377
1986,202411435018,000000000001,1986년도 제1차 산업정책심의회 결과통보,재정경제부 경제정책국 정책조정과,1,N,1310377
1986,202411500620,000000000001,1986년도 제1회 기술진흥확대회의보고안건 (보관용),과학기술처 기술정책실 기술진흥담당관,1,N,1310377
1987,200041071776,000000000001,특정연구개발사업 시행5년:1982-1986년,과학기술처,1,Y,1310377
1987,200041107662,000000000001,한국전기통신공사 연차보고서 1987,한국전기통신공사,1,Y,1310377
1987,200200009285,000000000001,전두환대통령87년도제1회기술진흥확대회의주재1,공보처 홍보국 사진담당관,1,Y,1310377
1987,200200009285,000000000002,전두환대통령87년도제1회기술진흥확대회의주재2,공보처 홍보국 사진담당관,1,Y,1310377
1987,200200009285,000000000003,87년도제1회기술진흥확대회의참석자들,공보처 홍보국 사진담당관,1,Y,1310377
1987,200200009285,000000000004,전두환대통령87년도제1회기술진흥확대회의주재3,공보처 홍보국 사진담당관,1,Y,1310377
1987,200200012656,000000000002,전두환대통령기술진흥확대회의주재1,공보처 홍보국 사진담당관,1,Y,1310377
1987,200200012656,000000000004,전두환대통령기술진흥확대회의주재2,공보처 홍보국 사진담당관,1,Y,1310377
1987,200200084965,000000000001,전두환대통령제1회기술진흥확대회의에서전중동외7명에게산업훈장수여,공보처 홍보국 사진담당관,1,Y,1310377
1987,200300123606,000000000003,산업기술연구조합육성법시행규칙,법제처 총무과,1,Y,1310377
1987,200300490850,000000000001,한국전기통신공사정기감사결과통보서,감사원 제1국 제5과,3,N,1310377
1987,200300490850,000000000004,한국전기통신공사교환기국산화및통신시설사업추진실태감사결과통보서,감사원 제1국 제5과,3,N,1310377
1987,200300490851,000000000003,한국전기통신공사지역통신망품질관리실태감사결과통보서,감사원 제1국 제5과,3,N,1310377
1987,200300840130,000000000003,산업기술연구조합육성법시행령안(제10회),총무처 의정국 의사과,2,N,1310377
1987,200300840499,000000000065,산업기술연구조합육성법시행령안(제10회),총무처 의정국 의사과,1,N,1310377
1987,200300886998,000000000007,88서울올림픽대회통신지원에관한서울올림픽대회조직위원회와한국전기통신공사간의세부,서울올림픽대회 조직위원회,1,N,1310377
1987,200300888271,000000000009,88서울올림픽대회통신지원에관한서울올림픽조직위원회와한국전기통신공사간의세부계약,서울올림픽대회 조직위원회,1,N,1310377
1987,200301060802,000000000043,전신전화취급업무[한국전기통신공사공시제86-36호],총무처 법무담당관,1,Y,1310377
1987,200301060802,000000000044,국제모사전보업무취급및적용요금[한국전기통신공사공시제86-37호],총무처 법무담당관,1,Y,1310377
1987,200301060804,000000000044,"한국전기통신공사공시제87-1호[한국-아일랜드,칠레,남아연방간의구제텔렉스징수요금인",총무처 법무담당관,1,Y,1310377
1987,200301060809,000000000014,1987년도공업기반기술개발사업시행계획추가공고[상공부공고제87-4호],총무처 법무담당관,1,Y,1310377
1987,200301060814,000000000025,정보통신단말기유지보수업무의위탁에관한사항(한국전기통신공사공시제87-2호),총무처 법무담당관,1,Y,1310377
1987,200301060814,000000000026,전화가입구역급지변경(한국전기통신공사부산지사공시제2호),총무처 법무담당관,1,Y,1310377
1987,200301060817,000000000037,일반교환회선이용규정[한국전기통신공사공시제87-3호],총무처 법무담당관,1,Y,1310377
1987,200301060817,000000000038,전화가입구역급지변경[한국전기통신공사강원지사공시제73호],총무처 법무담당관,1,Y,1310377
1987,200301060848,000000000049,전화가입구역급지변경(한국전기통신공사충청지사공시제24호),총무처 법무담당관,1,Y,1310377
1987,200301060849,000000000037,전화가입구역급지변경(한국전기통신공사전남지사공시제240호),총무처 법무담당관,1,Y,1310377
1987,200301060857,000000000049,한국부탄(Bhutan)간국제텔렉스업무에적용될요금(한국전기통신공사공시제87-4호),총무처 법무담당관,1,Y,1310377
1987,200301060859,000000000048,전화가입구역급지변경(한국전기통신공사충청지사공시제25호),총무처 법무담당관,1,Y,1310377
1987,200301060860,000000000071,전화시보제확대공급지역(한국전기통신공사공시제87-5호),총무처 법무담당관,1,Y,1310377
1987,200301060865,000000000067,카드공중전화카드위탁판매소(한국전기통신공사서울지사공시제3호),총무처 법무담당관,1,Y,1310377
1987,200301060867,000000000052,전화가입구역급지변경(한국전기통신공사충청지사공시제26호),총무처 법무담당관,1,Y,1310377
1987,200301060872,000000000056,한국전기통신공사충청지사공시제27호(전화가입구역급지변경사항),총무처 법무담당관,1,Y,1310377
1987,200301060874,000000000054,전화가입구역급지변경(한국전기통신공사부산지사공시제4호),총무처 법무담당관,1,Y,1310377
1987,200301060875,000000000050,한-미국간국제전보요금인하조정(한국전기통신공사공시제87-6호),총무처 법무담당관,1,Y,1310377
1987,200301060875,000000000053,산업기술연구조합육성법시행령(대통령령제12094호),총무처 법무담당관,1,Y,1310377
1987,200301060878,000000000045,한미국간국제장문서신전보(Mailgram)요금인하(한국전기통신공사공시제87-7호),총무처 법무담당관,1,Y,1310377
1987,200301060878,000000000046,전화가입구역급지변경(한국전기통신공사충청지사공시제28호),총무처 법무담당관,1,Y,1310377
1987,200301060881,000000000048,가입구역급지변경(한국전기통신공사서울지사공시제4호),총무처 법무담당관,1,Y,1310377
1987,200301060891,000000000039,전화가입구역급지변경(한국전기통신공사강원지사공시제80호),총무처 법무담당관,1,Y,1310377
1987,200301060891,000000000040,일반가입전화이용규정개정(한국전기통신공사공시제87-8호),총무처 법무담당관,1,Y,1310377
1987,200301060893,000000000064,산업기술연구조합육성법시행규칙(총리령제324호),총무처 법무담당관,1,Y,1310377
1987,200301060894,000000000058,한국-디에고가르시아<DIEGDGARCIA>간국제텔렉스적용요금(한국전기통신공사공시제87-9),총무처 법무담당관,1,Y,1310377
1987,200301060905,000000000034,기타(한국전기통신공사대구지사공시제14호),총무처 법무담당관,1,Y,1310377
1987,200301060919,000000000065,전화가입구역급지변경(한국전기통신공사강원지사공시제83호),총무처 법무담당관,1,Y,1310377
1987,200301060919,000000000066,전화가입구역급지변경(한국전기통신공사충청지사공시제30호),총무처 법무담당관,1,Y,1310377
1987,200301060922,000000000061,전화가입구역급지변경(한국전기통신공사부산지사공시제7호),총무처 법무담당관,1,Y,1310377
1987,200301060922,000000000062,전화가입구역급지변경(한국전기통신공사전남지사공시제244호),총무처 법무담당관,1,Y,1310377
1987,200301060925,000000000040,"기타(실지조사에따른출석통지,압수물환부공고,결정,한국전기통신공사서울지사공시제8)",총무처 법무담당관,1,Y,1310377
1987,200301060929,000000000047,전화가입구역급지변경(한국전기통신공사전북지사공시제7호),총무처 법무담당관,1,Y,1310377
1987,200301060930,000000000058,"기타(공무원사망,광업권설정출원허가통지,한국전기통신공사강원지사공시제85호)",총무처 법무담당관,1,Y,1310377
1987,200301060931,000000000050,기타(한국전기통신공사공시제87-10호(한국-사오톰/프린스프(SAO THOME & PRINCIPE)),총무처 법무담당관,1,Y,1310377
1987,200301060936,000000000036,전화가입구역급지변경(한국전기통신공사충청지사공시제33호),총무처 법무담당관,1,Y,1310377
1987,200301060936,000000000037,전화가입구역급지변경(한국전기통신공사전북지사공시제12호),총무처 법무담당관,1,Y,1310377
1987,200301060936,000000000038,전화가입구역급지변경(한국전기통신공사전남지사공시제248호),총무처 법무담당관,1,Y,1310377
1987,200301060940,000000000043,전화가입구역급지및전화업무취급국종류변경(한국전기통신공사대구지사공시제19호),총무처 법무담당관,1,Y,1310377
1987,200301060942,000000000060,전화가입구역급지변경(한국전기통신공사부산지사공시제9호),총무처 법무담당관,1,Y,1310377
1987,200301060949,000000000043,한국-브라질간국제텔렉스적용요금개정(한국전기통신공사공시제87-11호),총무처 법무담당관,1,Y,1310377
1987,200301060955,000000000056,한국-미크로네시아간국제텔렉스적용요금(한국전기통신공사공시제87-12호),총무처 법무담당관,1,Y,1310377
1987,200301060957,000000000062,가입구역급지변경과전화업무취급국종류변경(한국전기통신공사서울지사공시제14호),총무처 법무담당관,1,Y,1310377
1987,200301060960,000000000054,전화시보제확대공급지역[한국전기통신공사공시제87-13호],총무처 법무담당관,1,Y,1310377
1987,200301060966,000000000065,전화가입구역급지변경(한국전기통신공사전북지사공시제17호),총무처 법무담당관,1,Y,1310377
1987,200301060970,000000000045,한국-왈리스/후투나<Wallis & Futuna>간국제텔렉스적(한국전기통신공사공시제87-14호),총무처 법무담당관,1,Y,1310377
1987,200301060972,000000000057,행정통신회선이용규정(한국전기통신공사공시제87-15호),총무처 법무담당관,1,Y,1310377
1987,200301060972,000000000058,공중통신업무위탁(한국전기통신공사공시제87-16호),총무처 법무담당관,1,Y,1310377
1987,200301060981,000000000048,각종이용규정개정(한국전기통신공사공시제87-17호),총무처 법무담당관,1,Y,1310377
1987,200301060981,000000000049,전화가입구역급지변경(한국전기통신공사전남지사공시제250호),총무처 법무담당관,1,Y,1310377
1987,200301060983,000000000047,전화가입구역급지변경(한국전기통신공사충청지사공시제35호),총무처 법무담당관,1,Y,1310377
1987,200301060988,000000000062,전화가입구역급지변경(한국전기통신공사대구지사공시제31호),총무처 법무담당관,1,Y,1310377
1987,200301060992,000000000046,전화가입구역급지변경(한국전기통신공사강원지사공시제92호),총무처 법무담당관,1,Y,1310377
1987,200301060995,000000000050,가입구역급지변경[한국전기통신공사충청지사공시제36호],총무처 법무담당관,1,Y,1310377
1987,200301060998,000000000049,가입구역급지변경[한국전기통신공사경기지사공시제1호],총무처 법무담당관,1,Y,1310377
1987,200301060999,000000000038,한국전기통신공사경기지사공시제2호[가입구역급지변경],총무처 법무담당관,1,Y,1310377
1987,200301061001,000000000036,전화가입구역급지변경(한국전기통신공사강원지사공시제5호),총무처 법무담당관,1,Y,1310377
1987,200301061010,000000000044,무선호출가입구역지정(한국전기통신공사전북지사공시제24호),총무처 법무담당관,1,Y,1310377
1987,200301061023,000000000052,전화가입구역급지변경(한국전기통신공사대구지사공시제38호),총무처 법무담당관,1,Y,1310377
1987,200301061023,000000000053,한-아랍<UAE>간국제모사전신업무확장취급및적용요금(한국전기통신공사공시제87-18호),총무처 법무담당관,1,Y,1310377
1987,200301061038,000000000044,전화시보서비스확대공급지역(한국전기통신공사공시제87-19호),총무처 법무담당관,1,Y,1310377
1987,200301061041,000000000075,무선호출가입구역지정확장(변경)한국전기통신공사전북지사공고제26호),총무처 법무담당관,1,Y,1310377
1987,200301061045,000000000070,무선호출가입지역확장(한국전기통신공사부산지사공시제16호),총무처 법무담당관,1,Y,1310377
1987,200301061045,000000000071,가입구역급지변경(한국전기통신공사경기지사공시제4호),총무처 법무담당관,1,Y,1310377
1987,200301061045,000000000072,전화가입구역급지변경(한국전기통신공사전북지사공시제27호),총무처 법무담당관,1,Y,1310377
1987,200301061053,000000000053,가입구역급지변경(한국전기통신공사경기지사공고제6호),총무처 법무담당관,1,Y,1310377
1987,200301061053,000000000054,전화가입구역급지변경(한국전기통신공사강원지사공고제97호),총무처 법무담당관,1,Y,1310377
1987,200301061059,000000000053,한국전기통신공사경기지사공시제7호(가입구역급지변경),총무처 법무담당관,1,Y,1310377
1987,200301061061,000000000043,국제텔렉스자동화지역(한국전기통신공사공시제87-20호),총무처 법무담당관,1,Y,1310377
1987,200301061065,000000000050,전화가입구역급지변경[한국전기통신공사전남지사공시제253호],총무처 법무담당관,1,Y,1310377
1987,200301061081,000000000057,가입구역급지변경과과금기점국변경(한국전기통신공사대구지사공시제51호),총무처 법무담당관,1,Y,1310377
1987,200301061081,000000000058,전화가입구역급지변경(한국전기통신공사강원지사공시제99호),총무처 법무담당관,1,Y,1310377
1987,200301061081,000000000059,전화가입구역급지변경(한국전기통신공사충청지사공시제41호.제42호),총무처 법무담당관,1,Y,1310377
1987,200301061083,000000000066,"기타(결정,압수물환부공고,한국전기통신공사공시제87-21호)",총무처 법무담당관,1,Y,1310377
1987,200301061227,000000000199,요금표시공중전화의위탁관리수수료및보증금(한국전기통신공사공시제87-25호),총무처 법무담당관,1,Y,1310377
1987,200301061227,000000000200,전화가입구역급지변경(한국전기통신공사전남지사공시제254호),총무처 법무담당관,1,Y,1310377
1987,200301062970,000000000044,한국-칠레간국제모사전보업무확장및적용요금(한국전기통신공사공시제87-22호),총무처 법무담당관,1,Y,1310377
1987,200301062970,000000000045,가입구역급지변경(한국전기통신공사경기지사공시제8호),총무처 법무담당관,1,Y,1310377
1987,200301062972,000000000061,시외.국제통화할인시간및할인율(한국전기통신공사공시제87-23호),총무처 법무담당관,1,Y,1310377
1987,200301062990,000000000005,공업기반기술개발사업운용요령(상공부고시제87-44호),총무처 법무담당관,1,Y,1310377
1987,200301062990,000000000026,1988년도공업기반기술개발사업시행계획(상공부공고제87-75호),총무처 법무담당관,1,Y,1310377
1987,200301062991,000000000060,카드공중전화카드위탁판매소(한국전기통신공사서울지사공시제17호),총무처 법무담당관,1,Y,1310377
1987,200302753577,000000000021,전기통신설비의 설치등에관한 건설부와 한국전기통신공사간의 협정체결,전라남도 나주시 건설국 건설과,1,N,1310377
1987,200302795922,000000000002,건축허가통보(공장반도체및관련장치제조용건축물),경기도 양주군 건설과,1,N,1310377
1987,200500004530,000000000001,제1회 기술진흥확대회의 주재 지시말씀(청와대 영빈관),대통령비서실,1,N,1741077
1987,200700017340,000000000001,산업기술연구조합육성법시행령안,법제처 경제법제국,1,N,1310377
1987,200700017340,000000000003,산업기술연구조합육성법시행규칙안,법제처 경제법제국,1,N,1310377
1987,200802060501,000000000007,공업발전법에 의한 합리화업종 지정 및 합리화계획의 공업발전심의회 및 산업정책심의회 상정요청,산업자원부 산업정책본부 산업정책관 산업정책팀,3,N,1310377
1987,200802060501,000000000009,"1안)비료제조업의 합리화업종 지정 및 업종별 합리화계획 공고,2안)관보게재의뢰,3안)비료제조업의 합리화계획 관련 산업정책심의회 의결사항 통보",산업자원부 산업정책본부 산업정책관 산업정책팀,3,N,1310377
1987,200802066897,000000000003,산업기술 연구조합 설립인가서 재교부,과학기술부 과학기술정책실 기술개발지원과,1,N,1310377
1987,200802066897,000000000008,산업기술연구조합 설립인가 취소,과학기술부 과학기술정책실 기술개발지원과,1,N,1310377
1987,200802073319,000000000001,특정연구개발사업 협약체결,과학기술처 연구개발조정실 생물해양연구조정관,1,N,1310377
1987,200802073320,000000000001,87특정연구개발사업 연구개발계획서 제출(2차),과학기술처 연구개발조정실 생물해양연구조정관,1,N,1310377
1987,200802073320,000000000002,특정연구개발사업 협약체결,과학기술처 연구개발조정실 생물해양연구조정관,1,N,1310377
1987,200802073321,000000000001,특정연구개발사업 협약체결,과학기술처 연구개발조정실 생물해양연구조정관,1,N,1310377
1987,200802073982,000000000003,산업기술연구조합 설립인가서 재교부,과학기술처 기술진흥국 기술지원과,1,N,1310377
1987,200802073982,000000000007,산업기술연구조합 설립인가서 재발급,과학기술처 기술진흥국 기술지원과,1,N,1310377
1987,200802073982,000000000009,산업기술연구조합 설립인가서 갱신교부,과학기술처 기술진흥국 기술지원과,1,N,1310377
1987,200802073982,000000000015,임원변경 취임승인 및 연구조합설립인가서 재발급,과학기술처 기술진흥국 기술지원과,1,N,1310377
1987,200802073982,000000000016,산업기술연구조합설립인가서 재발급,과학기술처 기술진흥국 기술지원과,1,N,1310377
1987,200802073983,000000000002,산업기술연구조합 설립인가서 재교부,과학기술처 기술진흥국 기술지원과,1,N,1310377
1987,200802073984,000000000004,산업기술 연구조합 설립 인가서 재교부신청,과학기술처 기술진흥국 기술지원과,1,N,1310377
1987,200802073984,000000000005,산업기술연구조합 설립인가서 재교부,과학기술처 기술진흥국 기술지원과,1,N,1310377
1987,200802073984,000000000012,산업기술연구조합 설립인가서 갱신교부,과학기술처 기술진흥국 기술지원과,1,N,1310377
1987,200802073984,000000000014,산업기술연구조합 설립인가서 갱신.교부,과학기술처 기술진흥국 기술지원과,1,N,1310377
1987,200802073984,000000000023,정관변경 인가 및 연구조합설립인가서 재발급,과학기술처 기술진흥국 기술지원과,1,N,1310377
1987,200802073985,000000000006,한국광학산업기술 연구조합 주소 변경에 대한 안내,과학기술처 기술진흥국 기술지원과,1,N,1310377
1987,200802073985,000000000009,산업기술연구조합현황,과학기술처 기술진흥국 기술지원과,1,N,1310377
1987,200802073985,000000000010,산업기술연구조합 설립인가서 재발급,과학기술처 기술진흥국 기술지원과,1,N,1310377
1987,200802073985,000000000011,산업기술연구조합 설립인가서 재발급,과학기술처 기술진흥국 기술지원과,1,N,1310377
1987,200802073985,000000000013,산업기술연구조합 설립인가서 재발급,과학기술처 기술진흥국 기술지원과,1,N,1310377
1987,200802073986,000000000001,산업기술연구조합 설립인가서 재교부,과학기술처 기술진흥국 기술지원과,1,N,1310377
1987,200802073986,000000000003,연구조합 소재지 변경신고서 제출,과학기술처 기술진흥국 기술지원과,1,N,1310377
1987,200802073986,000000000004,산업기술연구조합 설립인가서 재발급,과학기술처 기술진흥국 기술지원과,1,N,1310377
1987,200802073986,000000000005,연구조합 조합원명단 변경신고,과학기술처 기술진흥국 기술지원과,1,N,1310377
1987,200802073986,000000000006,산업기술연구조합 설립인가서 재발급,과학기술처 기술진흥국 기술지원과,1,N,1310377
1987,200802073986,000000000008,산업기술연구조합 설립인가서 갱신 . 교부,과학기술처 기술진흥국 기술지원과,1,N,1310377
1987,200802073986,000000000013,한국공기청정연구조합 정관변경 인가,과학기술처 기술진흥국 기술지원과,1,N,1310377
1987,200802073986,000000000014,산업기술연구조합설립인가서 재교부,과학기술처 기술진흥국 기술지원과,1,N,1310377
1987,200802073987,000000000001,산업기술연구조합의 설립인가 신청에 대한 사전 협의,과학기술처 기술진흥국 기술지원과,1,N,1310377
1987,200802073987,000000000005,산업기술연구조합 설립인가서 갱신 교부,과학기술처 기술진흥국 기술지원과,1,N,1310377
1987,200802074651,000000000001,특정연구개발사업 협약체결,과학기술부 과학기술정책실 기술개발지원과,1,N,1310377
1987,200802074652,000000000001,특정연구개발사업 협약체결,과학기술부 과학기술정책실 기술개발지원과,1,N,1310377
1987,200802076206,000000000002,특정연구개발사업 협약체결,과학기술처 연구개발조정실 생물해양연구조정관,1,N,1310377
1987,200902336746,000000000001,87 산업정책심의회 운용 계획(안),금융위원회,1,N,1310377
1987,200902343590,000000000006,1987년도제3차산업정책심의회결과통보,건설교통부 건설경제심의관 해외건설.협력담당관,1,N,1310377
1987,200902343590,000000000007,1987년도제3차산업정책심의회결과통보,건설교통부 건설경제심의관 해외건설.협력담당관,1,N,1310377
1987,200902343590,000000000008,산업정책심의회안건상정의뢰,건설교통부 건설경제심의관 해외건설.협력담당관,1,N,1310377
1987,200902669239,000000000013,제9권법인세적자료(바-9)(바126~145) (한국전기통신공사부천전화국),국세청 중부지방국세청 부천세무서,2,N,1310377
1987,200902669267,000000000001,세적자료(하-4) 하44~58 하45.47.48.49.50.56결번 4권 (한국전기통신공사중동전화국),국세청 중부지방국세청 부천세무서,2,N,1310377
1987,200902671750,000000000006,사업자등록관계철(220권) (한국전기통신공사 강화전화국),국세청 중부지방국세청 서인천세무서,3,N,1310377
1987,201002994279,000000000010,전입법인 조사서(한국도금기술연구조합),국세청 대구지방국세청 북대구세무서 재산법인세과,3,N,1310377
1987,201003156505,000000000002,산업정책심의회상정안건송부,재정경제부 경제정책국 정책조정과,1,N,1310377
1987,201003156505,000000000003,산업정책심의회서면결의,재정경제부 경제정책국 정책조정과,1,N,1310377
1987,201003156505,000000000004,산업정책심의회서면결의안건확정,재정경제부 경제정책국 정책조정과,1,N,1310377
1987,201003156505,000000000005,장기산업발전비젼(안)산업정책심의회상정요청,재정경제부 경제정책국 정책조정과,1,N,1310377
1987,201003156505,000000000006,1996년도제1차산업정책심의회개최,재정경제부 경제정책국 정책조정과,1,N,1310377
1987,201003156505,000000000007,1996년도제1차산업정책심의회회의결과통보,재정경제부 경제정책국 정책조정과,1,N,1310377
1987,201003156505,000000000008,산업정책심의회서면결의,재정경제부 경제정책국 정책조정과,1,N,1310377
1987,201003156505,000000000009,산업정책심의회서면결의안건확정,재정경제부 경제정책국 정책조정과,1,N,1310377
1987,201003156505,000000000011,산업정책심의회서면결의,재정경제부 경제정책국 정책조정과,1,N,1310377
1987,201003156506,000000000001,산업정책심의회서면결의안건확정,재정경제부 경제정책국 정책조정과,1,N,1310377
1987,201003156506,000000000003,산업정책심의회서면결의안건확정,재정경제부 경제정책국 정책조정과,1,N,1310377
1987,201003156611,000000000005,1987년도제2차산업정책심의회결과통보,재정경제부 세제실 관세국 산업관세과,2,N,1310377
1987,201003156615,000000000014,1987년도제9차산업정책심의회결과통보,재정경제부 세제실 관세국 산업관세과,2,N,1310377
1987,201003156689,000000000002,산업정책심의회안건서면결의,재정경제부 경제정책국 정책조정과,1,N,1310377
1987,201003156689,000000000004,산업정책심의회의결사항통보,재정경제부 경제정책국 정책조정과,1,N,1310377
1987,201003156690,000000000001,1987년도제9차산업정책심의회개최통보,재정경제부 경제정책국 정책조정과,3,N,1310377
1987,201003156690,000000000002,1987년도제9차산업정책심의회결과통보,재정경제부 경제정책국 정책조정과,3,N,1310377
1987,201003156691,000000000001,1987년도제5차산업정책심의회개최,재정경제부 경제정책국 정책조정과,1,N,1310377
1987,201003156691,000000000002,1987년도제5차산업정책심의회개최,재정경제부 경제정책국 정책조정과,1,N,1310377
1987,201003156691,000000000006,1987년도제6차산업정책심의회개최,재정경제부 경제정책국 정책조정과,1,N,1310377
1987,201003156691,000000000007,1987년도제6차산업정책심의회결과통보,재정경제부 경제정책국 정책조정과,1,N,1310377
1987,201003156691,000000000008,관세법(별표관세율)중개정법률(안)산업정책심의회상정의뢰,재정경제부 경제정책국 정책조정과,1,N,1310377
1987,201003156691,000000000010,국민투자기금운용기준중개정(안)산업정책심의회부의,재정경제부 경제정책국 정책조정과,1,N,1310377
1987,201003156691,000000000011,1987년도제7차산업정책심의회결과통보,재정경제부 경제정책국 정책조정과,1,N,1310377
1987,201003156691,000000000012,1987년도제7차산업정책심의회개최,재정경제부 경제정책국 정책조정과,1,N,1310377
1987,201003156691,000000000013,산업정책심의회안건제출,재정경제부 경제정책국 정책조정과,1,N,1310377
1987,201003156691,000000000015,산업정책심의회안건상정,재정경제부 경제정책국 정책조정과,1,N,1310377
1987,201003156691,000000000016,1987년도제8차산업정책심의회개최,재정경제부 경제정책국 정책조정과,1,N,1310377
1987,201003156691,000000000017,산업정책심의회안건상정,재정경제부 경제정책국 정책조정과,3,N,1310377
1987,201003195000,000000000024,기술료의세무회계에관한질의,국세청 법인납세국 법인세과,3,N,1310377
1987,201003196496,000000000004,경상기술료에대한조세감면,국세청 국제조세관리관 국제세원관리담당관,3,N,1310377
1987,201003404509,000000000001,삼성반도체 시찰 01,체신부,1,N,1310377
1987,201003404509,000000000002,삼성반도체 시찰 02,체신부,1,N,1310377
1987,201003404509,000000000003,삼성반도체 시찰 03,체신부,1,N,1310377
1987,201003404509,000000000004,삼성반도체 시찰 04,체신부,1,N,1310377
1987,201003404509,000000000005,삼성반도체 시찰 05,체신부,1,N,1310377
1987,201003404509,000000000006,삼성반도체 시찰 06,체신부,1,N,1310377
1987,201003404509,000000000007,삼성반도체 시찰 07,체신부,1,N,1310377
1987,201003404509,000000000008,삼성반도체 시찰 08,체신부,1,N,1310377
1987,201003404509,000000000009,삼성반도체 시찰 09,체신부,1,N,1310377
1987,201003404509,000000000010,삼성반도체 시찰 10,체신부,1,N,1310377
1987,201003404739,000000000001,세계반도체 전시회 01,체신부,1,N,1310377
1987,201003404739,000000000002,세계반도체 전시회 02,체신부,1,N,1310377
1987,201003404739,000000000003,세계반도체 전시회 03,체신부,1,N,1310377
1987,201003404739,000000000004,세계반도체 전시회 04,체신부,1,N,1310377
1987,201003404739,000000000005,세계반도체 전시회 05,체신부,1,N,1310377
1987,201003404739,000000000006,세계반도체 전시회 06,체신부,1,N,1310377
1987,201003404739,000000000007,세계반도체 전시회 07,체신부,1,N,1310377
1987,201003404739,000000000008,세계반도체 전시회 08,체신부,1,N,1310377
1987,201003404739,000000000009,세계반도체 전시회 09,체신부,1,N,1310377
1987,201003404739,000000000010,세계반도체 전시회 10,체신부,1,N,1310377
1987,201104688342,000000000007,산업정책심의회 안건상정,해운항만청 해운국 외항과,3,N,1310377
1987,201104688347,000000000001,해운산업합리화 보완대책(안) 산업정책심의회 의결추진,해운항만청 해운국 외항과,3,N,1310377
1987,201104688349,000000000001,산업정책심의회 안건상정,해운항만청 해운국 외항과,1,N,1310377
1987,201104688349,000000000002,산업정책심의회 안건상정,해운항만청 해운국 외항과,3,N,1310377
1987,201104978257,000000000001,한국전기통신공사 전자통신장비 전시품1,문화공보부,1,Y,1310377
1987,201104978257,000000000002,한국전기통신공사 전자통신장비 전시품2,문화공보부,1,Y,1310377
1987,201104978257,000000000003,한국전기통신공사 전자통신장비 전시품3,문화공보부,1,Y,1310377
1987,201104978257,000000000004,한국전기통신공사 전자통신장비 전시품4,문화공보부,1,Y,1310377
1987,201104978257,000000000005,한국전기통신공사 전자통신장비 전시품5,문화공보부,1,Y,1310377
1987,201104978257,000000000006,한국전기통신공사 전자통신장비 전시품6,문화공보부,1,Y,1310377
1987,201104978257,000000000007,한국전기통신공사 전자통신장비 전시품7,문화공보부,1,Y,1310377
1987,201104978257,000000000008,한국전기통신공사 전자통신장비 전시품8,문화공보부,1,Y,1310377
1987,201104978257,000000000009,한국전기통신공사 전자통신장비 전시품9,문화공보부,1,Y,1310377
1987,201305787023,000000000001,1988년도제1차산업정책심의회결과통보,재정경제부 금융정책국 은행제도과,1,N,1310377
1987,201305787023,000000000002,1987년도제3차산업정책심의회결과통보,재정경제부 금융정책국 은행제도과,1,N,1310377
1987,201305787102,000000000001,1987년도 제3차 산업정책심의회 결과 통보,재정경제부 금융정책국 은행제도과,1,N,1310377
1987,201305882593,000000000001,도시용 전전자교환기(5 ESS)도입에 따른 한국전기통신공사와 금성반도체(주) 간의 합의서,정보통신부 정보통신정책국 산업기술팀,1,N,1310377
1987,201506457202,000000000030,특정연구개발사업 심의위원회  위원위촉,환경청 수질보전국 수질제도과,3,N,1310377
1987,202110467822,000000000001,제3차 산업정책심의회 안건 검토,재정경제부 금융정책국 금융정책과,1,N,1310377
1987,202110835935,000000000008,갓트 반도체 Panel 개최,외무부 통상국 통상기구과,2,N,1310377
1988,200041067439,000000000001,산업용 광소자 개발(광 반도체 개발 중),과학기술처,1,Y,1310377
1988,200041096500,000000000001,한국전기통신공사 연차보고서 1988,한국전기통신공사,1,Y,1310377
1988,200200005507,000000000001,전두환대통령반도체유공자접견시악수1,공보처 홍보국 사진담당관,1,Y,1310377
1988,200200005507,000000000002,전두환대통령반도체유공자접견시악수2,공보처 홍보국 사진담당관,1,Y,1310377
1988,200200005507,000000000003,전두환대통령반도체유공자접견시악수3,공보처 홍보국 사진담당관,1,Y,1310377
1988,200200005507,000000000004,전두환대통령반도체유공자접견시악수4,공보처 홍보국 사진담당관,1,Y,1310377
1988,200200005507,000000000005,전두환대통령반도체유공자접견시악수5,공보처 홍보국 사진담당관,1,Y,1310377
1988,200200005507,000000000006,전두환대통령반도체유공자접견시악수6,공보처 홍보국 사진담당관,1,Y,1310377
1988,200200005507,000000000007,전두환대통령반도체유공자접견시악수7,공보처 홍보국 사진담당관,1,Y,1310377
1988,200200005507,000000000008,전두환대통령반도체유공자접견시악수8,공보처 홍보국 사진담당관,1,Y,1310377
1988,200200005507,000000000009,전두환대통령반도체유공자접견시악수9,공보처 홍보국 사진담당관,1,Y,1310377
1988,200200005507,000000000010,전두환대통령반도체유공자접견시악수10,공보처 홍보국 사진담당관,1,Y,1310377
1988,200200005507,000000000011,전두환대통령반도체유공자접견시악수11,공보처 홍보국 사진담당관,1,Y,1310377
1988,200200005507,000000000012,전두환대통령반도체유공자접견시악수12,공보처 홍보국 사진담당관,1,Y,1310377
1988,200200005507,000000000013,전두환대통령반도체유공자접견시악수13,공보처 홍보국 사진담당관,1,Y,1310377
1988,200200005507,000000000014,전두환대통령반도체유공자접견시악수14,공보처 홍보국 사진담당관,1,Y,1310377
1988,200200005507,000000000015,전두환대통령반도체유공자접견시악수15,공보처 홍보국 사진담당관,1,Y,1310377
1988,200200005507,000000000016,전두환대통령반도체유공자접견시악수16,공보처 홍보국 사진담당관,1,Y,1310377
1988,200200005507,000000000017,전두환대통령반도체유공자접견시악수17,공보처 홍보국 사진담당관,1,Y,1310377
1988,200200005507,000000000018,전두환대통령반도체유공자접견시악수18,공보처 홍보국 사진담당관,1,Y,1310377
1988,200200005507,000000000019,전두환대통령반도체유공자접견시악수19,공보처 홍보국 사진담당관,1,Y,1310377
1988,200200005507,000000000020,전두환대통령반도체유공자접견시악수20,공보처 홍보국 사진담당관,1,Y,1310377
1988,200200005507,000000000021,전두환대통령반도체유공자접견시악수21,공보처 홍보국 사진담당관,1,Y,1310377
1988,200200005507,000000000022,전두환대통령반도체유공자접견시만찬1,공보처 홍보국 사진담당관,1,Y,1310377
1988,200200005507,000000000023,전두환대통령반도체유공자접견시만찬2,공보처 홍보국 사진담당관,1,Y,1310377
1988,200200005507,000000000024,전두환대통령반도체유공자접견시만찬3,공보처 홍보국 사진담당관,1,Y,1310377
1988,200300129938,000000000047,한국전기통신공사의우월적지위남용행위에대한건,공정거래위원회 사무처 심판행정담당관,1,N,1310377
1988,200300493829,000000000001,한국전기통신공사종합정보통신망시설사업추진실태감사결과통보서,감사원 제1국 제6과,3,N,1310377
1988,200301061089,000000000066,전신전화취급업무에관한사항[한국전기통신공사공시제87-27호],총무처 법무담당관,1,Y,1310377
1988,200301061091,000000000051,전화가입자가설치할수있는특수장치(한국전기통신공사공시제88-1호),총무처 법무담당관,1,Y,1310377
1988,200301061093,000000000046,유선방송및선로설비의세부기술기준(한국전기통신공사공시제88-2호),총무처 법무담당관,1,Y,1310377
1988,200301061095,000000000046,국제방송전송전용요금(한국전기통신공사공시제88-3호),총무처 법무담당관,1,Y,1310377
1988,200301061101,000000000043,기타(한국전기통신공사서울지사공시제1호),총무처 법무담당관,1,Y,1310377
1988,200301061104,000000000034,공중전화의전화기및통화실의유지보수와집금에관한87년(한국전기통신공사공시제87-26호,총무처 법무담당관,1,Y,1310377
1988,200301061116,000000000061,한국전기통신공사서울지사공시제4호[카드공중전화카드위탁판매소공시],총무처 법무담당관,1,Y,1310377
1988,200301061125,000000000044,전화가입구역급지변경(한국전기통신공사충청지사공시제43호),총무처 법무담당관,1,Y,1310377
1988,200301061131,000000000058,한국전기통신공사대구지사공시제8호(가입구역급지변경),총무처 법무담당관,1,Y,1310377
1988,200301061146,000000000041,구내교환설비업무의위탁에관한사항(한국전기통신공사공시제88-4호),총무처 법무담당관,1,Y,1310377
1988,200301061157,000000000076,가입구역급지변경[한국전기통신공사대구지사공시제17호],총무처 법무담당관,1,Y,1310377
1988,200301061162,000000000050,무선호출요금조정(한국전기통신공사공시제88-5호),총무처 법무담당관,1,Y,1310377
1988,200301061164,000000000041,가입구역급지변경(한국전기통신공사대구지사공시제18호),총무처 법무담당관,1,Y,1310377
1988,200301061189,000000000038,시내외겸용공중전화관리업무의위탁수수료율및보증금(한국전기통신공사공시제88-6호),총무처 법무담당관,1,Y,1310377
1988,200301061250,000000000049,전송품질의세부기술기준(한국전기통신공사제88-8호),총무처 법무담당관,1,Y,1310377
1988,200301061250,000000000050,전용설비의단말기기등의세부기술기준(한국전기통신공사제88-9호),총무처 법무담당관,1,Y,1310377
1988,200301061250,000000000051,특정통신회선의세부기술기준(한국전기통신공사제88-10호),총무처 법무담당관,1,Y,1310377
1988,200301061257,000000000050,전송품질의세부기술기준중정정(한국전기통신공사공시제88-8호),총무처 법무담당관,1,Y,1310377
1988,200301061323,000000000019,88년도공업기반기술개발사업시행계획(상공부공고제88-41호),총무처 법무담당관,1,Y,1310377
1988,200301061334,000000000010,88기술개발지원정책금융자금의지원대상공업기반기술개발과제공(상공부공고제88-44호),총무처 법무담당관,1,Y,1310377
1988,200301061343,000000000012,88기술개발지원정책금융자금의지원대상공업기반기술개발과제개정[상공부공고제88-45호,총무처 법무담당관,1,N,1310377
1988,200301061441,000000000014,산업기술연구조합설립인가취소(과학기술처공고제88-182호),총무처 법무담당관,1,Y,1310377
1988,200302724923,000000000001,장기전원개발계획조정(안)산업정책심의회의상정,산업자원부 자원정책실 전력정책과,1,N,1310377
1988,200302724923,000000000002,장기전원개발계획조정재검토안산업정책심의회의상정,산업자원부 자원정책실 전력정책과,1,N,1310377
1988,200600061718,000000000018,산업기술연구조합 육성을 위한 협조요청,행정자치부 지방세제국 세제과,1,N,1310377
1988,200600061718,000000000026,산업기술연구조합의 비영리사업자 지정요청에 대한 회신,행정자치부 지방세제국 세제과,1,N,1310377
1988,200600073616,000000000004,Ⅱ.기타주요현황과계획-1.특정연구개발사업의확대추진,과학기술처,1,N,1310377
1988,200600073617,000000000004,Ⅱ.기타주요현황과계획-1.특정연구개발사업의확대추진,과학기술처,1,N,1310377
1988,200701494114,000000000003,산업기술연구조합 연합회 설립 추진회의 1,과학기술부,1,N,1310377
1988,200701494114,000000000004,산업기술연구조합 연합회 설립 추진회의 2,과학기술부,1,N,1310377
1988,200701494114,000000000005,산업기술연구조합 연합회 설립 추진회의 3,과학기술부,1,N,1310377
1988,200701494114,000000000006,산업기술연구조합 연합회 설립 추진회의 4,과학기술부,1,N,1310377
1988,200802062420,000000000007,산업정책심의회 안건 상정요청,산업자원부 에너지산업본부 석탄산업팀,1,N,1310377
1988,200802066900,000000000001,한국항공우주연구조합  정관변경 신청,과학기술부 과학기술정책실 기술개발지원과,1,N,1310377
1988,200802066900,000000000002,한국항공우주연구조합 정관개정 요약서,과학기술부 과학기술정책실 기술개발지원과,1,N,1310377
1988,200802066900,000000000004,한국항공우주연구조합정관 변경등기,과학기술부 과학기술정책실 기술개발지원과,1,N,1310377
1988,200802066900,000000000010,한국항공우주연구조합 취소,과학기술부 과학기술정책실 기술개발지원과,1,N,1310377
1988,200802066900,000000000012,산업기술연구조합 설립인가 취소,과학기술부 과학기술정책실 기술개발지원과,1,N,1310377
1988,200802071306,000000000001,특정연구개발사업 협약체결,과학기술부 연구개발국 기계전자기술과,1,Y,1310377
1988,200802073314,000000000002,89년도 특정연구개발사업 신청,과학기술처 연구개발조정실 동력자원연구조정관,1,N,1310377
1988,200802073314,000000000004,특정연구개발사업 지원 신청서 제출,과학기술처 연구개발조정실 동력자원연구조정관,1,N,1310377
1988,200802073314,000000000007,`89특정연구개발사업 신청,과학기술처 연구개발조정실 동력자원연구조정관,1,N,1310377
1988,200802073314,000000000012,`89년도 특정연구개발사업(국가주도) 신청,과학기술처 연구개발조정실 동력자원연구조정관,1,N,1310377
1988,200802073314,000000000013,`89특정연구개발사업 심의대상과제요약서 제출,과학기술처 연구개발조정실 동력자원연구조정관,1,N,1310377
1988,200802073314,000000000016,`89년도 특정연구개발사업 신청철회 및 연구책임자 변경,과학기술처 연구개발조정실 동력자원연구조정관,1,N,1310377
1988,200802073988,000000000004,산업기술연구조합 설립인가서 재발급,과학기술처 기술진흥국 기술지원과,1,N,1310377
1988,200802073990,000000000006,정관변경 인가신청 (한국전자재료계측기기연구조합) 내용 (요약),과학기술처 기술진흥국 기술지원과,1,N,1310377
1988,200802073991,000000000001,한국수정진동자연구조합의 방문.계획,과학기술처 기술진흥국 기술지원과,1,N,1310377
1988,200802073991,000000000004,산업기술연구조합 설립인가서 재발급,과학기술처 기술진흥국 기술지원과,1,N,1310377
1988,200802073991,000000000005,수정진동자 연구조합의 임원 및 조합원 변경사항,과학기술처 기술진흥국 기술지원과,1,N,1310377
1988,200802073991,000000000009,산업기술연구조합 설립인가서 재교부,과학기술처 기술진흥국 기술지원과,1,N,1310377
1988,200802073992,000000000001,한국 음향기기 연구조합 회원수 변경보고,과학기술처 기술진흥국 기술지원과,1,N,1310377
1988,200802073992,000000000003,산업기술연구조합 설립인가서 재발급,과학기술처 기술진흥국 기술지원과,1,N,1310377
1988,200802073992,000000000010,한국음향기기연구조합 1997년도 현황 보고,과학기술처 기술진흥국 기술지원과,1,N,1310377
1988,200802073993,000000000001,연구조합임원 변경및 신규회원사 신고,과학기술처 기술진흥국 기술지원과,1,N,1310377
1988,200802073993,000000000002,산업기술연구조합 설립인가신청,과학기술처 기술진흥국 기술지원과,1,N,1310377
1988,200802073993,000000000004,연구조합의 정관 변경신고,과학기술처 기술진흥국 기술지원과,1,N,1310377
1988,200802073993,000000000006,산업기술연구조합 설립인가서 재발급,과학기술처 기술진흥국 기술지원과,1,N,1310377
1988,200802073993,000000000007,연구조합 인원 변경신고,과학기술처 기술진흥국 기술지원과,1,N,1310377
1988,200802073993,000000000008,연구조합의 정관 변경 신고,과학기술처 기술진흥국 기술지원과,1,N,1310377
1988,200802073993,000000000010,연구조합 주소 변경신고,과학기술처 기술진흥국 기술지원과,1,N,1310377
1988,200802073993,000000000011,산업기술연구조합 설립인가서 갱신교부,과학기술처 기술진흥국 기술지원과,1,N,1310377
1988,200802073993,000000000014,연구조합의 대표이사 및 이사변경신고,과학기술처 기술진흥국 기술지원과,1,N,1310377
1988,200802073993,000000000016,산업기술연구조합 설립인가증 재교부,과학기술처 기술진흥국 기술지원과,1,N,1310377
1988,200802073994,000000000011,한국소프트웨어개발연구조합 이사장대행 선임 통보,과학기술처 기술진흥국 기술지원과,1,N,1310377
1988,200802073994,000000000013,8개단위연구조합 설립및 추진방향,과학기술처 기술진흥국 기술지원과,1,N,1310377
1988,200802073994,000000000015,산업기술연구조합 설립인가신청 현황 (요약),과학기술처 기술진흥국 기술지원과,1,N,1310377
1988,200802073994,000000000017,한국소프트웨어개발연구조합 제7회 정기총회결과 통지,과학기술처 기술진흥국 기술지원과,1,N,1310377
1988,200802073994,000000000018,한국소프트웨어개발연구조합 이사장 변경 통보,과학기술처 기술진흥국 기술지원과,1,N,1310377
1988,200802073994,000000000019,산업기술연구조합의 설립인가서의 대표자 변경 발급,과학기술처 기술진흥국 기술지원과,1,N,1310377
1988,200802073994,000000000020,산업기술연구조합 설립인가서 재발급,과학기술처 기술진흥국 기술지원과,1,N,1310377
1988,200802073994,000000000021,산업기술연구조합 변경등기 보고,과학기술처 기술진흥국 기술지원과,1,N,1310377
1988,200802073994,000000000022,산업기술연구조합 변경등기에 따른 보고,과학기술처 기술진흥국 기술지원과,1,N,1310377
1988,200802073994,000000000025,산업기술연구조합 설립인가서 갱신교부,과학기술처 기술진흥국 기술지원과,1,N,1310377
1988,200802073994,000000000028,한국소프트웨어개발연구조합 업무현황,과학기술처 기술진흥국 기술지원과,1,N,1310377
1988,200802075752,000000000003,특정연구개발사업 협약체결,과학기술부 국립중앙과학관 연구관리부,1,N,1310377
1988,200802075752,000000000004,특정연구개발사업 2차 출연 연구개발비 지급,과학기술부 국립중앙과학관 연구관리부,1,N,1310377
1988,200802075752,000000000010,89년도 특정연구개발사업비 사용실적 보고 조치,과학기술부 국립중앙과학관 연구관리부,1,N,1310377
1988,201003156617,000000000001,산업정책심의회의결사항통보,재정경제부 세제실 관세국 산업관세과,2,N,1310377
1988,201003156618,000000000002,1988년도제6차산업정책심의회결과통보,재정경제부 세제실 관세국 산업관세과,2,N,1310377
1988,201003156618,000000000005,1988년도제8차산업정책심의회결과통보,재정경제부 세제실 관세국 산업관세과,2,N,1310377
1988,201003156693,000000000001,1988년도제1차산업정책심의회개최,재정경제부 경제정책국 정책조정과,1,N,1310377
1988,201003156693,000000000002,산업정책심의회안건상정,재정경제부 경제정책국 정책조정과,1,N,1310377
1988,201003156693,000000000004,1988년도제2차산업정책심의회개최,재정경제부 경제정책국 정책조정과,1,N,1310377
1988,201003156693,000000000006,1988년도제1차산업정책심의회결과통보,재정경제부 경제정책국 정책조정과,1,N,1310377
1988,201003156693,000000000007,1988년도제2차산업정책심의회결과통보,재정경제부 경제정책국 정책조정과,1,N,1310377
1988,201003156693,000000000009,산업정책심의회안건상정,재정경제부 경제정책국 정책조정과,1,N,1310377
1988,201003156693,000000000010,1988년도제3차산업정책심의회개최,재정경제부 경제정책국 정책조정과,1,N,1310377
1988,201003156693,000000000011,1988년도제3차산업정책심의회결과통보,재정경제부 경제정책국 정책조정과,1,N,1310377
1988,201003156693,000000000013,1988년도제4차산업정책심의회개최,재정경제부 경제정책국 정책조정과,1,N,1310377
1988,201003156693,000000000014,1988년도제5차산업정책심의회개최,재정경제부 경제정책국 정책조정과,1,N,1310377
1988,201003156693,000000000015,산업정책심의회안건상정,재정경제부 경제정책국 정책조정과,1,N,1310377
1988,201003156693,000000000018,1988년도제4차산업정책심의회결과통보,재정경제부 경제정책국 정책조정과,1,N,1310377
1988,201003156693,000000000019,1988년도제5차산업정책심의회결과통보,재정경제부 경제정책국 정책조정과,1,N,1310377
1988,201003156694,000000000003,제6차산업정책심의회개최,재정경제부 경제정책국 정책조정과,1,N,1310377
1988,201003156694,000000000004,관세법중개정법률(안)산업정책심의회상정의뢰,재정경제부 경제정책국 정책조정과,1,N,1310377
1988,201003156694,000000000007,1988년도제7차산업정책심의회개최,재정경제부 경제정책국 정책조정과,1,N,1310377
1988,201003156694,000000000008,1988년도제7차산업정책심의회결과통보,재정경제부 경제정책국 정책조정과,1,N,1310377
1988,201003156694,000000000009,1988년도제7차산업정책심의회개최,재정경제부 경제정책국 정책조정과,1,N,1310377
1988,201003156694,000000000011,1988년도제8차산업정책심의회개최,재정경제부 경제정책국 정책조정과,1,N,1310377
1988,201003156694,000000000012,1988년도제8차산업정책심의회결과통보,재정경제부 경제정책국 정책조정과,1,N,1310377
1988,201003156694,000000000013,관세법시행령중개정령안산업정책심의회상정의뢰,재정경제부 경제정책국 정책조정과,1,N,1310377
1988,201003156694,000000000014,산업정책심의회안건상정요청,재정경제부 경제정책국 정책조정과,1,N,1310377
1988,201003156694,000000000015,1989년도한국산업은행업무계획(안)산업정책심의회부의요청,재정경제부 경제정책국 정책조정과,1,N,1310377
1988,201003156694,000000000016,1988년도제9차산업정책심의회개최,재정경제부 경제정책국 정책조정과,1,N,1310377
1988,201003156694,000000000017,1988년도제9차산업정책심의회결과통보,재정경제부 경제정책국 정책조정과,1,N,1310377
1988,201003156694,000000000018,1988년도제10차산업정책심의회개최,재정경제부 경제정책국 정책조정과,1,N,1310377
1988,201003156694,000000000019,1988년도제10차산업정책심의회결과통보,재정경제부 경제정책국 정책조정과,1,N,1310377
1988,201003156695,000000000001,산업정책심의회안건서면결의,재정경제부 경제정책국 정책조정과,1,N,1310377
1988,201003156695,000000000004,산업정책심의회안건서면결의,재정경제부 경제정책국 정책조정과,1,N,1310377
1988,201003192954,000000000003,반도체설계용역의부가가치세과세여부,국세청 개인납세국 부가가치세과,3,N,1310377
1988,201003196502,000000000002,기술료대가의조세감면여부,국세청 국제조세관리관 국제세원관리담당관,3,N,1310377
1988,201003196502,000000000003,기술료에대한조세감면여부,국세청 국제조세관리관 국제세원관리담당관,3,N,1310377
1988,201003196502,000000000004,기술료감면여부,국세청 국제조세관리관 국제세원관리담당관,3,N,1310377
1988,201103541093,000000000003,특정연구개발사업성과(연구결과의 기업화사례집) 발간.배포,산업자원부 기술표준원 운영지원팀,1,N,1310377
1988,201103541093,000000000015,특정연구개발사업 안내서 배부,산업자원부 기술표준원 운영지원팀,1,N,1310377
1988,201103541093,000000000017,특정연구개발 사업 기술료 사용 실적 보고,산업자원부 기술표준원 운영지원팀,1,N,1310377
1988,201103541093,000000000018,특정연구개발사업 기술료 사용실적 보고,산업자원부 기술표준원 운영지원팀,1,N,1310377
1988,201103541093,000000000019,특정연구개발사업 기술료 사용실적 보고,산업자원부 기술표준원 운영지원팀,1,N,1310377
1988,201103541093,000000000020,특정연구개발사업 기술료 사용실적보고,산업자원부 기술표준원 운영지원팀,1,N,1310377
1988,201103541093,000000000021,특정연구 개발사업 기술료 사용실적 보고,산업자원부 기술표준원 운영지원팀,1,N,1310377
1988,201103541093,000000000022,특정연구 개발사업 기술료 사용 실적 보고,산업자원부 기술표준원 운영지원팀,1,N,1310377
1988,201103541109,000000000002,1987년공업기반기술개발사업 협약체결,산업자원부 기술표준원 운영지원팀,1,N,1310377
1988,201103541111,000000000004,1988년 공업기반 기술개발과제 정부출연금 지급,산업자원부 기술표준원 운영지원팀,1,N,1310377
1988,201103541111,000000000009,1988년 공업기반기술개발과제 사업비 지출내역 사본 통보,산업자원부 기술표준원 운영지원팀,1,N,1310377
1988,201103541142,000000000001,1987 공업기반기술 개발 사업 정부출연금 지급,산업자원부 기술표준원 운영지원팀,1,N,1310377
1988,201103541142,000000000002,1987년도 제2차 공업기반기술개발과제 수행완료,산업자원부 기술표준원 운영지원팀,1,N,1310377
1988,201103541142,000000000004,1987공업기반기술개발사업 재심의에 따른 협약체결,산업자원부 기술표준원 운영지원팀,1,N,1310377
1988,201103541142,000000000005,1987공업기반기술개발 사업 2차 지원과제의 완료에 따른 조치,산업자원부 기술표준원 운영지원팀,1,N,1310377
1988,201103541142,000000000006,1987 공업기반기술개발사업 정부출연금 지급,산업자원부 기술표준원 운영지원팀,1,N,1310377
1988,201103541142,000000000007,1987 공업기반기술개발사업 정부출연금 지급,산업자원부 기술표준원 운영지원팀,1,N,1310377
1988,201103541142,000000000008,1987 공업기반기술개발사업 정부출연금 지급,산업자원부 기술표준원 운영지원팀,1,N,1310377
1988,201103541142,000000000009,1987 공업기반기술개발사업 정부출연금 지급,산업자원부 기술표준원 운영지원팀,1,N,1310377
1988,201103541142,000000000010,1987 공업기반기술개발사업 정부출연금 지급,산업자원부 기술표준원 운영지원팀,1,N,1310377
1988,201103541142,000000000011,1987 공업기반기술개발사업 정부출연금 지급,산업자원부 기술표준원 운영지원팀,1,N,1310377
1988,201103541142,000000000012,1987공업기반기술개발사업 성과활용에 따른 기술료 징수 협약체결,산업자원부 기술표준원 운영지원팀,1,N,1310377
1988,201103541142,000000000013,1987 공업기반기술개발사업 성과활용에 따른 기술료 징수 협약체결,산업자원부 기술표준원 운영지원팀,1,N,1310377
1988,201103541142,000000000014,1987 공업기반기술개발사업 성과활용에 따른 기술료 징수협약 체결,산업자원부 기술표준원 운영지원팀,1,N,1310377
1988,201103541142,000000000015,1987 공업기반기술개발사업 완료과제 성과활용에 따른 기술료징수 협약,산업자원부 기술표준원 운영지원팀,1,N,1310377
1988,201103541142,000000000016,1987공업기반기술개발 사업성과 활용에 따른 기술료징수 협약,산업자원부 기술표준원 운영지원팀,1,N,1310377
1988,201103541142,000000000017,1987 공업기반기술개발완료과제 성과활용에 따른 기술료 징수 협약서 송부,산업자원부 기술표준원 운영지원팀,1,N,1310377
1988,201103541142,000000000018,1987 공업기반기술 개발완료 과제 성과활용에 따른 기술료 징수 협약서 송부,산업자원부 기술표준원 운영지원팀,1,N,1310377
1988,201103541142,000000000019,1987 공업기반기술개발사업 1차년도 사업비 정산 및 관리,산업자원부 기술표준원 운영지원팀,1,N,1310377
1988,201103541142,000000000020,1987 공업기반기술개발 완료과제 성과활용에 따른 기술료 징수 협약,산업자원부 기술표준원 운영지원팀,1,N,1310377
1988,201103541142,000000000021,공업기반기술 개발사업비 사용에 대한 검토의견서 송부,산업자원부 기술표준원 운영지원팀,1,N,1310377
1988,201103541142,000000000022,공업기반기술개발사업 성과활용에 따른 기술료징수 협약,산업자원부 기술표준원 운영지원팀,1,N,1310377
1988,201103541142,000000000023,1990년도 공업기반기술 개발사업 계획서 제출,산업자원부 기술표준원 운영지원팀,1,N,1310377
1988,201103541142,000000000024,1990년도 공업기반기술개발 사업계획서 제출,산업자원부 기술표준원 운영지원팀,1,N,1310377
1988,201103541142,000000000025,공업기반기술개발사업비 정산액 처리 통보,산업자원부 기술표준원 운영지원팀,1,N,1310377
1988,201103541142,000000000026,공업기반기술개발사업 성과활용에 따른 기술료 징수협약,산업자원부 기술표준원 운영지원팀,1,N,1310377
1988,201103541142,000000000027,공업기반기술 개발 과제에 대한 2차년도 최종 보고서 제출,산업자원부 기술표준원 운영지원팀,1,N,1310377
1988,201103541142,000000000028,공업기반기술개발 사업비 정산잔액 처리결과 통보,산업자원부 기술표준원 운영지원팀,1,N,1310377
1988,201103541142,000000000029,공업기반기술 개발사업 변경승인에 대한 지침통보,산업자원부 기술표준원 운영지원팀,1,N,1310377
1988,201103541142,000000000030,공업기반기술 개발사업비 정산 잔액 처리사항 통보,산업자원부 기술표준원 운영지원팀,1,N,1310377
1988,201103541142,000000000031,공업기반기술개발 사업 정산,산업자원부 기술표준원 운영지원팀,1,N,1310377
1988,201103541142,000000000033,공업기반기술개발과제 정산 통보,산업자원부 기술표준원 운영지원팀,1,N,1310377
1988,201103541142,000000000035,공업기반기술개발사업비 정산 통보,산업자원부 기술표준원 운영지원팀,1,N,1310377
1988,201103556307,000000000007,상공부 공업기반기술(인산에스테르합성기술) 심사에 관한 사항 (회신),국립공업시험원 화학시험부 유기화학과,3,N,1310377
1988,201104688364,000000000004,산업정책심의회 의결 합리화대상기업 지정확인,해운항만청 해운국 외항과,3,N,1310377
1988,201104979185,000000000062,정부수립 40주년 사진전 중 반도체 사진,문화공보부,1,N,1310377
1988,201305784936,000000000002,1988년도 제7차 산업정책심의회 결과통보,재무부 이재국 산업금융과,1,N,1310377
1988,201305787088,000000000001,1990년도제2차산업정책심의회결과통보,재정경제부 금융정책국 은행제도과,1,N,1310377
1988,201305822125,000000000002,반도체칩 보호조약 관련 WIPO 회의 참가준비,특허청 산업재산정책본부 국제협력팀,1,N,1310377
1988,201305822125,000000000008,반도체 칩 보호 조약 관련 WIPO 회의 참가 보고서,특허청 산업재산정책본부 국제협력팀,1,N,1310377
1988,201305822132,000000000006,반도체 칩 보호에 관한 자료송부,특허청 산업재산정책본부 국제협력팀,1,N,1310377
1988,201305822132,000000000010,반도체칩보호조약관련 WIPO 외교회의 참가준비,특허청 산업재산정책본부 국제협력팀,1,N,1310377
1988,201305822132,000000000012,반도체칩 보호관련 WIPO 회의 참가,특허청 산업재산정책본부 국제협력팀,1,N,1310377
1988,201305822132,000000000013,반도체 칩 보호조약 관련 WIPO 외교회의 의제별 아국입장,특허청 산업재산정책본부 국제협력팀,3,N,1310377
1988,201405983531,000000000012,전자전기-반도체소자에 관한 기본지식,중국 연변대학(延邊大學),2,N,1310377
1988,201406072257,000000000034,한국전기통신공사장거리통신단부당노동행위구제신청결정서(88부노104),노동부 서울지방노동위원회 사무국 심판과,1,N,1310377
1988,201406075168,000000000001,한국전기통신공사부당노동행위구제신청,노동부 서울지방노동위원회 사무국 심판과,1,N,1310377
1988,201506753168,000000000006,사업자등록신청서(한국모형연구조합),국세청 서울지방국세청 양천세무서 법인세과,3,N,1310377
1988,201708130349,000000000046,서울시내 취임경축 가두 장식물 (한국전기통신공사),총무처,1,N,1310377
1988,202009982033,000000000002,한국전기통신공사자금의EDCF전입검토,재정경제부 경제협력국 개발협력과,1,N,1310377
1988,202010192348,000000000001,산업기술연구조합 설립인가,과학기술처 연구개발조정실 전기전자연구조정관,3,N,1310377
1988,202010192682,000000000001,산업기술연구조합의 설립 인가,과학기술처 연구개발조정실 전기전자연구조정관,3,N,1310377
1988,202010193713,000000000002,한국전기통신공사 관련 임대국사 유지보수,서울체신청 안양우체국,1,N,1310377
1988,202110467583,000000000002,연구개발용으로서 기업부설연구소 및 산업기술연구조합에서 도입하는 다음의 물품,재정경제부 세제실 관세국 관세제도과,1,N,1310377
1988,202110467622,000000000012,88년도 제9차 산업정책심의회 결과통보,재정경제부 세제실 관세국 관세제도과,1,N,1310377
1988,202110467772,000000000001,산업정책심의회 관련자료,재정경제부 금융정책국 금융정책과,1,N,1310377
1988,202110467810,000000000010,88년도 제7차 산업정책심의회 결과통보,재정경제부 세제실 관세국 관세제도과,1,N,1310377
1988,202110884787,000000000015,경상기술료 과세 누락,관세청 감사관,2,N,1310377
1988,202110884789,000000000006,과세대상 기술료 지불,관세청 감사관,2,N,1310377
1988,202110884809,000000000003,제조기술료 과세누락,관세청 감사관,2,N,1310377
1988,202211029815,000000000003,각국의 반도체칩 보호제도 및 운용현황 파악,외무부 통상국 통상1과,1,N,1310377
1988,202211029815,000000000004,반도체칩 보호제도 및 운용현황,외무부 통상국 통상1과,1,N,1310377
1988,202211029815,000000000005,반도체칩 보호제도 및 운용현황 파악,외무부 통상국 통상1과,1,N,1310377
1988,202211029815,000000000006,반도체칩 보호제도 및 운영현황,외무부 통상국 통상1과,1,N,1310377
1988,202411500938,000000000002,한국전기통신공사업무 위탁관계의 해소등으로 인한 인원이관,체신부 총무과,2,N,1310377
1988,202411500938,000000000003,한국전기통신공사 업무위탁관계의 해소등으로 인한 인원이관,체신부 총무과,2,N,1310377
1989,200041036716,000000000001,초고집적 소자제조를 위한 건식 식각장비의 성능 개선방안 연구,한국전자통신연구소,1,Y,1310377
1989,200041042997,000000000001,"1987년도 연구보고서 초록집:특정, 기본 및 공업기반기술과제",한국과학기술연구원,1,Y,1310377
1989,200300123452,000000000007,한국전기통신공사법중개정법률안,재정경제원 기획관리실 법무담당관,1,Y,1310377
1989,200300840194,000000000011,한국전기통신공사법중개정법률안(제46회),총무처 의정국 의사과,2,N,1310377
1989,200300840197,000000000005,한국전기통신공사법중개정법률공포안(제52회),총무처 의정국 의사과,2,N,1310377
1989,200300886517,000000000017,"취업(한국전기통신공사,한국전력공사)에따른의원면직",서울올림픽대회 조직위원회,1,N,1310377
1989,200301061673,000000000011,89년도공업기반기술개발사업시행계획(1차)(상공부공고제89-1호),총무처 법무담당관,1,Y,1310377
1989,200301061724,000000000010,산업기술연구조합설립인가취소(과학기술처공고제89-16호),총무처 법무담당관,1,Y,1310377
1989,200301061771,000000000003,공업기반기술개발사업운용요령중개정(상공부고시제89-14호),총무처 법무담당관,1,Y,1310377
1989,200301061974,000000000006,한국전기통신공사법중개정법률(법률제4150호),총무처 법무담당관,1,Y,1310377
1989,200301061976,000000000029,1990년도공업기반기술개발사업시행계획(상공부공고제89-62호),총무처 법무담당관,1,Y,1310377
1989,200302725177,000000000002,감사결과처분요구(한국전기통신공사정기감사),감사원 제1국 제5과,3,N,1310377
1989,200302725355,000000000001,감사결과처분요구(한국전기통신공사통신물자구매및관리실태),감사원 제1국 제5과,3,N,1310377
1989,200302725355,000000000003,감사결과처분요구(한국전기통신공사통신망디지탈화사업추진실태),감사원 제1국 제5과,3,N,1310377
1989,200302766686,000000000001,한국전기통신공사장거리통신단부당노동행위주제재심신청사건,노동부 중앙노동위원회 사무국,3,N,1310377
1989,200500034251,000000000002,제7차 산업정책심의회 개최,산업자원부 자본재산업국 수송기계산업과,1,N,1310377
1989,200500034251,000000000004,제7차 산업정책심의회 결과 통보,산업자원부 자본재산업국 수송기계산업과,1,N,1310377
1989,200700018365,000000000002,한국전기통신공사법중개정법률안,법제처 사회문화법제국,1,N,1310377
1989,200700187441,000000000003,반도체 포토마스크 제조를 위한 외국인증액투자인가,산업자원부 무역투자정책본부 투자정책팀,1,N,1310377
1989,200701247721,000000000007,제조 기술료 과세 누락건 추징보고,관세청 감사관 감사담당관,1,N,1310377
1989,200801800849,000000000008,G.B내행위(전화국신축)허가신고서보완지시(한국전기통신공사부산지점장),부산광역시 기장군 건축과,1,N,1310377
1989,200802060504,000000000002,직물제조업 합리화계획 연장(안) 산업정책심의회 상정,산업자원부 산업정책본부 산업정책관 산업정책팀,1,N,1310377
1989,200802060850,000000000001,조선산업합리화계획(산업정책심의회안건),산업자원부 기간제조산업본부 자동차조선팀,2,N,1310377
1989,200802062437,000000000003,산업정책심의회 안건 상정 요청,산업자원부 에너지산업본부 석탄산업팀,1,N,1310377
1989,200802062437,000000000004,산업정책심의회 안건 상정요청,산업자원부 에너지산업본부 석탄산업팀,1,N,1310377
1989,200802066457,000000000001,산업기술연구조합 설립인가 협의,과학기술부,1,N,1310377
1989,200802066457,000000000002,산업기술연구조합 설립인가에 대한 회신,과학기술부,1,N,1310377
1989,200802066457,000000000003,산업기술연구조합 설립 인가,과학기술부,1,N,1310377
1989,200802066457,000000000004,산업기술연구조합 설립등기제출,과학기술부,1,N,1310377
1989,200802066457,000000000005,산업기술연구조합 설립인가 취소,과학기술부,1,N,1310377
1989,200802066457,000000000006,의류기술연구조합 청산종결 신고,과학기술부,1,N,1310377
1989,200802071307,000000000001,초고집적 반도체기술 공동개발 연구계획서 제출,과학기술부 연구개발국 기계전자기술과,1,N,1310377
1989,200802071307,000000000002,초고집적 반도체 기술 공동 개발사업 협약체결,과학기술부 연구개발국 기계전자기술과,1,N,1310377
1989,200802071307,000000000003,초고집적반도체기술(차세대 기억소자)공동개발사업 협약체결,과학기술부 연구개발국 기계전자기술과,1,N,1310377
1989,200802071307,000000000004,초고집적 반도체기술 (차세대 기억소자) 공동개발 연구계획서 제출,과학기술부 연구개발국 기계전자기술과,1,N,1310377
1989,200802071307,000000000005,초고집적 반도체기술 (차세대 기억소자) 공동개발사업 협약,과학기술부 연구개발국 기계전자기술과,1,N,1310377
1989,200802071307,000000000006,초고집적반도체기술 공동개발사업 협약,과학기술부 연구개발국 기계전자기술과,1,N,1310377
1989,200802071307,000000000007,초고집적 반도체기술(차세대 기억소자)공동개발사업 2차년도 협약 체결,과학기술부 연구개발국 기계전자기술과,1,N,1310377
1989,200802071307,000000000008,초고집적 반도체기술(차세대 기억소자)공동개발 연구계획서 제출,과학기술부 연구개발국 기계전자기술과,1,N,1310377
1989,200802071307,000000000009,초고집적 반도체기술(차세대 기억소자)공동개발사업 협약,과학기술부 연구개발국 기계전자기술과,1,N,1310377
1989,200802071307,000000000010,초고집적 반도체기술 공동개발사업 3차년도 협약서 송부,과학기술부 연구개발국 기계전자기술과,1,N,1310377
1989,200802071308,000000000001,초고집적 반도체개발사업 최종평가 결과 통보,과학기술부 연구개발국 기계전자기술과,1,N,1310377
1989,200802071309,000000000001,1988원자력분야 특정연구개발사업 연구보고서 송부,과학기술부 연구개발국 기계전자기술과,1,N,1310377
1989,200802071310,000000000001,특정연구개발사업 협약체결,과학기술부 연구개발국 기계전자기술과,1,N,1310377
1989,200802073074,000000000002,89년도 특정연구개발사업 개정과제 취하 요청,과학기술처 연구개발조정실 화공생물연구조정관,1,N,1310377
1989,200802073074,000000000003,89 특정연구개발사업(정부.기업공동)수행 과제중 취소 승인 요청,과학기술처 연구개발조정실 화공생물연구조정관,1,N,1310377
1989,200802073074,000000000004,89년도 특정연구개발사업 보류요망,과학기술처 연구개발조정실 화공생물연구조정관,1,N,1310377
1989,200802073074,000000000005,89특정연구개발사업 선정과제 수행 취소의 건,과학기술처 연구개발조정실 화공생물연구조정관,1,N,1310377
1989,200802073074,000000000007,89특정연구개발사업 수행 포기 통보,과학기술처 연구개발조정실 화공생물연구조정관,1,N,1310377
1989,200802073074,000000000008,89 특정연구개발사업(정부.기업공동) 선정과제중 취소승인 요청,과학기술처 연구개발조정실 화공생물연구조정관,1,N,1310377
1989,200802073074,000000000012,90 특정연구개발사업 수행 포기 통보,과학기술처 연구개발조정실 화공생물연구조정관,1,N,1310377
1989,200802073074,000000000018,90 특정연구개발사업 과제중 포기과제 통보,과학기술처 연구개발조정실 화공생물연구조정관,1,N,1310377
1989,200802073074,000000000024,94 특정연구개발사업(중핵시범) 연구과제 중단 승인,과학기술처 연구개발조정실 화공생물연구조정관,1,N,1310377
1989,200802073074,000000000026,94 특정연구개발사업(국책:농업기술개발)과제 연구수행 중단승인,과학기술처 연구개발조정실 화공생물연구조정관,1,N,1310377
1989,200802073270,000000000006,`89특정연구개발사업 연구기간 연장승인,과학기술처 연구개발조정실 기초종합연구조정관,1,N,1310377
1989,200802073270,000000000008,`89년도 특정연구개발사업 연구개발비 사용실적 보고,과학기술처 연구개발조정실 기초종합연구조정관,1,N,1310377
1989,200802073270,000000000009,`89특정연구개발사업비 집행액 보완자료 제출,과학기술처 연구개발조정실 기초종합연구조정관,1,N,1310377
1989,200802073434,000000000021,(보도자료)특정연구개발사업 참여기관 대폭 확대,과학기술처 기술정책실 기술제도담당관,1,N,1310377
1989,200802073995,000000000001,한국전자재료연구조합의 이사진 변경보고,과학기술처 기술진흥국 기술지원과,1,N,1310377
1989,200802073995,000000000002,산업기술연구조합 설립인가서 재발급,과학기술처 기술진흥국 기술지원과,1,N,1310377
1989,200802073995,000000000003,산업기술연구조합 설립인가서 재발급,과학기술처 기술진흥국 기술지원과,1,N,1310377
1989,200802073995,000000000004,"산업기술연구조합 설립인가서 갱신, 교부",과학기술처 기술진흥국 기술지원과,1,N,1310377
1989,200802073995,000000000005,산업기술연구조합 설립인가서 갱신 교부,과학기술처 기술진흥국 기술지원과,1,N,1310377
1989,200802073996,000000000004,산업기술연구조합 설립인가서 재발급,과학기술처 기술진흥국 기술지원과,1,N,1310377
1989,200802073996,000000000005,산업기술연구조합 설립인가서 재발급,과학기술처 기술진흥국 기술지원과,1,N,1310377
1989,200802073996,000000000006,산업기술연구조합 설립인가서 갱신.교부,과학기술처 기술진흥국 기술지원과,1,N,1310377
1989,200802073996,000000000010,연구조합 해산 신고,과학기술처 기술진흥국 기술지원과,1,N,1310377
1989,200802073996,000000000011,산업기술연구조합 설립인가 취소,과학기술처 기술진흥국 기술지원과,1,N,1310377
1989,200802073996,000000000012,연구조합 등기 말소 통보,과학기술처 기술진흥국 기술지원과,1,N,1310377
1989,200802075753,000000000002,특정연구개발사업 협약체결,과학기술부 국립중앙과학관 연구관리부,1,N,1310377
1989,200802075753,000000000004,특정연구개발과제의 협약변경 승인,과학기술부 국립중앙과학관 연구관리부,1,N,1310377
1989,200802075753,000000000007,89년도 특정연구개발사업 연구개발비 사용실적 보고,과학기술부 국립중앙과학관 연구관리부,1,N,1310377
1989,200802075753,000000000008,89특정연구개발사업비 집행액 보완자료 제출,과학기술부 국립중앙과학관 연구관리부,1,N,1310377
1989,200802076293,000000000012,한국계측기기연구조합 11주년기념 회원사 표창장 발급,과학기술처 기술진흥국 기술지원과,1,N,1310377
1989,200902283363,000000000001,특정연구개발사업 협약체결,과학기술부 연구개발국 기계전자기술과,1,N,1310377
1989,200902398534,000000000002,법인설립신고서(한국전기통신공사원주장거리망운용국),국세청 대전지방국세청 충주세무서 직세과,3,N,1310377
1989,200902659345,000000000003,당청-금성반도체(주)간 서명식 계획,조달청 국제물자본부 국제협력팀,1,N,1310377
1989,200902670188,000000000028,사업자등록정정신고서 7.2-8.16 1-1 (한국전기통신공사문산),국세청 중부지방국세청 고양세무서,3,N,1310377
1989,200902670188,000000000029,사업자등록정정신고서 7.2-8.16 1-1 (한국전기통신공사고양),국세청 중부지방국세청 고양세무서,3,N,1310377
1989,200902670188,000000000040,사업자등록정정신고서 7.2-8.16 1-1 (한국전기통신공사101본부),국세청 중부지방국세청 고양세무서,3,N,1310377
1989,200902670188,000000000055,사업자등록정정신고서 7.2-8.16 1-1 (한국전기통신공사금촌전화국),국세청 중부지방국세청 고양세무서,3,N,1310377
1989,201003012047,000000000004,사업실태 및 사업자등록신청 조사서(한국전기통신공사 중앙통신지원단),국세청 대전지방국세청 영동세무서 세원관리과,3,N,1310377
1989,201003022906,000000000007,사업실태 및 사업자등록신청 조사서 (한국전기통신공사전주장거리망운용국고남산중계소),국세청 광주지방국세청 남원세무서,3,N,1310377
1989,201003192998,000000000008,한국전기통신공사가공급하는임대용역의과세표준,국세청 개인납세국 부가가치세과,1,N,1310377
1989,201003195086,000000000011,공업기반기술개발사업에따른질의,국세청 법인납세국 법인세과,3,N,1310377
1989,201103541110,000000000004,1987년도 특정연구개발사업비 정산결과 통보,산업자원부 기술표준원 운영지원팀,1,N,1310377
1989,201103541110,000000000005,1987년도 특정연구개발사업비 정산결과 및 잔액사용 지정,산업자원부 기술표준원 운영지원팀,1,N,1310377
1989,201103541110,000000000006,특정연구개발사업추진성과파악,산업자원부 기술표준원 운영지원팀,1,N,1310377
1989,201103541110,000000000008,특정연구개발사업 추진성과 파악협조,산업자원부 기술표준원 운영지원팀,1,N,1310377
1989,201103541110,000000000011,특정연구개발사업 추진성과 제출,산업자원부 기술표준원 운영지원팀,1,N,1310377
1989,201103541110,000000000014,특정연구개발사업 안내서 송부,산업자원부 기술표준원 운영지원팀,1,N,1310377
1989,201103541110,000000000015,특정연구개발사업 안내서 송부,산업자원부 기술표준원 운영지원팀,1,N,1310377
1989,201103541136,000000000001,1987공업기반기술개발사업 성과활용에 따른 기술료 징수 협약체결,산업자원부 기술표준원 운영지원팀,1,N,1310377
1989,201103541136,000000000002,기술료 사용규정 개정,산업자원부 기술표준원 운영지원팀,1,N,1310377
1989,201103541136,000000000003,공업기반기술개발 사업 기술료 및 평가관리비 정산통보,산업자원부 기술표준원 운영지원팀,1,N,1310377
1989,201103541136,000000000004,공업기반기술개발사업의 완료에 따른 기술료 징수결과 제출,산업자원부 기술표준원 운영지원팀,1,N,1310377
1989,201103541136,000000000005,공업기반기술개발 기술료 징수 결과 통보,산업자원부 기술표준원 운영지원팀,1,N,1310377
1989,201103541136,000000000006,공업기반기술 개발사업 기술료의 공업발전기금 출연액 정정 통보,산업자원부 기술표준원 운영지원팀,1,N,1310377
1989,201103541136,000000000007,공업기반기술개발과제 기술료의 공업기반기금출연 및 수당지급 요청,산업자원부 기술표준원 운영지원팀,1,N,1310377
1989,201103541136,000000000008,공업기반기술개발 사업 성과활용에 따른 기술료 징수협약 (보완),산업자원부 기술표준원 운영지원팀,1,N,1310377
1989,201103541136,000000000009,공업기반기술개발과제 징수기술료의 사용,산업자원부 기술표준원 운영지원팀,1,N,1310377
1989,201103541136,000000000010,공업기반기술개발과제 기술료의 공업발전기금 출연요청,산업자원부 기술표준원 운영지원팀,1,N,1310377
1989,201103541136,000000000011,공업기반기술개발과제 장려금지급 요청,산업자원부 기술표준원 운영지원팀,1,N,1310377
1989,201103541139,000000000004,1989 공업기반기술개발 과제 수행에 따른 연구기자재 구입비 지급요청,산업자원부 기술표준원 운영지원팀,1,N,1310377
1989,201103541139,000000000005,공업기반기술개발과제 추진을 위한 개발 보전비 지급 요청,산업자원부 기술표준원 운영지원팀,1,N,1310377
1989,201103541139,000000000006,공업기반기술과제 수행에 따른 소요비용 지급요청,산업자원부 기술표준원 운영지원팀,1,N,1310377
1989,201103541139,000000000007,공업기반기술개발 과제 수행을 위한 기타경비 지급 요청,산업자원부 기술표준원 운영지원팀,1,N,1310377
1989,201103541139,000000000011,1989 공업기반기술개발과제 수행에 필요한 재료 구입비 지급요청,산업자원부 기술표준원 운영지원팀,1,N,1310377
1989,201103541139,000000000012,1989 공업기반기술개발과제 수행에 필요한 재료 구입비 요청,산업자원부 기술표준원 운영지원팀,1,N,1310377
1989,201103541139,000000000013,1989 공업기반기술개발과제 수행에 필요한 시작품 제작비 요청,산업자원부 기술표준원 운영지원팀,1,N,1310377
1989,201103541139,000000000014,공업기반기술 개발과제 수행에 따른 소요비용 지급요청,산업자원부 기술표준원 운영지원팀,1,N,1310377
1989,201103541139,000000000015,공업기반기술 개발과제 수행에 따른 소요비용 지급요청,산업자원부 기술표준원 운영지원팀,1,N,1310377
1989,201103541139,000000000016,공업기반기술 개발과제 수행에 따른 소요비용 지급요청,산업자원부 기술표준원 운영지원팀,1,N,1310377
1989,201103541139,000000000018,기술료 사용실적 통보,산업자원부 기술표준원 운영지원팀,1,N,1310377
1989,201103541143,000000000001,공업기반기술 개발사업 완료과제에 대한 사후관리 서류제출,산업자원부 기술표준원 운영지원팀,1,N,1310377
1989,201103541143,000000000002,공업기반기술개발사업에 대한 사후관리 제출 서류 독촉,산업자원부 기술표준원 운영지원팀,1,N,1310377
1989,201103541143,000000000003,공업기반기술개발사업 완료과제에 대한 사후관리 지침통보(회신),산업자원부 기술표준원 운영지원팀,1,N,1310377
1989,201103541143,000000000004,1987 공업기반기술 개발사업 기술료징수,산업자원부 기술표준원 운영지원팀,1,N,1310377
1989,201103541143,000000000005,연구개발사업 기술료 징수불가 확정 요구,산업자원부 기술표준원 운영지원팀,1,N,1310377
1989,201103541143,000000000006,공업기반기술개발 사업 성과활용에 따른 기술료 징수협약(보완),산업자원부 기술표준원 운영지원팀,1,N,1310377
1989,201103541143,000000000017,공업기반기술 개발사업 정부출연금 수령에 따른 구좌통보,산업자원부 기술표준원 운영지원팀,1,N,1310377
1989,201103541143,000000000019,공업기반기술 개발사업(한.일 기술협력 등)협약 체결,산업자원부 기술표준원 운영지원팀,1,N,1310377
1989,201103541143,000000000020,공업기반기술개발사업 1991년도 신규지원과제 선정 및 협약체결-Glass Beads 제조기술개발,산업자원부 기술표준원 운영지원팀,1,N,1310377
1989,201103541143,000000000021,공업기반기술개발사업 1991년도 신규지원과제 선정 및 협약체결-상온발포 및 경화성 Silicove RTV Foam의 제조기술개발,산업자원부 기술표준원 운영지원팀,1,N,1310377
1989,201103541143,000000000022,공업기반기술 개발사업(한.일 기술협력),산업자원부 기술표준원 운영지원팀,1,N,1310377
1989,201103541143,000000000024,공업기반기술개발사업(한일기술협력등)협약체결,산업자원부 기술표준원 운영지원팀,1,N,1310377
1989,201103541143,000000000025,특정연구개발사업 성과 활용보고서 제출,산업자원부 기술표준원 운영지원팀,1,N,1310377
1989,201103541143,000000000026,1986 특정연구개발사업 변경,산업자원부 기술표준원 운영지원팀,1,N,1310377
1989,201103541143,000000000031,특정연구개발사업 성과활용보고서 제출,산업자원부 기술표준원 운영지원팀,1,N,1310377
1989,201103541143,000000000033,특정연구개발사업 성과활용보고서 제출요청,산업자원부 기술표준원 운영지원팀,1,N,1310377
1989,201103541143,000000000037,공업기반기술개발과제 현황 송부,산업자원부 기술표준원 운영지원팀,1,N,1310377
1989,201103541143,000000000039,1991년도 공업기반기술개발사업 안내책자 송부,산업자원부 기술표준원 운영지원팀,1,N,1310377
1989,201103541143,000000000040,공업기반기술 개발사업 완료과제에 대힌 사후관리 서류제출 독촉,산업자원부 기술표준원 운영지원팀,1,N,1310377
1989,201103541143,000000000042,공업기반기술개발 사업완료 과제에 대한 사후관리 서류제출 통보,산업자원부 기술표준원 운영지원팀,1,N,1310377
1989,201103541143,000000000043,공업기반기술 개발사업 완료과제에 대한 사후관리 서류제출,산업자원부 기술표준원 운영지원팀,1,N,1310377
1989,201103541143,000000000044,공업기반기술개발사업 완료과제에 대한 보고서류 제출,산업자원부 기술표준원 운영지원팀,1,N,1310377
1989,201104698382,000000000005,산업정책심의회의결사항통보,건설교통부 국토정책국 수도권계획과,3,N,1310377
1989,201104704332,000000000007,한국전기통신공사 전자계산조직 설치협의 검토,총무처 행정관리국 행정전산과,1,N,1310377
1989,201104704332,000000000013,한국전기통신공사 전자계산조직 설치협의 검토,총무처 행정관리국 행정전산과,3,N,1310377
1989,201104704344,000000000001,한국전기통신공사 전자계산조직 설치협의 검토,총무처 행정관리국 행정전산과,1,N,1310377
1989,201104704344,000000000003,한국전기통신공사 전자계산조직 설치협의 검토,총무처 행정관리국 행정전산과,1,N,1310377
1989,201104704344,000000000005,한국전기통신공사 전자계산조직 설치협의 검토,총무처 행정관리국 행정전산과,1,N,1310377
1989,201205225375,000000000007,1989년도 제4차 산업정책심의회 결과 통보,재정경제부 세제실 관세국 산업관세과,1,N,1310377
1989,201205225579,000000000001,1989년도 제6차 산업정책심의회 개최,재정경제부 경제정책국 정책조정과,1,N,1310377
1989,201205225579,000000000002,산업정책심의회 안건서면결의,재정경제부 경제정책국 정책조정과,1,N,1310377
1989,201205225579,000000000003,1989년도 제6차 산업정책심의회 미개최 통보,재정경제부 경제정책국 정책조정과,1,N,1310377
1989,201205225579,000000000004,산업정책심의회 의결사항 통보,재정경제부 경제정책국 정책조정과,1,N,1310377
1989,201205225579,000000000006,산업정책심의회 안건서면 결의,재정경제부 경제정책국 정책조정과,1,N,1310377
1989,201205225579,000000000007,1989년도 제8차 산업정책심의회 개최,재정경제부 경제정책국 정책조정과,1,N,1310377
1989,201205225579,000000000008,1989년도 제8차 산업정책심의회 취소 통보,재정경제부 경제정책국 정책조정과,1,N,1310377
1989,201205225579,000000000009,산업정책심의회 안건 서면결의,재정경제부 경제정책국 정책조정과,1,N,1310377
1989,201205225579,000000000010,산업정책심의회 의결사항 통보,재정경제부 경제정책국 정책조정과,1,N,1310377
1989,201205225579,000000000011,산업정책심의회 안건 서면결의,재정경제부 경제정책국 정책조정과,1,N,1310377
1989,201205225579,000000000012,산업정책심의회 의결사항 통보,재정경제부 경제정책국 정책조정과,1,N,1310377
1989,201205225579,000000000014,산업정책심의회 안건 서면결의,재정경제부 경제정책국 정책조정과,1,N,1310377
1989,201205225579,000000000015,산업정책심의회 의결사항 통보,재정경제부 경제정책국 정책조정과,1,N,1310377
1989,201205225580,000000000002,산업정책심의회 안건 상정,재정경제부 경제정책국 정책조정과,1,N,1310377
1989,201205225580,000000000004,1989년도 제1차 산업정책심의회 개최,재정경제부 경제정책국 정책조정과,1,N,1310377
1989,201205225580,000000000005,1989년도 제1차 산업정책심의회 결과 통보,재정경제부 경제정책국 정책조정과,1,N,1310377
1989,201205225580,000000000007,1989년도 제2차 산업정책심의회 결과 통보,재정경제부 경제정책국 정책조정과,1,N,1310377
1989,201205225580,000000000008,산업정책심의회 안건 상정,재정경제부 경제정책국 정책조정과,1,N,1310377
1989,201205225580,000000000010,1989년도 제3차 산업정책심의회 결과 통보,재정경제부 경제정책국 정책조정과,1,N,1310377
1989,201205225581,000000000003,1989년도 제4차 산업정책심의회 개최,재정경제부 경제정책국 정책조정과,1,N,1310377
1989,201205225582,000000000001,직물제조업 합리화계획 연장(안) 산업정책심의회 상정,재정경제부 경제정책국 정책조정과,1,N,1310377
1989,201205225582,000000000002,1989년도 제5차 산업정책심의회 개최,재정경제부 경제정책국 정책조정과,1,N,1310377
1989,201205225582,000000000003,1989년도 제5차 산업정책심의회 결과 통보,재정경제부 경제정책국 정책조정과,1,N,1310377
1989,201205225582,000000000004,1989년도 제6차 산업정책심의회 개최,재정경제부 경제정책국 정책조정과,1,N,1310377
1989,201205225582,000000000005,1989년도 제7차 산업정책심의회 개최,재정경제부 경제정책국 정책조정과,1,N,1310377
1989,201205225582,000000000006,1989년도 제7차 산업정책심의회 결과 통보,재정경제부 경제정책국 정책조정과,1,N,1310377
1989,201205225582,000000000007,1989년도 제6차 산업정책심의회 결과 통보,재정경제부 경제정책국 정책조정과,1,N,1310377
1989,201205225582,000000000010,1989년도 제8차 산업정책심의회 개최,재정경제부 경제정책국 정책조정과,1,N,1310377
1989,201205225582,000000000011,1990년도 한국산업은행 업무계획(안) 산업정책심의회 부의요청,재정경제부 경제정책국 정책조정과,1,N,1310377
1989,201205225582,000000000012,1989년도 제8차 산업정책심의회 결과 통보,재정경제부 경제정책국 정책조정과,1,N,1310377
1989,201305784919,000000000024,전자산업(반도체 및 가전) 관련현안,재무부 이재국 금융정책과,1,N,1310377
1989,201305822133,000000000020,반도체칩 보호조약 채택 외교회의(4),특허청 산업재산정책본부 국제협력팀,1,N,1310377
1989,201305822133,000000000021,반도체칩 보호조약 채택 외교회의(3),특허청 산업재산정책본부 국제협력팀,1,N,1310377
1989,201305822133,000000000029,반도체 집적회로 보호제도 검토보고서,특허청 산업재산정책본부 국제협력팀,1,N,1310377
1989,201305822133,000000000030,반도체 집적회로 보호관련 실무회의 참석 보고서,특허청 산업재산정책본부 국제협력팀,1,N,1310377
1989,201305822133,000000000031,반도체칩(집적회로) 보호제도 회의결과,특허청 산업재산정책본부 국제협력팀,1,N,1310377
1989,201305822133,000000000034,직접회로(반도체) 지적소유권 보호법안,특허청 산업재산정책본부 국제협력팀,1,N,1310377
1989,201305822133,000000000035,집적회로(반도체) 지적소유권 보호법안,특허청 산업재산정책본부 국제협력팀,1,N,1310377
1989,201506752324,000000000004,법인설립신고서(한국전자재료연구조합),국세청 서울지방국세청 역삼세무서,3,N,1310377
1989,201506752343,000000000006,법인설립신고서(신원반도체(주)),국세청 서울지방국세청 역삼세무서,3,N,1310377
1989,201506753186,000000000021,납세지변경신고서(서울파우어반도체 주식회사),국세청 서울지방국세청 양천세무서 법인세과,3,N,1310377
1989,202010192366,000000000001,"전기통신요금변천록, 한국전기통신공사",체신부,1,N,1310377
1989,202010192683,000000000001,산업기술연구조합 설립인가,과학기술처 연구개발조정실 전기전자연구조정관,3,N,1310377
1989,202010192684,000000000001,산업기술연구조합 설립인가,과학기술처 연구개발조정실 전기전자연구조정관,3,N,1310377
1989,202010192685,000000000001,산업기술연구조합 설립인가,과학기술처 연구개발조정실 전기전자연구조정관,3,N,1310377
1989,202110884805,000000000008,경상기술료에 대한 관세등 징수누락,관세청 감사관,2,N,1310377
1989,202110884817,000000000002,경상기술료 지불에 대한 과세대상여부 질의,관세청 감사관,2,N,1310377
1989,202110884819,000000000009,통보사항-기술료 과세 검토,관세청 감사관,2,N,1310377
1989,202411500722,000000000002,한국전기통신공사 업무위탁관계의 해소등으로 인한 인원이관,체신부 총무과,1,N,1310377
1989,202411500722,000000000003,한국전기통신공사 업무위탁 관계의 해소등으로 인한 인원이관,체신부 총무과,1,N,1310377
1989,202411500722,000000000004,한국전기통신공사 업무위탁관계의 해소등으로 인한 인원이관,체신부 총무과,1,N,1310377
1989,202411500722,000000000005,한국전기통신공사 업무위탁관계의 해소등으로 인한 인원이관,체신부 총무과,1,N,1310377
1989,202411500722,000000000006,한국전기통신공사 업무위탁관계의 해소등으로 인한 인원이관,체신부 총무과,1,N,1310377
1989,202411500722,000000000007,한국전기통신공사 업무위탁 관계의 해소등으로 인한 인원이관,체신부 총무과,1,N,1310377
1989,202411500722,000000000008,한국전기통신공사 업무위탁관계의 해소등으로 인한 인원이관,체신부 총무과,1,N,1310377
1989,202411500722,000000000012,한국전기통신공사 업무위탁관계의 해소등으로 인한 인원이관,체신부 총무과,1,N,1310377
1989,202411500722,000000000013,한국전기통신공사 업무위탁 관계의 해소 등으로 인한 인원이관,체신부 총무과,1,N,1310377
1989,202411500722,000000000014,한국전기통신공사 업무위탁관계의 해소 등으로 인한 인원이관,체신부 총무과,1,N,1310377
1989,202411500722,000000000015,한국전기통신공사 업무위탁 관계의 해소등으로 인한 인원이관,체신부 총무과,1,N,1310377
1989,202411500722,000000000017,한국전기통신공사 인원이관 보고,체신부 총무과,1,N,1310377
1989,202411500940,000000000001,한국전기통신공사 이사 임면,체신부 총무과,2,N,1310377
1989,202511687883,000000000007,한국전기통신공사 기부채납 건물 소유권 이전,체신부 체신금융국 재무관리과,2,N,1310377
1990,200041030749,000000000001,특정연구개발사업 과제 초록 1990,과학기술처,1,N,1310377
1990,200041044075,000000000001,최근의 특정연구개발사업 우수연구개발 성공사례,과학기술처,1,Y,1310377
1990,200041066721,000000000001,반도체 광자공학 기술 개발 연구(최종보고서),과학기술처,1,Y,1310377
1990,200041066850,000000000001,반도체 biosensor 개발:Si반도체 기술개발중(최종보고서),과학기술처,1,Y,1310377
1990,200041109163,000000000001,광소자용 비정질 합금 반도체 재료 개발(최종보고서),과학기술처,1,Y,1310377
1990,200200008481,000000000001,노태우대통령과학기술진흥확대회의참석국민의례,공보처 홍보국 사진담당관,1,Y,1310377
1990,200200008481,000000000002,노태우대통령과학기술진흥확대회의참석자와악수1,공보처 홍보국 사진담당관,1,Y,1310377
1990,200200008481,000000000003,노태우대통령과학기술진흥확대회의참석자와악수2,공보처 홍보국 사진담당관,1,Y,1310377
1990,200200008481,000000000004,노태우대통령과학기술진흥확대회의주재,공보처 홍보국 사진담당관,1,Y,1310377
1990,200200018850,000000000002,노태우대통령과학기술진흥확대회의주재1,공보처 홍보국 사진담당관,1,Y,1310377
1990,200200018850,000000000003,노태우대통령과학기술진흥확대회의주재2,공보처 홍보국 사진담당관,1,Y,1310377
1990,200200018850,000000000004,노태우대통령과학기술진흥확대회의주재3,공보처 홍보국 사진담당관,1,Y,1310377
1990,200300123020,000000000010,한국전기통신공사법시행령중 개정령안(제55회),총무처 의정국 의사과,1,Y,1310377
1990,200301062005,000000000006,한국전기통신공사법시행령중개정령안(체신부공고제9호),총무처 법무담당관,1,Y,1310377
1990,200301062035,000000000025,장기계속계약단가입찰공고(서울대학교반도체공동연구소공고제1호),총무처 법무담당관,1,Y,1310377
1990,200301062040,000000000008,공업기반기술개발사업운용요령중개정(상공부고시제90-12호),총무처 법무담당관,1,Y,1310377
1990,200301062042,000000000015,산업기술연구조합의해산(과학기술처공고제90-14호),총무처 법무담당관,1,Y,1310377
1990,200301062136,000000000016,1991년도특정연구개발사업시행계획(과학기술처공고제90-53호),총무처 법무담당관,1,Y,1310377
1990,200301062146,000000000026,물품구매입찰공고(서울대학교반도체공동연구소공고제3호),총무처 법무담당관,1,Y,1310377
1990,200301062158,000000000018,물품구매재입찰공고(서울대학교반도체연구소공고제4호),총무처 법무담당관,1,Y,1310377
1990,200301062183,000000000002,산업기술연구조합육성법중개정법률안(과학기술처공고제58호),총무처 법무담당관,1,Y,1310377
1990,200301062260,000000000004,한국전기통신공사법시행령중개정령(대통령령제13179호),총무처 법무담당관,1,Y,1310377
1990,200301566569,000000000002,삼성전자㈜등18개퍼스널컴퓨터제조회사및한국컴퓨터연구조합의부당한공동행위등에대한,공정거래위원회 사무처 심판행정담당관,1,N,1310377
1990,200302144430,000000000035,배출시설설치허가대장(한국전기통신공사평택전신전화국),경기도 평택시 사회환경국 환경보호과,1,N,1310377
1990,200302714810,000000000002,한국전기통신공사업무위탁관계의해소등으로인한인원이관,정보통신부 우정사업본부 경북체신청 포항우체국 관리과,1,N,1310377
1990,200302714810,000000000004,한국전기통신공사업무위탁관계의해소등으로인한인원이관,정보통신부 우정사업본부 경북체신청 포항우체국 관리과,1,N,1310377
1990,200302724958,000000000003,산업정책심의회안건수정,산업자원부 자본재산업국 수송기계산업과,1,N,1310377
1990,200302724958,000000000004,90년도제3차산업정책심의회개최,산업자원부 자본재산업국 수송기계산업과,1,N,1310377
1990,200302724958,000000000005,90년도제3차산업정책심의회결과통보,산업자원부 자본재산업국 수송기계산업과,1,N,1310377
1990,200302725408,000000000002,감사결과처분요구(한국전기통신공사정기감사),감사원 제1국 제1과,3,N,1310377
1990,200302725408,000000000004,감사결과처분요구(한국전기통신공사서울사업본부및부산사업본부정기감사),감사원 제1국 제1과,3,N,1310377
1990,200302725428,000000000001,감사결과처분요구(가입자선로및환기설치공사집행실태-한국전기통신공사),감사원 제1국 제5과,3,N,1310377
1990,200500034254,000000000002,1990년도제3차 산업정책심의회 결과 통보,산업자원부 자본재산업국 수송기계산업과,1,N,1310377
1990,200500034254,000000000003,1990년도 제3차 산업정책심의회 개최,산업자원부 자본재산업국 수송기계산업과,1,N,1310377
1990,200500034254,000000000004,산업정책심의회 안건 수정,산업자원부 자본재산업국 수송기계산업과,1,N,1310377
1990,200500034254,000000000006,1990년도 제 3차 산업정책심의회 결과 통보,산업자원부 자본재산업국 수송기계산업과,1,N,1310377
1990,200700018408,000000000003,한국전기통신공사법시행령중개정령안,법제처 사회문화법제국,1,N,1310377
1990,200700434444,000000000024,한국전기통신공사광주건설국근로자재해사건이의에관한심사중재청구사건,노동부 중앙노동위원회 사무국 심판과,3,N,1310377
1990,200701472176,000000000009,산업기술연구조합육성법중개정법률(안)협의,법무부 법무실 법무심의관,1,N,1310377
1990,200801801212,000000000008,개발제한구역내 행위(전화국)허가승인 신청 (한국전기통신공사 부산사업본부장),부산광역시 기장군 건축과,1,N,1310377
1990,200802071320,000000000001,특정연구개발사업 협약체결,과학기술부 연구개발국 기계전자기술과,1,N,1310377
1990,200802071321,000000000001,특정연구개발사업 협약체결,과학기술부 연구개발국 기계전자기술과,1,N,1310377
1990,200802071322,000000000001,특정연구개발사업 협약체결,과학기술부 연구개발국 기계전자기술과,1,N,1310377
1990,200802071323,000000000001,특정연구개발사업 협약체결,과학기술부 연구개발국 기계전자기술과,1,N,1310377
1990,200802071324,000000000001,초고집적 반도체기술 (차세대 기억소자) 공동개발사업 추진,과학기술부 연구개발국 기계전자기술과,1,N,1310377
1990,200802071324,000000000003,반도체개발사업 실무지원위원회 개최,과학기술부 연구개발국 기계전자기술과,1,N,1310377
1990,200802071324,000000000004,초고집적 반도체기술(차세대 기억소자) 공동개발사업 추진,과학기술부 연구개발국 기계전자기술과,1,N,1310377
1990,200802071324,000000000006,초고집적 반도체기술 공동개발사업 추진,과학기술부 연구개발국 기계전자기술과,1,N,1310377
1990,200802071324,000000000007,초고집적 반도체 공동개발 실무지원위원회 서면결의,과학기술부 연구개발국 기계전자기술과,1,N,1310377
1990,200802071324,000000000008,초고집적 반도체 공동개발 서면결의에 대한 회신,과학기술부 연구개발국 기계전자기술과,1,N,1310377
1990,200802072006,000000000006,특정연구개발사업 처리규정개정,과학기술부 기획관리실 행정법무담당관,1,N,1310377
1990,200802072262,000000000002,특정연구개발사업 협약체결,과학기술부 기초연구국 기초연구정책과,1,N,1310377
1990,200802072388,000000000002,특정연구개발사업 협약체결,과학기술부 과학기술혁신본부 연구개발조정관 정보전자심의관,1,N,1310377
1990,200802072581,000000000001,특정연구개발사업 협약체결,과학기술처,1,N,1310377
1990,200802072581,000000000002,90 특정연구개발사업 변경승인,과학기술처,1,N,1310377
1990,200802073053,000000000001,4M DRAM 기술실시 계약체결 통보,과학기술처 연구개발조정실 전기전자연구조정관,1,N,1310377
1990,200802073053,000000000002,특정연구개발사업 관련기술 실시계약체결 결과 통보,과학기술처 연구개발조정실 전기전자연구조정관,1,N,1310377
1990,200802073053,000000000003,기술료사용실적보고서,과학기술처 연구개발조정실 전기전자연구조정관,1,N,1310377
1990,200802073053,000000000004,특정연구개발사업 관련 기술료 사용에 관한 자체운영규정 제출,과학기술처 연구개발조정실 전기전자연구조정관,1,N,1310377
1990,200802073053,000000000006,특정연구과제기술료 수입 및 사용실적,과학기술처 연구개발조정실 전기전자연구조정관,1,N,1310377
1990,200802073053,000000000007,초고집적 반도체기술(차세대 기억소자)공동개발사업 연구비 사용 및 특허출원 현황,과학기술처 연구개발조정실 전기전자연구조정관,1,N,1310377
1990,200802073053,000000000008,특정연구개발사업 처리규정 개정,과학기술처 연구개발조정실 전기전자연구조정관,1,N,1310377
1990,200802073053,000000000009,기술료징수 및 사용에 관한 연구개발사업 관계규정 비교,과학기술처 연구개발조정실 전기전자연구조정관,1,N,1310377
1990,200802073053,000000000010,특정연구개발사업 연구비 집행잔액 입금내용 제출,과학기술처 연구개발조정실 전기전자연구조정관,1,N,1310377
1990,200802073053,000000000011,4M.16/64M DRAM 반도체 공동개발사업 사후관리,과학기술처 연구개발조정실 전기전자연구조정관,1,N,1310377
1990,200802073053,000000000012,특정연구개발사업 관련기술료 징수결과 통보,과학기술처 연구개발조정실 전기전자연구조정관,1,N,1310377
1990,200802073054,000000000002,특정연구개발사업 협약체결,과학기술처 연구개발조정실 전기전자연구조정관,1,N,1310377
1990,200802073272,000000000001,특정연구개발사업 협약체결,과학기술처 연구개발조정실 기초종합연구조정관,1,N,1310377
1990,200802073272,000000000002,1990년도 특정연구개발사업(추경) 최종보고서 제출,과학기술처 연구개발조정실 기초종합연구조정관,1,N,1310377
1990,200802073272,000000000004,특정연구개발사업 관련업체 법정관리 결정사항 보고,과학기술처 연구개발조정실 기초종합연구조정관,1,N,1310377
1990,200802073281,000000000001,특정연구개발사업 협약체결,과학기술처 연구개발조정실 기계연구조정관,1,N,1310377
1990,200802073281,000000000003,1990 특정연구개발사업 변경승인,과학기술처 연구개발조정실 기계연구조정관,1,N,1310377
1990,200802073282,000000000001,특정연구개발사업 협력체결,과학기술처 연구개발조정실 기계연구조정관,1,N,1310377
1990,200802073283,000000000001,특정연구개발사업 협약체결,과학기술처 연구개발조정실 기계연구조정관,1,N,1310377
1990,200802073284,000000000001,특정연구개발사업 협약체결,과학기술처 연구개발조정실 기계연구조정관,1,N,1310377
1990,200802073315,000000000001,특정연구개발사업 협약체결,과학기술처 연구개발조정실 동력자원연구조정관,1,N,1310377
1990,200802073997,000000000001,당 연구조합 주소지 변경 통지의 건,과학기술처 기술진흥국 기술지원과,1,N,1310377
1990,200802073997,000000000002,당 연구조합 이사장 변경 통고의 건,과학기술처 기술진흥국 기술지원과,1,N,1310377
1990,200802073997,000000000004,산업기술연구조합 설립인가서 재발급,과학기술처 기술진흥국 기술지원과,1,N,1310377
1990,200802073997,000000000006,산업기술연구조합 설립인가서 갱신교부(대표자 변경),과학기술처 기술진흥국 기술지원과,1,N,1310377
1990,200802073998,000000000001,연구조합설립등기보고,과학기술처 기술진흥국 기술지원과,1,N,1310377
1990,200802073998,000000000006,산업기술연구조합 설립인가서 갱신교부,과학기술처 기술진흥국 기술지원과,1,N,1310377
1990,200802073998,000000000009,정관변경인가 및 연구조합인가서 재발급,과학기술처 기술진흥국 기술지원과,1,N,1310377
1990,200802073998,000000000010,산업기술연구조합 설립인가서 재교부,과학기술처 기술진흥국 기술지원과,1,N,1310377
1990,200802074121,000000000001,특정연구개발사업 협약체결,과학기술처 기술협력국 기술협력1과,1,N,1310377
1990,200802074121,000000000003,특정연구개발사업 협약체결,과학기술처 기술협력국 기술협력1과,1,N,1310377
1990,200802074121,000000000004,특정연구개발사업 협약체결,과학기술처 기술협력국 기술협력1과,1,N,1310377
1990,200802074268,000000000001,특정연구개발사업 협약체결,과학기술부,1,N,1310377
1990,200802074268,000000000002,"""특정연구개발사업 운영제도 개선에 관한 연구"" 중간보고회",과학기술부,1,N,1310377
1990,200802074268,000000000003,90특정연구개발사업 연구개발 결과 보고 독촉,과학기술부,1,N,1310377
1990,200802074268,000000000004,90년도 특정연구개발사업비 사용잔액 통보,과학기술부,1,N,1310377
1990,200802074268,000000000005,91년도 완료 특정연구개발사업비 사용실적보고,과학기술부,1,N,1310377
1990,200802074268,000000000006,특정연구개발사업비 잔액 입금 통보,과학기술부,1,N,1310377
1990,200802075754,000000000002,90 특정연구개발사업 보고서 제출요망,과학기술부 국립중앙과학관 연구관리부,1,N,1310377
1990,200802075754,000000000004,90 특정연구개발사업 보고서 미제출에 따른 조치,과학기술부 국립중앙과학관 연구관리부,1,N,1310377
1990,200802076202,000000000001,특정연구개발사업 협약체결,과학기술처 연구개발조정실 기계연구조정관,1,N,1310377
1990,200802076207,000000000011,1990특정연구개발사업비 비목간 변경승인,과학기술처 연구개발조정실 생물해양연구조정관,1,N,1310377
1990,200802076207,000000000015,특정연구개발사업 총괄 연구 책임자 변경 요청,과학기술처 연구개발조정실 생물해양연구조정관,1,N,1310377
1990,200802076207,000000000026,1991특정연구개발사업 과제 연구책임자 변경,과학기술처 연구개발조정실 생물해양연구조정관,1,N,1310377
1990,200802097700,000000000009,한국전기통신공사 94년도 경영목표(안) 검토의뢰,체신부 정보통신정책실,1,N,1310377
1990,200902283151,000000000001,특정연구개발사업 협약체결,과학기술부 연구개발국 기계전자기술과,1,N,1310377
1990,200902283153,000000000001,특정연구개발사업 협약체결,과학기술부 연구개발국 기계전자기술과,1,N,1310377
1990,200902283154,000000000001,특정연구개발사업 협약체결,과학기술부 연구개발국 기계전자기술과,1,N,1310377
1990,200902283155,000000000001,특정연구개발사업 협약체결,과학기술부 연구개발국 기계전자기술과,1,N,1310377
1990,200902283156,000000000001,특정연구개발사업 협약체결,과학기술부 연구개발국 기계전자기술과,1,N,1310377
1990,200902283157,000000000001,특정연구개발사업 협약사항 변경,과학기술부 연구개발국 기계전자기술과,1,N,1310377
1990,200902283158,000000000001,특정연구개발사업 협약체결,과학기술부 연구개발국 기계전자기술과,1,N,1310377
1990,200902283159,000000000001,특정연구개발사업 협약체결,과학기술부 연구개발국 기계전자기술과,1,N,1310377
1990,200902283161,000000000001,특정연구개발사업 협약체결,과학기술부 연구개발국 기계전자기술과,1,N,1310377
1990,200902283162,000000000001,특정연구개발사업 협약체결,과학기술부 연구개발국 기계전자기술과,1,N,1310377
1990,200902283163,000000000001,특정연구개발사업 협약체결,과학기술부 연구개발국 기계전자기술과,1,N,1310377
1990,200902283164,000000000001,특정연구개발사업 협약체결,과학기술부 연구개발국 기계전자기술과,1,N,1310377
1990,200902283165,000000000001,특정연구개발사업 협약체결,과학기술부 연구개발국 기계전자기술과,1,N,1310377
1990,200902283171,000000000001,특정연구개발사업 협약체결(국책과제:CSDP),과학기술부 연구개발국 기계전자기술과,1,N,1310377
1990,200902283173,000000000001,특정연구개발사업 협약체결,과학기술부 연구개발국 기계전자기술과,1,N,1310377
1990,200902283174,000000000001,특정연구개발사업 협약체결,과학기술부 연구개발국 기계전자기술과,1,N,1310377
1990,200902283175,000000000001,특정연구개발사업 협약체결,과학기술부 연구개발국 기계전자기술과,1,N,1310377
1990,200902283178,000000000001,특정연구개발사업 협약체결,과학기술부 연구개발국 기계전자기술과,1,N,1310377
1990,200902283179,000000000001,특정연구개발사업 협약사항 변경,과학기술부 연구개발국 기계전자기술과,1,N,1310377
1990,200902283232,000000000001,특정연구개발사업 협약체결,과학기술부,1,N,1310377
1990,200902283233,000000000001,특정연구개발사업 협약체결,과학기술부 연구개발국 기계전자기술과,1,N,1310377
1990,200902283234,000000000001,특정연구개발사업 협약체결,과학기술부 연구개발국 기계전자기술과,1,N,1310377
1990,200902283337,000000000001,특정연구개발사업 협약체결,과학기술부 연구개발국 기계전자기술과,1,N,1310377
1990,200902283511,000000000001,특정연구개발사업 협약체결,과학기술부 연구개발국 기계전자기술과,1,N,1310377
1990,200902283514,000000000001,특정연구개발사업 협약체결,과학기술부 연구개발국 기계전자기술과,1,N,1310377
1990,200902283516,000000000001,특정연구개발사업 협약체결,과학기술처 연구개발조정실 기계연구조정관,1,N,1310377
1990,200902411233,000000000008,질의회시(한국전기통신공사협회장.노사협의회설치관련),노동부 산업안전국 산업안전과,1,N,1310377
1990,200902434500,000000000021,산업기술연구조합 육성법중 개정 법률(안) 의견조회,농촌진흥청 연구관리국 연구기획과,1,N,1310377
1990,200902434500,000000000024,산업기술연구조합 육성법중 개정법률(안) 검토,농촌진흥청 연구관리국 연구기획과,1,N,1310377
1990,200902668719,000000000005,1990년10월사업자등록신청서 (한국전기통신공사협회강원지부장),국세청 중부지방국세청 원주세무서,3,N,1310377
1990,200902669326,000000000010,제17권 세적자료(하-17)(하209-220) (한국전기통신공사북부천전화국),국세청 중부지방국세청 부천세무서,2,N,1310377
1990,200902669332,000000000017,세적자료(하-27)(하360~383.하368결번)(제27권) (한국전기통신공사부천전화국),국세청 중부지방국세청 부천세무서,2,N,1310377
1990,200902669900,000000000045,1997년7월~8월사업자등록정정신고서철 (한국전기통신공사협회경기지회),국세청 중부지방국세청 동수원세무서,3,N,1310377
1990,200902670864,000000000001,1990년6월 법인설립신고철 (한국전기통신공사중앙통신사위도골중계소),국세청 중부지방국세청 원주세무서,3,N,1310377
1990,200902670867,000000000001,1990년6월사업자등록신청철 (한국전기통신공사중앙통신사윗도골중계소),국세청 중부지방국세청 원주세무서,3,N,1310377
1990,201003195152,000000000004,공업기반기술개발사업수행에따른세무회계질의,국세청 법인납세국 법인세과,3,N,1310377
1990,201003196532,000000000004,기술료등의국내원천소득해당여부,국세청 국제조세관리관 국제세원관리담당관,2,N,1310377
1990,201003196532,000000000006,기술료등의국내원천소득구분,국세청 국제조세관리관 국제세원관리담당관,2,N,1310377
1990,201003196532,000000000012,기술료지급에따른조세감면,국세청 국제조세관리관 국제세원관리담당관,2,N,1310377
1990,201003196532,000000000015,기술료등의국내원천소득해당여부,국세청 국제조세관리관 국제세원관리담당관,2,N,1310377
1990,201003299628,000000000001,초고집적 반도체기술 공동개발 년차보고서 제출,과학기술부 기초연구국 원천기술개발과,3,N,1310377
1990,201003300512,000000000001,초고집적 반도체기술 공동개발 연차보고서 제출,과학기술부 기초연구국 원천기술개발과,3,N,1310377
1990,201003308716,000000000001,삼성반도체공장 조성사업 환경영향평가 협의회신,환경청 환경정책국 환경평가과,1,N,1310377
1990,201103541132,000000000001,기술료 사용규정 통보,산업자원부 기술표준원 운영지원팀,1,N,1310377
1990,201103541132,000000000002,기술료 사용규정중 개정,산업자원부 기술표준원 운영지원팀,1,N,1310377
1990,201103541132,000000000003,기술료 사용규정 제정,산업자원부 기술표준원 운영지원팀,1,N,1310377
1990,201103541132,000000000004,기술료 사용 규정 제정,산업자원부 기술표준원 운영지원팀,1,N,1310377
1990,201103541149,000000000014,특정연구개발사업 추진 및 연구과제평가의 현황에 관한 설문서 배포 협조 요청,산업자원부 기술표준원 운영지원팀,1,N,1310377
1990,201103541149,000000000015,최근의 특정연구개발사업 우수연구개발 성공사례 발간.배포,산업자원부 기술표준원 운영지원팀,1,N,1310377
1990,201103541150,000000000001,특정연구개발사업 연구성과 분석을 위한 관계관 회의,산업자원부 기술표준원 운영지원팀,1,N,1310377
1990,201104704371,000000000001,한국전기통신공사 전자계산조직 설치협의 검토,총무처 행정관리국 행정전산과,1,N,1310377
1990,201104704371,000000000005,한국전기통신공사 전산기기 설치협의 검토,총무처 행정관리국 행정전산과,1,N,1310377
1990,201104704371,000000000008,한국전기통신공사 전산기기 설치협의 검토,총무처 행정관리국 행정전산과,1,N,1310377
1990,201104704371,000000000009,한국전기통신공사 전산기기 설치협의 검토,총무처 행정관리국 행정전산과,1,N,1310377
1990,201104704371,000000000014,한국전기통신공사 전산기기 설치협의 검토,총무처 행정관리국 행정전산과,1,N,1310377
1990,201104704371,000000000018,한국전기통신공사 전산기기 설치협의 검토,총무처 행정관리국 행정전산과,1,N,1310377
1990,201104981069,000000000001,한국전기통신공사 게시판의 국정 사진,공보처,1,N,1310377
1990,201205225386,000000000002,1990년도 제5차 산업정책심의회 결과통보,재정경제부 세제실 관세국 산업관세과,1,N,1310377
1990,201205225583,000000000004,산업정책심의회 안건 서면결의,재정경제부 경제정책국 정책조정과,1,N,1310377
1990,201205225584,000000000001,산업정책심의회 안건 상정요청,재정경제부 경제정책국 정책조정과,1,N,1310377
1990,201205225584,000000000006,산업정책심의회 안건,재정경제부 경제정책국 정책조정과,1,N,1310377
1990,201205225584,000000000007,산업정책심의회 안건 서면 결의,재정경제부 경제정책국 정책조정과,1,N,1310377
1990,201205225584,000000000008,산업정책심의회 의결사항 통보,재정경제부 경제정책국 정책조정과,1,N,1310377
1990,201205225585,000000000001,산업정책심의회 안건 상정 요청,재정경제부 경제정책국 정책조정과,1,N,1310377
1990,201205225585,000000000002,1990년도 제3차 산업정책심의회 개최,재정경제부 경제정책국 정책조정과,1,N,1310377
1990,201205225585,000000000003,1990년도 제3차 산업정책심의회 결과 통보,재정경제부 경제정책국 정책조정과,1,N,1310377
1990,201205225585,000000000004,1990년도 제4차 산업정책심의회 개최,재정경제부 경제정책국 정책조정과,1,N,1310377
1990,201205225585,000000000005,1990년도 제4차 산업정책심의회 결과 통보,재정경제부 경제정책국 정책조정과,1,N,1310377
1990,201205225585,000000000006,1990년도 제5차 산업정책심의회 개최,재정경제부 경제정책국 정책조정과,1,N,1310377
1990,201205225586,000000000002,산업정책심의회 의결사항 통보,재정경제부 경제정책국 정책조정과,1,N,1310377
1990,201205225587,000000000002,산업정책심의회 안건상정 의뢰,재정경제부 경제정책국 정책조정과,1,N,1310377
1990,201205225587,000000000004,1990년도 제1차 산업정책심의회 개최,재정경제부 경제정책국 정책조정과,1,N,1310377
1990,201205225587,000000000005,1990년도 제1차 산업정책심의회 결과 통보,재정경제부 경제정책국 정책조정과,1,N,1310377
1990,201205225587,000000000007,1990년도 제2차 산업정책심의회 개최,재정경제부 경제정책국 정책조정과,1,N,1310377
1990,201205225587,000000000008,1990년도 제2차 산업정책심의회 결과 통보,재정경제부 경제정책국 정책조정과,1,N,1310377
1990,201205225588,000000000002,산업정책심의회 안건 서면결의,재정경제부 경제정책국 정책조정과,1,N,1310377
1990,201205225588,000000000004,산업정책심의회 안건 서면결의,재정경제부 경제정책국 정책조정과,1,N,1310377
1990,201205225588,000000000005,산업정책심의회 서면결의 결과통보,재정경제부 경제정책국 정책조정과,1,N,1310377
1990,201205225588,000000000007,산업정책심의회 안건 서면결의,재정경제부 경제정책국 정책조정과,1,N,1310377
1990,201305627488,000000000002,1991 농수산특정연구개발사업 협약서 송부,수산청 생산국 연근해과,1,N,1310377
1990,201305845466,000000000002,한국전기통신공사 경력인정 및 상당계급 검토,총무처 후생국 급여과,1,N,1310377
1990,201305848685,000000000005,여비규정(한국전기통신공사),총무처,1,N,1310377
1990,202010192349,000000000001,산업기술연구조합 설립인가,과학기술처 연구개발조정실 전기전자연구조정관,3,N,1310377
1990,202010192686,000000000001,산업기술연구조합 설립인가 협의,과학기술처 연구개발조정실 전기전자연구조정관,3,N,1310377
1990,202010192686,000000000002,산업기술연구조합 설립인가,과학기술처 연구개발조정실 전기전자연구조정관,1,N,1310377
1990,202010192704,000000000001,한국전기통신공사 정기주주총회 개최에 따른 협의,체신부,1,N,1310377
1990,202010192704,000000000002,한국전기통신공사 정기주주총회 개최에 따른 협의,체신부,1,N,1310377
1990,202010192704,000000000011,한국전기통신공사의 제9기(1990회계년도) 배당금 규모 결정,체신부,1,N,1310377
1990,202010192704,000000000012,한국전기통신공사 주주총회에 참석할 대리인 선임 및 주주권 대리행사,체신부,1,N,1310377
1990,202010192704,000000000013,한국전기통신공사 정기주주총회 개최에 따른 협의,체신부,1,N,1310377
1990,202010192704,000000000015,한국전기통신공사 정기 주주총회 개최에 따른 협의,체신부,1,N,1310377
1990,202010192704,000000000016,한국전기통신공사 정기 주주총회에 참석할 대리인 선임 및 주주권 대리행사,체신부,1,N,1310377
1990,202211084528,000000000001,한국전기통신공사법시행령(안)협의,재정경제부 세제실 조세정책국 법인세제과,2,N,1310377
1990,202411500723,000000000001,한국전기통신공사 업무위탁 관계의 해소등으로 인한 공사이관 대상인원 현황보고,체신부 총무과,1,N,1310377
1990,202411500723,000000000002,한국전기통신공사 업무위탁 관계의 해소등으로 인한 인원이관 계획,체신부 총무과,1,N,1310377
1990,202411500723,000000000003,한국전기통신공사 업무위탁 관계의 해소등으로 인한 인원이관 계획,체신부 총무과,1,N,1310377
1990,202411500723,000000000004,한국전기통신공사 업무위탁 관계의 해소등으로 인한 인원이관,체신부 총무과,1,N,1310377
1990,202411500723,000000000005,한국전기통신공사 업무위탁 관계의 해소등으로 인한 인원이관 계획,체신부 총무과,1,N,1310377
1990,202411500723,000000000006,한국전기통신공사 업무위탁 관계의 해소등으로 인한 인원이관,체신부 총무과,1,N,1310377
1990,202411500723,000000000008,한국전기통신공사 업무위탁관계의 해소등으로 인한 인원이관계획,체신부 총무과,1,N,1310377
1990,202411500723,000000000009,한국전기통신공사 업무위탁관계의 해소등으로 인한 인원이관계획,체신부 총무과,1,N,1310377
1990,202411500723,000000000010,한국전기통신공사 업무위탁관계의 해소등으로 인한 인원이관,체신부 총무과,1,N,1310377
1990,202411500723,000000000012,한국전기통신공사 업무위탁관계의 해소등으로 인한 인원이관,체신부 총무과,1,N,1310377
1990,202411500723,000000000013,한국전기통신공사 업무위탁관계의 해소등으로 인한 인원이관,체신부 총무과,1,N,1310377
1990,202411500723,000000000015,한국전기통신공사 업무위탁의 해소등으로 인한 인원이관,체신부 총무과,1,N,1310377
1990,202411500723,000000000016,한국전기통신공사 인원이관 결과보고,체신부 총무과,1,N,1310377
1990,202411500723,000000000017,한국전기통신공사 업무위탁 관계의 해소등으로 인한 인원이관,체신부 총무과,1,N,1310377
1990,202411500723,000000000019,한국전기통신공사 업무위탁관계의 해소등으로 인한 인원이관 계획,체신부 총무과,1,N,1310377
1990,202411500939,000000000001,한국전기통신공사 이사 임명,체신부 총무과,2,N,1310377
1990,202411500939,000000000002,한국전기통신공사 이사 임명,체신부 총무과,2,N,1310377
1990,202411500939,000000000003,한국전기통신공사 이사 임명요청,체신부 총무과,2,N,1310377
1990,202511679404,000000000004,한국전기통신공사 사명변경 통보,외무부 국제기구국 국제기구과,1,N,1310377
1991,200041031835,000000000001,특정연구개발사업 과제 초록 1991,과학기술처,1,N,1310377
1991,200041037443,000000000001,"공업기술수요조사 보고서(14):반도체,반도체장비분야 1991",상공부,1,Y,1310377
1991,200300123056,000000000010,반도체집적회로의 배치설계에 관한 법률안(제53회),총무처 의정국 의사과,1,Y,1310377
1991,200300123064,000000000061,반도체집적회로의 배치설계에 관한 법률안(제53회),총무처 의정국 의사과,1,N,1310377
1991,200301062366,000000000004,공업기반기술개발사업운용요령개정(상공부고시제91-19호),총무처 법무담당관,1,Y,1310377
1991,200301062399,000000000041,입찰공고(전북대학교반도체물성연구센타공고제5호),총무처 법무담당관,1,Y,1310377
1991,200301062413,000000000036,재입찰공고(전북대학교반도체물성연구센터공고제6호),총무처 법무담당관,1,Y,1310377
1991,200301062421,000000000045,입찰공고(전북대학교반도체물성연구센터공고제7호),총무처 법무담당관,1,Y,1310377
1991,200301062422,000000000010,반도체집적회로의회로배치설계에관한법률안(상공부공고제91-36호),총무처 법무담당관,1,Y,1310377
1991,200301062466,000000000008,1991년도특정연구개발사업시행계획(과학기술처공고제91-48호),총무처 법무담당관,1,Y,1310377
1991,200301062499,000000000010,1992년특정연구개발사업시행계획(과학기술처공고제91-123호),총무처 법무담당관,1,Y,1310377
1991,200301062550,000000000077,입찰공고(전북대학교반도체물성연구센터공고제10호),총무처 법무담당관,1,Y,1310377
1991,200301062554,000000000056,입찰공고(전북대학교반도체물성연구센타공고제11호),총무처 법무담당관,1,Y,1310377
1991,200302714805,000000000006,한국전기통신공사업무위탁관계자해소등으로 인한 인원이관,정보통신부 우정사업본부 경북체신청 남대구우체국 관리과,3,N,1310377
1991,200302724980,000000000005,산업정책심의회안건서면결의,산업자원부 자본재산업국 수송기계산업과,1,N,1310377
1991,200302724980,000000000010,산업정책심의회의결사항통보,산업자원부 자본재산업국 수송기계산업과,1,N,1310377
1991,200302725620,000000000005,감사결과처리안등이송(한국전기통신공사대구사업본부정기감사),감사원 제4국 제2과,3,N,1310377
1991,200302725620,000000000006,감사결과처분요구(한국전기통신공사경기사업본부정기감사),감사원 제4국 제2과,3,N,1310377
1991,200302725666,000000000002,감사결과처분요구(한국전기통신공사경기사업본부정기감사),감사원 제1국 제5과,3,N,1310377
1991,200302725667,000000000004,감사결과처분요구(한국전기통신공사대구사업본부정기감사),감사원 제1국 제5과,3,N,1310377
1991,200302725668,000000000002,감사결과처분요구(한국전기통신공사강원사업본부),감사원 제1국 제5과,3,N,1310377
1991,200302725668,000000000003,감사결과처분요구(한국전기통신공사정기감사),감사원 제1국 제5과,3,N,1310377
1991,200302725668,000000000004,감사결과처분요구(대도시통신기초시설공사집행실태-한국전기통신공사건설사업단),감사원 제1국 제5과,3,N,1310377
1991,200302725669,000000000001,감사결과처분요구(통신물자구매관리실태-한국전기통신공사보금사업단외1개기관),감사원 제1국 제5과,3,N,1310377
1991,200302725669,000000000003,감사결과처분요구(한국전기통신공사충청사업본부),감사원 제1국 제5과,3,N,1310377
1991,200302822943,000000000019,기술료산정질의회신통보,광주광역시 시민복지국 사회복지과,1,N,1310377
1991,200700187442,000000000003,천안제2공단 반도체업체 입주추천,산업자원부 무역투자정책본부 투자정책팀,1,N,1310377
1991,200700382925,000000000020,반도체제조장비등제조사업을위한조세감면결정,재무부 경제협력국 외자관리과,1,N,1310377
1991,200701472274,000000000001,반도체집적회로의회로배치설계에관한법률(안)에대한의견조회,법무부 법무실 법무심의관,1,N,1310377
1991,200802024035,000000000009,한국전기통신공사 1991년도 2/4분기 국고보조금 사업비 정산결과 통보,방송위원회 사무처 매체정책국 뉴미디어부,1,N,1310377
1991,200802024035,000000000012,한국전기통신공사 1991년도 4/4분기 국고보조금 사업비 정산결과 통보,방송위원회 사무처 매체정책국 뉴미디어부,1,N,1310377
1991,200802066468,000000000002,91 특정연구개발사업 계획서 제출 및 협약요청,과학기술부,1,N,1310377
1991,200802066468,000000000004,특정연구개발사업 협약체결,과학기술부,1,N,1310377
1991,200802066468,000000000005,특정연구개발사업비 비목간 변경사용승인,과학기술부,1,N,1310377
1991,200802066468,000000000011,특정연구개발사업비 사용실적 보고,과학기술부,1,N,1310377
1991,200802066469,000000000003,특정연구개발사업 협약체결,과학기술부,1,N,1310377
1991,200802066470,000000000001,특정연구개발사업 협약체결,과학기술부,1,N,1310377
1991,200802066472,000000000002,특정연구개발사업 협약체결,과학기술부,1,N,1310377
1991,200802066473,000000000001,특정연구개발사업 협약체결,과학기술부,1,N,1310377
1991,200802066920,000000000001,특정연구개발사업 협약체결,과학기술부 과학기술정책실 기술개발지원과,1,N,1310377
1991,200802071022,000000000020,신기능 반도체 소재개발 외 15과제,과학기술부 기초과학인력국 기초과학지원과,1,N,1310377
1991,200802071200,000000000003,91특정연구개발사업 연구계획서 제출 및 협약요청,과학기술부 과학기술협력국 기술협력총괄과,1,N,1310377
1991,200802071200,000000000004,특정연구개발사업 협약체결,과학기술부 과학기술협력국 기술협력총괄과,1,N,1310377
1991,200802071201,000000000003,특정연구개발사업 협약체결,과학기술부 과학기술협력국 기술협력총괄과,1,N,1310377
1991,200802071201,000000000004,특정연구개발협약서 송부,과학기술부 과학기술협력국 기술협력총괄과,1,N,1310377
1991,200802071326,000000000001,특정연구개발사업 협약체결,과학기술부 연구개발국 기계전자기술과,1,N,1310377
1991,200802071327,000000000007,특정연구개발사업 협약체결,과학기술부 연구개발국 기계전자기술과,1,N,1310377
1991,200802072016,000000000006,4.특정연구개발사업 처리규정,과학기술부 기획관리실 행정법무담당관,1,N,1310377
1991,200802072019,000000000011,특정연구개발사업 처리규정 개정 통보,과학기술부 기획관리실 행정법무담당관,1,N,1310377
1991,200802072019,000000000021,특정연구개발사업비 사용실적에 대한 회계검사 및 검증지침(안) 제정시행,과학기술부 기획관리실 행정법무담당관,1,N,1310377
1991,200802072019,000000000023,특정연구개발사업 처리규정 개정,과학기술부 기획관리실 행정법무담당관,1,N,1310377
1991,200802072389,000000000002,특정연구개발사업 협약체결,과학기술부 과학기술혁신본부 연구개발조정관 정보전자심의관,1,N,1310377
1991,200802072390,000000000001,특정연구개발사업 협약체결,과학기술부 과학기술혁신본부 연구개발조정관 정보전자심의관,1,N,1310377
1991,200802072391,000000000001,특정연구개발사업 협약체결,과학기술부 과학기술혁신본부 연구개발조정관 정보전자심의관,1,N,1310377
1991,200802072392,000000000002,91 특정연구개발사업 협약체결,과학기술부 과학기술혁신본부 연구개발조정관 정보전자심의관,1,N,1310377
1991,200802072394,000000000001,91추경예산에 의한 특정연구개발사업 연구개발계획서 제출,과학기술부 과학기술혁신본부 연구개발조정관 정보전자심의관,1,N,1310377
1991,200802072394,000000000002,91추경 특정연구개발사업 협약체결,과학기술부 과학기술혁신본부 연구개발조정관 정보전자심의관,1,N,1310377
1991,200802072395,000000000001,특정연구개발사업 협약체결,과학기술부 과학기술혁신본부 연구개발조정관 정보전자심의관,1,N,1310377
1991,200802072395,000000000003,특정연구개발 협약서 송부,과학기술부 과학기술혁신본부 연구개발조정관 정보전자심의관,1,N,1310377
1991,200802072396,000000000001,91추경 특정연구개발사업 협약체결,과학기술부 과학기술혁신본부 연구개발조정관 정보전자심의관,1,N,1310377
1991,200802072396,000000000002,91추경 특정연구개발사업 및 첨단요소과제 협약서 송부,과학기술부 과학기술혁신본부 연구개발조정관 정보전자심의관,1,N,1310377
1991,200802072397,000000000003,특정연구개발사업 협약체결,과학기술부 과학기술혁신본부 연구개발조정관 정보전자심의관,1,N,1310377
1991,200802072399,000000000001,특정연구개발사업 협약체결,과학기술부 과학기술혁신본부 연구개발조정관 정보전자심의관,1,N,1310377
1991,200802073022,000000000002,특정연구개발사업 협약체결,과학기술처 연구개발조정실 기계소재연구조정관,1,N,1310377
1991,200802073023,000000000004,93 특정연구개발사업비 집행잔액 파악 지침,과학기술처 연구개발조정실 기계소재연구조정관,1,N,1310377
1991,200802073023,000000000005,93 특정연구개발사업에 대한 사업 계획서와 집행실적대비표 제출,과학기술처 연구개발조정실 기계소재연구조정관,1,N,1310377
1991,200802073023,000000000011,93 특정연구개발사업 사용실적 보고,과학기술처 연구개발조정실 기계소재연구조정관,1,N,1310377
1991,200802073023,000000000012,93 특정연구개발사업 사용실적 보고,과학기술처 연구개발조정실 기계소재연구조정관,1,N,1310377
1991,200802073023,000000000014,93특정연구개발사업 연구개발비 사용실적 보고,과학기술처 연구개발조정실 기계소재연구조정관,1,N,1310377
1991,200802073023,000000000015,93 특정연구개발사업 연구개발비 사용실적보고,과학기술처 연구개발조정실 기계소재연구조정관,1,N,1310377
1991,200802073023,000000000016,93 특정연구개발사업 연구개발비 사용실적보고,과학기술처 연구개발조정실 기계소재연구조정관,1,N,1310377
1991,200802073023,000000000018,특정연구개발사업비 부적절한 집행내용에 대한 건,과학기술처 연구개발조정실 기계소재연구조정관,1,N,1310377
1991,200802073023,000000000019,93년도 특정연구개발사업 연구비 집행에 대한 조치안내,과학기술처 연구개발조정실 기계소재연구조정관,1,N,1310377
1991,200802073023,000000000020,93년 특정연구개발사업비 검토결과에 대한 소명자료 제출의 건,과학기술처 연구개발조정실 기계소재연구조정관,1,N,1310377
1991,200802073023,000000000021,93특정연구개발사업 연구개발비 사용실적 검토결과에 대한 통보,과학기술처 연구개발조정실 기계소재연구조정관,1,N,1310377
1991,200802073023,000000000022,93 특정연구개발사업 연구개발비(연구관리평가비소명)신청건,과학기술처 연구개발조정실 기계소재연구조정관,1,N,1310377
1991,200802073023,000000000023,93 특정연구개발사업 연구개발비 사용실적 검토결과에 대한 소명,과학기술처 연구개발조정실 기계소재연구조정관,1,N,1310377
1991,200802073023,000000000024,특정연구개발사업비 부적절한 집행내용에 관한 이의 제기,과학기술처 연구개발조정실 기계소재연구조정관,1,N,1310377
1991,200802073023,000000000025,93 특정연구개발사업비 검토결과에 대한 통보,과학기술처 연구개발조정실 기계소재연구조정관,1,N,1310377
1991,200802073023,000000000026,93 특정연구개발사업 연구개발비 사용실적 검토결과에 대한 소명자료 제출,과학기술처 연구개발조정실 기계소재연구조정관,1,N,1310377
1991,200802073024,000000000001,91 추경 특정연구개발사업 및 첨담요소과제 협약서 송부,과학기술처 연구개발조정실 기계소재연구조정관,1,N,1310377
1991,200802073024,000000000002,91 추경 특정연구개발사업 협약체결,과학기술처 연구개발조정실 기계소재연구조정관,1,N,1310377
1991,200802073055,000000000001,특정연구개발사업 비목간 변경사용 승인요청,과학기술처 연구개발조정실 전기전자연구조정관,1,N,1310377
1991,200802073055,000000000002,91 특정연구개발사업 연구계획서 제출 및 협약요청,과학기술처 연구개발조정실 전기전자연구조정관,1,N,1310377
1991,200802073055,000000000006,특정연구개발사업비 변경 사용 승인,과학기술처 연구개발조정실 전기전자연구조정관,1,N,1310377
1991,200802073075,000000000001,특정연구개발사업 협약체결,과학기술처 연구개발조정실 화공생물연구조정관,1,N,1310377
1991,200802073075,000000000002,1991특정연구개발사업(정부.민간 공동) 계획 변경승인,과학기술처 연구개발조정실 화공생물연구조정관,1,N,1310377
1991,200802073076,000000000001,특정연구개발사업 협약체결,과학기술처 연구개발조정실 화공생물연구조정관,1,N,1310377
1991,200802073077,000000000001,특정연구개발사업 협약체결,과학기술처 연구개발조정실 화공생물연구조정관,1,N,1310377
1991,200802073078,000000000001,특정연구개발사업 협약체결,과학기술처 연구개발조정실 화공생물연구조정관,1,N,1310377
1991,200802073079,000000000004,특정연구개발사업 협약체결,과학기술처 연구개발조정실 화공생물연구조정관,1,N,1310377
1991,200802073080,000000000002,특정연구개발사업 협약체결,과학기술처 연구개발조정실 화공생물연구조정관,1,N,1310377
1991,200802073081,000000000001,특정연구개발사업 협약체결,과학기술처 연구개발조정실 화공생물연구조정관,1,N,1310377
1991,200802073082,000000000001,특정연구개발사업 협약체결,과학기술처 연구개발조정실 화공생물연구조정관,1,N,1310377
1991,200802073084,000000000001,91년도 특정연구개발사업 과제선정 통보 (신소재 분야),과학기술처 연구개발조정실 화공생물연구조정관,1,N,1310377
1991,200802073084,000000000002,91 추경 특정연구개발사업 과제심의를 위한 기계.재료기술 실무소위원회개최,과학기술처 연구개발조정실 화공생물연구조정관,1,N,1310377
1991,200802073275,000000000001,특정연구개발사업 협약체결,과학기술처 연구개발조정실 기초종합연구조정관,1,N,1310377
1991,200802073275,000000000002,89-90 협약 특정연구개발사업 연구비 회수,과학기술처 연구개발조정실 기초종합연구조정관,1,N,1310377
1991,200802073287,000000000001,특정연구개발사업 협약체결,과학기술처 연구개발조정실 기계연구조정관,1,N,1310377
1991,200802073287,000000000002,91년 특정연구개발사업 연구계획서 제출,과학기술처 연구개발조정실 기계연구조정관,1,N,1310377
1991,200802073287,000000000009,91년 특정연구개발사업 협약 동의,과학기술처 연구개발조정실 기계연구조정관,1,N,1310377
1991,200802073288,000000000001,특정연구개발사업 기본계약서,과학기술처 연구개발조정실 기계연구조정관,1,N,1310377
1991,200802073288,000000000002,특정연구개발사업 협약체결,과학기술처 연구개발조정실 기계연구조정관,1,N,1310377
1991,200802073289,000000000001,특정연구개발사업 협약체결,과학기술처 연구개발조정실 기계연구조정관,1,N,1310377
1991,200802073290,000000000008,1990 특정연구개발사업 연구비 변경 승인,과학기술처 연구개발조정실 기계연구조정관,1,N,1310377
1991,200802073290,000000000009,1990 특정연구개발사업 변경 승인,과학기술처 연구개발조정실 기계연구조정관,1,N,1310377
1991,200802073290,000000000013,특정연구개발사업비 비목간 변경 승인,과학기술처 연구개발조정실 기계연구조정관,1,N,1310377
1991,200802073290,000000000018,특정연구개발사업 변경 승인,과학기술처 연구개발조정실 기계연구조정관,1,N,1310377
1991,200802073290,000000000019,특정연구개발사업 연구기간 변경 요청,과학기술처 연구개발조정실 기계연구조정관,1,N,1310377
1991,200802073290,000000000024,특정연구개발사업 변경,과학기술처 연구개발조정실 기계연구조정관,1,N,1310377
1991,200802073290,000000000025,특정연구개발사업 변경,과학기술처 연구개발조정실 기계연구조정관,1,N,1310377
1991,200802073290,000000000029,특정연구개발사업의 해약,과학기술처 연구개발조정실 기계연구조정관,1,N,1310377
1991,200802073291,000000000001,특정연구개발사업 협약체결,과학기술처 연구개발조정실 기계연구조정관,1,N,1310377
1991,200802073292,000000000001,특정연구개발사업,과학기술처 연구개발조정실 기계연구조정관,1,N,1310377
1991,200802073293,000000000003,특정연구개발사업 협약체결,과학기술처 연구개발조정실 기계연구조정관,1,N,1310377
1991,200802073294,000000000001,91년 특정연구개발사업 연구계획서 제출,과학기술처 연구개발조정실 기계연구조정관,1,N,1310377
1991,200802073294,000000000002,특정연구개발협약서,과학기술처 연구개발조정실 기계연구조정관,1,N,1310377
1991,200802073295,000000000001,특정연구개발사업 협약체결,과학기술처 연구개발조정실 기계연구조정관,1,N,1310377
1991,200802073316,000000000006,특정연구개발사업 협약체결,과학기술처 연구개발조정실 동력자원연구조정관,1,N,1310377
1991,200802073317,000000000001,특정연구개발사업 협약체결,과학기술처 연구개발조정실 동력자원연구조정관,1,N,1310377
1991,200802073318,000000000002,특정연구개발사업 협약체결,과학기술처 연구개발조정실 동력자원연구조정관,1,N,1310377
1991,200802073322,000000000001,특정연구개발사업 협약체결,과학기술처 연구개발조정실 생물해양연구조정관,1,N,1310377
1991,200802073323,000000000001,특정연구개발협약서,과학기술처 연구개발조정실 생물해양연구조정관,1,N,1310377
1991,200802073324,000000000004,특정연구개발사업 사후관리 추적 D/B 보급,과학기술처 연구개발조정실 생물해양연구조정관,1,N,1310377
1991,200802073325,000000000001,91년도 특정연구개발사업 과제 선정,과학기술처 연구개발조정실 생물해양연구조정관,1,N,1310377
1991,200802073325,000000000002,91년도 특정연구개발사업 과제선정,과학기술처 연구개발조정실 생물해양연구조정관,1,N,1310377
1991,200802073325,000000000003,91 특정연구개발사업 추가지원과제 선정,과학기술처 연구개발조정실 생물해양연구조정관,1,N,1310377
1991,200802073326,000000000002,특정연구개발사업 협약체결,과학기술처 연구개발조정실 생물해양연구조정관,1,N,1310377
1991,200802073327,000000000001,특정연구개발사업 협약체결,과학기술처 연구개발조정실 생물해양연구조정관,1,N,1310377
1991,200802073442,000000000010,특정연구개발사업 협약체결,과학기술처 기술정책실 정보산업기술담당관,1,N,1310377
1991,200802073442,000000000011,91추경 특정연구개발사업 및 첨단요소과제 협약서 송부,과학기술처 기술정책실 정보산업기술담당관,1,N,1310377
1991,200802073443,000000000001,91 추경 특정연구개발사업 협약서류 보완 요청,과학기술처 기술정책실 정보산업기술담당관,1,N,1310377
1991,200802073443,000000000002,91 추경 특정연구개발사업 협약체결,과학기술처 기술정책실 정보산업기술담당관,1,N,1310377
1991,200802073443,000000000003,91특정연구개발사업(추경) 과제 보고서 제출 및 배포결과 보고,과학기술처 기술정책실 정보산업기술담당관,1,N,1310377
1991,200802073444,000000000001,`91년도 특정연구개발사업중 산업기술연구조합 지원과제 선정,과학기술처 기술정책실 정보산업기술담당관,1,N,1310377
1991,200802073444,000000000002,산업기술연구조합 지원업무 이관,과학기술처 기술정책실 정보산업기술담당관,1,N,1310377
1991,200802073444,000000000005,`91 특정연구개발사업 협약에 따른 수정계획서 제출,과학기술처 기술정책실 정보산업기술담당관,1,N,1310377
1991,200802073444,000000000006,특정연구개발사업 참여기업 변경에 대한 의견 조회,과학기술처 기술정책실 정보산업기술담당관,1,N,1310377
1991,200802073444,000000000007,`91 특정연구개발사업 협약체결,과학기술처 기술정책실 정보산업기술담당관,1,N,1310377
1991,200802073444,000000000008,`91특정연구개발사업(추경) 과제 보고서 제출 및 배포결과 보고,과학기술처 기술정책실 정보산업기술담당관,1,N,1310377
1991,200802073445,000000000001,1991년(추경)특정연구개발사업 계약체결을 위한 수정계획서 제출,과학기술처 기술정책실 정보산업기술담당관,1,N,1310377
1991,200802073445,000000000002,1991년 추경 특정연구개발사업 협약서류 보완 요청,과학기술처 기술정책실 정보산업기술담당관,1,N,1310377
1991,200802073445,000000000003,1991년 추경 특정연구개발사업 협약체결,과학기술처 기술정책실 정보산업기술담당관,1,N,1310377
1991,200802073445,000000000006,1991년 특정연구개발사업(추경) 과제 보고서 제출 및 배포결과 보고,과학기술처 기술정책실 정보산업기술담당관,1,N,1310377
1991,200802073446,000000000001,1991(추경)특정연구개발사업 계약체결을 위한 수정계획서 제출,과학기술처 기술정책실 정보산업기술담당관,1,N,1310377
1991,200802073446,000000000002,1991(추경)특정연구개발사업 협약서류 보완 요청,과학기술처 기술정책실 정보산업기술담당관,1,N,1310377
1991,200802073446,000000000003,1991(추경)특정연구개발사업 협약체결,과학기술처 기술정책실 정보산업기술담당관,1,N,1310377
1991,200802073446,000000000004,1991특정연구개발사업(추경) 과제보고서 제출 배포결과 보고,과학기술처 기술정책실 정보산업기술담당관,1,N,1310377
1991,200802073447,000000000001,1991년(추경)특정연구개발사업 계약체결을 위한 수정계획서 제출,과학기술처 기술정책실 정보산업기술담당관,1,N,1310377
1991,200802073447,000000000002,1991 추경 특정연구개발사업 협약서류 보완 요청,과학기술처 기술정책실 정보산업기술담당관,1,N,1310377
1991,200802073447,000000000003,1991 추경 특정연구개발사업 협약체결,과학기술처 기술정책실 정보산업기술담당관,1,N,1310377
1991,200802073447,000000000004,1991 특정연구개발사업(추경) 과제 보고서 제출 및 배포결과 보고,과학기술처 기술정책실 정보산업기술담당관,1,N,1310377
1991,200802073448,000000000001,91 추경 특정연구개발사업 협약체결,과학기술처 기술정책실 정보산업기술담당관,1,N,1310377
1991,200802073448,000000000002,91 추경 특정연구개발사업과제 총괄연구책임자 변경건에 대한 구비서류 보완요구,과학기술처 기술정책실 정보산업기술담당관,1,N,1310377
1991,200802073448,000000000004,91년특정연구개발사업(추경)과제 참여사 변경 신고,과학기술처 기술정책실 정보산업기술담당관,1,N,1310377
1991,200802073448,000000000005,91 특정연구개발사업(추경) 과제 보고서 제출 및 배포결과 보고,과학기술처 기술정책실 정보산업기술담당관,1,N,1310377
1991,200802073449,000000000002,1991년 추경 특정연구개발사업 협약서류 보완 요청,과학기술처 기술정책실 정보산업기술담당관,1,N,1310377
1991,200802073449,000000000003,1991년 추경 특정연구개발사업 협약체결,과학기술처 기술정책실 정보산업기술담당관,1,N,1310377
1991,200802073449,000000000005,1991년 특정연구개발사업(추경)과제 보고서 제출 및 배포결과 보고,과학기술처 기술정책실 정보산업기술담당관,1,N,1310377
1991,200802073450,000000000001,91년(추경)특정연구개발사업 계약체결을 위한 수정계획서 제출,과학기술처 기술정책실 정보산업기술담당관,1,N,1310377
1991,200802073450,000000000002,91 추경 특정연구개발사업 협약서류 보완 요청,과학기술처 기술정책실 정보산업기술담당관,1,N,1310377
1991,200802073450,000000000003,91 추경 특정연구개발사업 협약체결,과학기술처 기술정책실 정보산업기술담당관,1,N,1310377
1991,200802073450,000000000007,92 특정연구개발사업 과제(추경) 연구기간연장 승인,과학기술처 기술정책실 정보산업기술담당관,1,N,1310377
1991,200802073450,000000000009,91 특정연구개발사업(추경) 과제 보고서 제출 및 배포결과 보고,과학기술처 기술정책실 정보산업기술담당관,1,N,1310377
1991,200802073999,000000000002,산업기술연구조합 정관변경인가 신청서 반려,과학기술처 기술진흥국 기술지원과,1,N,1310377
1991,200802073999,000000000011,산업기술연구조합설립인가서 재교부,과학기술처 기술진흥국 기술지원과,1,N,1310377
1991,200802073999,000000000012,산업기술연구조합설립인가서 재교부,과학기술처 기술진흥국 기술지원과,1,N,1310377
1991,200802073999,000000000015,산업기술연구조합 설립인가서 재교부,과학기술처 기술진흥국 기술지원과,1,N,1310377
1991,200802073999,000000000016,산업기술연구조합 설립인가서 재교부,과학기술처 기술진흥국 기술지원과,1,N,1310377
1991,200802073999,000000000017,산업기술연구조합설립 인가서 재발급 송부,과학기술처 기술진흥국 기술지원과,1,N,1310377
1991,200802074000,000000000001,연구조합 설립 등기 보고,과학기술처 기술진흥국 기술지원과,1,N,1310377
1991,200802074000,000000000002,정관변경인가 및 산업기술연구조합 설립인가서 재교부,과학기술처 기술진흥국 기술지원과,1,N,1310377
1991,200802074000,000000000003,연구조합 등기부 등본상 변경 결과 보고,과학기술처 기술진흥국 기술지원과,1,N,1310377
1991,200802074000,000000000005,산업기술연구조합 설립인가서 재교부,과학기술처 기술진흥국 기술지원과,1,N,1310377
1991,200802074000,000000000009,산업기술연구조합 설립인가서 재발급,과학기술처 기술진흥국 기술지원과,1,N,1310377
1991,200802074001,000000000001,산업기술 연구조합 설립인가 신청 관련 조회에 대한 회신,과학기술처 기술진흥국 기술지원과,1,N,1310377
1991,200802074001,000000000002,산업기술연구조합 설립인가 재협의,과학기술처 기술진흥국 기술지원과,1,N,1310377
1991,200802074001,000000000003,산업기술연구조합 설립인가 신청 관련 재보완 요구,과학기술처 기술진흥국 기술지원과,1,N,1310377
1991,200802074001,000000000004,산업기술연구조합 설립인가,과학기술처 기술진흥국 기술지원과,1,N,1310377
1991,200802074001,000000000005,산업기술연구조합 설립인가서 갱신. 교부,과학기술처 기술진흥국 기술지원과,1,N,1310377
1991,200802074001,000000000006,주소변경 통보(한국전자유기기구프로그램연구조합),과학기술처 기술진흥국 기술지원과,1,N,1310377
1991,200802074002,000000000001,산업기술연구조합 설립인가 신청 보완 요구,과학기술처 기술진흥국 기술지원과,1,N,1310377
1991,200802074002,000000000002,산업기술연구조합 설립인가 협의,과학기술처 기술진흥국 기술지원과,1,N,1310377
1991,200802074002,000000000003,산업기술연구조합 설립인가신청 관련 조회,과학기술처 기술진흥국 기술지원과,1,N,1310377
1991,200802074003,000000000001,산업기술연구조합 설립인가서 재교부,과학기술처 기술진흥국 기술지원과,1,N,1310377
1991,200802074003,000000000003,연구조합 이사 변경 보고,과학기술처 기술진흥국 기술지원과,1,N,1310377
1991,200802074003,000000000004,연구조합 근무 직원 변경 보고,과학기술처 기술진흥국 기술지원과,1,N,1310377
1991,200802074095,000000000001,특정연구개발사업 협약체결:CD-ROM응용기술에 관한 연구 및 개발,과학기술처 기술개발국 기술개발과,1,N,1310377
1991,200802074095,000000000002,91 특정연구개발사업과제 연구개발비 청구,과학기술처 기술개발국 기술개발과,1,N,1310377
1991,200802074095,000000000003,91 특정연구개발사업 2차 출연금 지급의뢰,과학기술처 기술개발국 기술개발과,1,N,1310377
1991,200802074097,000000000001,특정연구개발사업 협약체결,과학기술처 기술개발국 기술개발과,1,N,1310377
1991,200802074097,000000000002,91 특정연구개발사업 2차 출연금 지급의뢰,과학기술처 기술개발국 기술개발과,1,N,1310377
1991,200802074098,000000000001,특정연구개발사업 연구원 변경의 건,과학기술처 기술개발국 기술개발과,1,N,1310377
1991,200802074098,000000000002,특정연구개발사업  협약체결,과학기술처 기술개발국 기술개발과,1,N,1310377
1991,200802074098,000000000003,1991특정연구개발사업 2차 출연금 지급의뢰,과학기술처 기술개발국 기술개발과,1,N,1310377
1991,200802074098,000000000004,1991년 특정연구개발사업과제 연구개발비 청구,과학기술처 기술개발국 기술개발과,1,N,1310377
1991,200802074098,000000000006,1991년 특정연구개발사업 개발사업비 사용실적 보고,과학기술처 기술개발국 기술개발과,1,N,1310377
1991,200802074098,000000000007,1991특정연구개발사업과제 연구개발사업비 집행잔액 조치결과 통보,과학기술처 기술개발국 기술개발과,1,N,1310377
1991,200802074099,000000000001,특정연구개발사업 과제 관리대장,과학기술처 기술개발국 기술개발과,1,N,1310377
1991,200802074101,000000000001,특정연구개발사업 협약체결,과학기술처 기술개발국 기술개발과,1,N,1310377
1991,200802074101,000000000002,91 특정연구개발사업과제 연구개발비 청구,과학기술처 기술개발국 기술개발과,1,N,1310377
1991,200802074101,000000000003,91특정연구개발사업 예산변경 신청,과학기술처 기술개발국 기술개발과,1,N,1310377
1991,200802074101,000000000004,91 특정연구개발사업 예산변경 신청서 반려,과학기술처 기술개발국 기술개발과,1,N,1310377
1991,200802074102,000000000001,91 특정연구개발사업과제 연구개발비 청구,과학기술처 기술개발국 기술개발과,1,N,1310377
1991,200802074102,000000000004,특정연구개발사업 협약체결,과학기술처 기술개발국 기술개발과,1,N,1310377
1991,200802074102,000000000005,91 특정연구개발사업 총괄연구책임자 변경 승인,과학기술처 기술개발국 기술개발과,1,N,1310377
1991,200802074102,000000000008,91특정연구개발사업 연구개발비 집행잔액 조치결과 통보,과학기술처 기술개발국 기술개발과,1,N,1310377
1991,200802074103,000000000002,특정연구개발사업 협약체결,과학기술처 기술개발국 기술개발과,1,N,1310377
1991,200802074103,000000000003,1991년 특정연구개발사업 2차 출연금 지급의뢰,과학기술처 기술개발국 기술개발과,1,N,1310377
1991,200802074104,000000000002,특정연구개발사업 협약체결,과학기술처 기술개발국 기술개발과,1,N,1310377
1991,200802074104,000000000003,91 특정연구개발사업 2차 출연금 지급의뢰,과학기술처 기술개발국 기술개발과,1,N,1310377
1991,200802074104,000000000004,91 특정연구개발사업과제 연구개발비 청구,과학기술처 기술개발국 기술개발과,1,N,1310377
1991,200802074104,000000000005,91년특정연구개발사업 과제 총괄연구책임자 변경 승인 요청,과학기술처 기술개발국 기술개발과,1,N,1310377
1991,200802074104,000000000008,91년특정연구개발사업 과제 보고서 제출,과학기술처 기술개발국 기술개발과,1,N,1310377
1991,200802074104,000000000009,92년특정연구개발사업 2차년도 협약 포기의 건,과학기술처 기술개발국 기술개발과,1,N,1310377
1991,200802074105,000000000002,1991 특정연구개발사업 2차 출연금 지급의뢰,과학기술처 기술개발국 기술개발과,1,N,1310377
1991,200802074105,000000000003,1991 특정연구개발사업과제 연구개발비 청구,과학기술처 기술개발국 기술개발과,1,N,1310377
1991,200802074105,000000000004,1991 특정연구개발사업 연구책임자 변경 승인,과학기술처 기술개발국 기술개발과,1,N,1310377
1991,200802074105,000000000005,1991 특정연구개발사업 과제 협약 변경 승인,과학기술처 기술개발국 기술개발과,1,N,1310377
1991,200802074105,000000000006,1991년특정연구개발사업 과제 보고서 제출,과학기술처 기술개발국 기술개발과,1,N,1310377
1991,200802074105,000000000007,1991 특정연구개발사업과제 연구개발사업비 집행잔액 조치결과 통보,과학기술처 기술개발국 기술개발과,1,N,1310377
1991,200802074124,000000000002,특정연구개발사업 협약체결,과학기술처 기술협력국 기술협력1과,1,N,1310377
1991,200802074124,000000000003,특정연구개발협약서 송부,과학기술처 기술협력국 기술협력1과,1,N,1310377
1991,200802074189,000000000002,특정연구개발사업 협약체결,과학기술처 기술협력국 기술협력3과,1,N,1310377
1991,200802074190,000000000002,91 특정연구개발사업 연구계획서 제출 및 협약요청,과학기술처 기술협력국 기술협력3과,1,N,1310377
1991,200802074190,000000000003,특정연구개발사업 협약체결,과학기술처 기술협력국 기술협력3과,1,N,1310377
1991,200802074191,000000000003,특정연구개발사업 협약체결,과학기술처 기술협력국 기술협력3과,1,N,1310377
1991,200802074192,000000000001,1991 특정연구개발사업 연구계획서 제출및 협약요청,과학기술처 기술협력국 기술협력3과,1,N,1310377
1991,200802074192,000000000002,특정연구개발사업 협약체결,과학기술처 기술협력국 기술협력3과,1,N,1310377
1991,200802074204,000000000002,특정연구개발사업 협약체결,과학기술처 기술인력국 인력개발과,1,N,1310377
1991,200802074269,000000000001,91 특정연구개발사업 중 연기기획.평가사업 연구과제 선정통보,과학기술부,1,N,1310377
1991,200802074269,000000000002,특정연구개발사업 협약체결,과학기술부,1,N,1310377
1991,200802074269,000000000004,91 특정연구개발사업 연구기간 연장,과학기술부,1,N,1310377
1991,200802074269,000000000005,91 특정연구개발사업 비목변경,과학기술부,1,N,1310377
1991,200802076164,000000000002,특정연구개발사업 협약체결,과학기술처 연구개발조정실 연구기획과,1,N,1310377
1991,200802076165,000000000001,-1991추경 특정연구개발사업 과제 선정을 위한 평가사업 연구협약서- 제출,과학기술처 연구개발조정실 연구기획과,1,N,1310377
1991,200802076165,000000000002,특정연구개발사업중 연구기획.평가사업 과제 총괄책임자 교체,과학기술처 연구개발조정실 연구기획과,1,N,1310377
1991,200802076165,000000000010,1990특정연구개발사업 사용내역 검토결과 통보,과학기술처 연구개발조정실 연구기획과,1,N,1310377
1991,200802076166,000000000001,특정연구개발사업 협약체결,과학기술처 연구개발조정실 연구기획과,1,N,1310377
1991,200802076166,000000000002,특정연구개발사업비 비목간 변경사용 승인,과학기술처 연구개발조정실 연구기획과,1,N,1310377
1991,200802076166,000000000003,특정연구개발사업 2차 출연금 지급의뢰,과학기술처 연구개발조정실 연구기획과,1,N,1310377
1991,200802076166,000000000005,91 특정연구개발사업 연구책임자 변경승인,과학기술처 연구개발조정실 연구기획과,1,N,1310377
1991,200802076166,000000000007,91특정연구개발사업 과제 정산,과학기술처 연구개발조정실 연구기획과,1,N,1310377
1991,200802076167,000000000002,91특정연구개발사업 연구책임자 변경승인,과학기술처 연구개발조정실 연구기획과,1,N,1310377
1991,200802076167,000000000003,91특정연구개발사업 연구비 변경 승인,과학기술처 연구개발조정실 연구기획과,1,N,1310377
1991,200802076167,000000000005,특정연구개발사업 협약체결,과학기술처 연구개발조정실 연구기획과,1,N,1310377
1991,200802076168,000000000001,90특정연구개발사업의 연차 및 최종평가와 결과 종합분석 연구협약서 제출,과학기술처 연구개발조정실 연구기획과,1,N,1310377
1991,200802076168,000000000002,특정연구개발사업 출연금 지급의뢰,과학기술처 연구개발조정실 연구기획과,1,N,1310377
1991,200802076168,000000000004,특정연구개발사업 과제 총괄책임자 변경 승인,과학기술처 연구개발조정실 연구기획과,1,N,1310377
1991,200802076168,000000000005,91 특정연구개발사업의 연구기간 연장 및 연구비 변경승인,과학기술처 연구개발조정실 연구기획과,1,N,1310377
1991,200802076168,000000000007,91 특정연구개발사업비 사용실적 보고서 제출,과학기술처 연구개발조정실 연구기획과,1,N,1310377
1991,200802076169,000000000008,91년 특정연구개발사업비 사용실적 보고서 제출,과학기술처 연구개발조정실 연구기획과,1,N,1310377
1991,200802076169,000000000009,특정연구개발사업비 정산결과 통보,과학기술처 연구개발조정실 연구기획과,1,N,1310377
1991,200802076169,000000000010,특정연구개발사업비 부당집행분 입금결과 보고,과학기술처 연구개발조정실 연구기획과,1,N,1310377
1991,200802076170,000000000001,91년도 특정연구개발사업계획서 제출,과학기술처 연구개발조정실 연구기획과,1,N,1310377
1991,200802076170,000000000003,특정연구개발사업중 연구기획.평가사업 과제 총괄책임자 교체,과학기술처 연구개발조정실 연구기획과,1,N,1310377
1991,200802076170,000000000004,91년도 특정연구개발사업 2차 연구비 청구,과학기술처 연구개발조정실 연구기획과,1,N,1310377
1991,200802076170,000000000005,특정연구개발사업 2차 출연금 지급의뢰,과학기술처 연구개발조정실 연구기획과,1,N,1310377
1991,200802076170,000000000006,특정연구개발사업 과제 총괄책임자 변경 승인,과학기술처 연구개발조정실 연구기획과,1,N,1310377
1991,200802076170,000000000007,91 특정연구개발사업 연구기간 연장 및 연구비 변경 승인 요청,과학기술처 연구개발조정실 연구기획과,1,N,1310377
1991,200802076170,000000000008,91 특정연구개발사업 연구기간 연장 및 연구비 변경승인,과학기술처 연구개발조정실 연구기획과,1,N,1310377
1991,200802076170,000000000009,91 특정연구개발사업 참여 연구원 변경,과학기술처 연구개발조정실 연구기획과,1,N,1310377
1991,200802076170,000000000016,91 특정연구개발사업비 사용실적 보고서 제출,과학기술처 연구개발조정실 연구기획과,1,N,1310377
1991,200802076170,000000000017,특정연구개발사업비 부당집행분 입금결과 보고,과학기술처 연구개발조정실 연구기획과,1,N,1310377
1991,200802076171,000000000001,`91 특정연구개발사업중 연구기획 . 평가사업 연구과제 선정통보,과학기술처 연구개발조정실 연구기획과,1,N,1310377
1991,200802076171,000000000003,특정연구개발사업 협약체결,과학기술처 연구개발조정실 연구기획과,1,N,1310377
1991,200802076171,000000000011,`91특정연구개발사업비 사용실적보고,과학기술처 연구개발조정실 연구기획과,1,N,1310377
1991,200802076192,000000000004,1991 특정연구개발사업 협약변경 계획서 제출,과학기술처 연구개발조정실 화공생물연구조정관,1,N,1310377
1991,200802076205,000000000001,91년 특정연구개발사업 과제선정 통보,과학기술처 연구개발조정실 동력자원연구조정관,1,N,1310377
1991,200802076587,000000000002,반도체 장비 및 기술 심포지움/전시회 참가 후보자 추천의뢰,과학기술처 기술협력국 기술협력3과,1,N,1310377
1991,200802076589,000000000004,특정연구개발사업 협약체결,과학기술처 기술협력국 기술협력3과,1,N,1310377
1991,200802097792,000000000001,91년도 한국전기통신공사협회 정기총회개최 계획,체신부 전파관리국 총무과,3,N,1310377
1991,200902283140,000000000001,특정연구개발사업 협약체결,과학기술부 연구개발국 기계전자기술과,1,N,1310377
1991,200902283141,000000000001,특정연구개발사업 협약체결,과학기술부 연구개발국 기계전자기술과,1,N,1310377
1991,200902283143,000000000001,특정연구개발사업 협약체결,과학기술부 연구개발국 기계전자기술과,1,N,1310377
1991,200902283144,000000000001,특정연구개발사업 협약체결,과학기술부 연구개발국 기계전자기술과,1,N,1310377
1991,200902283145,000000000001,특정연구개발사업 협약체결,과학기술부 연구개발국 기계전자기술과,1,N,1310377
1991,200902283147,000000000001,특정연구개발사업 협약체결,과학기술부 연구개발국 기계전자기술과,1,N,1310377
1991,200902283148,000000000001,특정연구개발사업 협약체결,과학기술부 연구개발국 기계전자기술과,1,N,1310377
1991,200902283152,000000000001,특정연구개발사업 협약체결,과학기술부 연구개발국 기계전자기술과,1,N,1310377
1991,200902283160,000000000001,특정연구개발사업 협약체결,과학기술부 연구개발국 기계전자기술과,1,N,1310377
1991,200902283166,000000000001,특정연구개발사업 협약체결,과학기술부 연구개발국 기계전자기술과,1,N,1310377
1991,200902283167,000000000001,특정연구개발사업 협약체결,과학기술부 연구개발국 기계전자기술과,1,N,1310377
1991,200902283168,000000000001,특정연구개발사업 협약체결,과학기술부 연구개발국 기계전자기술과,1,N,1310377
1991,200902283168,000000000002,1991년도 특정연구개발사업 지원과제 신청,과학기술부 연구개발국 기계전자기술과,1,N,1310377
1991,200902283169,000000000001,특정연구개발사업 협약체결,과학기술부 연구개발국 기계전자기술과,1,N,1310377
1991,200902283170,000000000001,특정연구개발사업 협약체결,과학기술부 연구개발국 기계전자기술과,1,N,1310377
1991,200902283172,000000000001,특정연구개발사업 협약체결,과학기술부 연구개발국 기계전자기술과,1,N,1310377
1991,200902283177,000000000001,특정연구개발사업 협약체결,과학기술부 연구개발국 기계전자기술과,1,N,1310377
1991,200902283180,000000000001,특정연구개발사업 협약체결,과학기술부 연구개발국 기계전자기술과,1,N,1310377
1991,200902283184,000000000001,특정연구개발사업 협약체결,과학기술처 연구개발조정실 자원해양연구조정관,1,N,1310377
1991,200902283184,000000000003,1991 특정연구개발사업비 삭감내역 통보,과학기술처 연구개발조정실 자원해양연구조정관,1,N,1310377
1991,200902283184,000000000004,1991 특정연구개발사업 2차 출연금 지급의뢰,과학기술처 연구개발조정실 자원해양연구조정관,1,N,1310377
1991,200902283184,000000000005,1991 특정연구개발사업 2차 출연금 지급의뢰 내역 통보,과학기술처 연구개발조정실 자원해양연구조정관,1,N,1310377
1991,200902283186,000000000001,1991년도 정보산업 분야의 특정연구개발사업 과제 심의를 위한 실무위원회 개최,과학기술부 연구개발국 기계전자기술과,1,N,1310377
1991,200902283186,000000000002,1991년 특정연구개발사업 과제 선정통보 (전자분야),과학기술부 연구개발국 기계전자기술과,1,N,1310377
1991,200902283189,000000000002,특정연구개발사업 재협약,과학기술부,1,N,1310377
1991,200902283191,000000000009,1989 특정연구개발사업 연구개발비 사용실적 보고,과학기술부,1,N,1310377
1991,200902283191,000000000010,1989 특정연구개발사업비 사용실적 보고,과학기술부,1,N,1310377
1991,200902283191,000000000013,1989 특정연구개발사업비 정산보완 자료 제출,과학기술부,1,N,1310377
1991,200902283191,000000000015,1989 특정연구개발사업비 사용실적 세부내역 보고,과학기술부,1,N,1310377
1991,200902283191,000000000016,1989 특정연구개발사업비 사용실적 제출,과학기술부,1,N,1310377
1991,200902283192,000000000001,특정연구개발사업 협약체결,과학기술부 연구개발국 기계전자기술과,1,N,1310377
1991,200902283203,000000000001,특정연구개발사업 협약체결,과학기술부 연구개발국 기계전자기술과,1,N,1310377
1991,200902283212,000000000001,특정연구개발사업 협약체결,과학기술부,1,N,1310377
1991,200902283213,000000000001,특정연구개발사업 협약체결,과학기술부,1,N,1310377
1991,200902283214,000000000001,특정연구개발사업 협약체결,과학기술부,1,N,1310377
1991,200902283215,000000000001,특정연구개발사업 협약체결,과학기술부 연구개발국 기계전자기술과,1,N,1310377
1991,200902283215,000000000002,특정연구개발사업 실행예산 변경승인,과학기술부 연구개발국 기계전자기술과,1,N,1310377
1991,200902283219,000000000001,특정연구개발사업 협약체결,과학기술부,1,N,1310377
1991,200902283220,000000000001,특정연구개발사업 협약체결,과학기술부,1,N,1310377
1991,200902283223,000000000001,특정연구개발사업 협약체결,과학기술부 연구개발국 기계전자기술과,1,N,1310377
1991,200902283225,000000000001,특정연구개발사업 협약체결,과학기술부 연구개발국 기계전자기술과,1,N,1310377
1991,200902283351,000000000001,1991 특정연구개발사업 선정,과학기술부 연구개발국 기계전자기술과,1,N,1310377
1991,200902283351,000000000002,특정연구개발사업 협약체결,과학기술부 연구개발국 기계전자기술과,1,N,1310377
1991,200902283358,000000000001,특정연구개발사업 협약체결,과학기술부 연구개발국 기계전자기술과,1,N,1310377
1991,200902283362,000000000001,특정연구개발사업 협약체결,과학기술부 연구개발국 기계전자기술과,1,N,1310377
1991,200902283365,000000000001,특정연구개발사업 협약체결,과학기술부 연구개발국 기계전자기술과,1,N,1310377
1991,200902283388,000000000001,특정연구개발사업 협약체결,과학기술처 기술협력국 기술협력3과,1,N,1310377
1991,200902283392,000000000001,특정연구개발사업 협약체결,과학기술처 기술협력국 기술협력3과,1,N,1310377
1991,200902283393,000000000001,특정연구개발사업 협약체결,과학기술처 기술협력국 기술협력3과,1,N,1310377
1991,200902283395,000000000001,특정연구개발사업 협약체결,과학기술처 기술협력국 기술협력3과,1,N,1310377
1991,200902283396,000000000001,특정연구개발사업 협약체결,과학기술처 기술협력국 기술협력3과,1,N,1310377
1991,200902283397,000000000001,특정연구개발사업 협약체결,과학기술처 기술협력국 기술협력3과,1,N,1310377
1991,200902283398,000000000003,특정연구개발사업 협약체결,과학기술처 기술협력국 기술협력3과,1,N,1310377
1991,200902283504,000000000001,1990년도 특정연구개발사업계획서 제출,과학기술처 연구개발조정실 연구관리과,1,N,1310377
1991,200902283504,000000000002,특정연구개발사업 협약체결,과학기술처 연구개발조정실 연구관리과,1,N,1310377
1991,200902283504,000000000003,특정연구개발사업 협약변경,과학기술처 연구개발조정실 연구관리과,1,N,1310377
1991,200902283504,000000000004,1990년도 특정연구개발사업 3차 연구비 청구,과학기술처 연구개발조정실 연구관리과,1,N,1310377
1991,200902283504,000000000005,1990년도 특정연구개발사업 3차연구비 관련자료 요청,과학기술처 연구개발조정실 연구관리과,1,N,1310377
1991,200902283504,000000000007,1990년도 특정연구개발사업 3차 연구비 교부,과학기술처 연구개발조정실 연구관리과,1,N,1310377
1991,200902283515,000000000001,특정연구개발사업 협약체결,과학기술처 연구개발조정실 기계연구조정관,1,N,1310377
1991,200902283517,000000000001,특정연구개발사업 협약체결,과학기술처 연구개발조정실 기계연구조정관,1,N,1310377
1991,200902342971,000000000010,특정연구개발사업(신주택기술개발)협약,건설교통부 기술안전국 기술정책과,1,N,1310377
1991,200902342971,000000000012,특정연구개발사업주택기술위원회위원위촉(변경),건설교통부 기술안전국 기술정책과,1,N,1310377
1991,201002951971,000000000004,법인설립신고서철 (한국전기통신공사성주전화국),국세청 대구지방국세청 김천세무서 세원관리과,3,N,1310377
1991,201002953723,000000000001,법인설립신고서및사업자등록신청서 (중부산업단지관리공단생산기술연구조합),국세청 대구지방국세청 구미세무서 재산법인세과,3,N,1310377
1991,201002953723,000000000002,법인설립신고서및사업자등록신청서 (중부지역공업단지관리공단생산기술연구조합),국세청 대구지방국세청 구미세무서 재산법인세과,3,N,1310377
1991,201002953723,000000000003,법인설립신고서및사업자등록신청서 (구미수출산업공단생산기술연구조합),국세청 대구지방국세청 구미세무서 재산법인세과,3,N,1310377
1991,201002975227,000000000002,농수산특정연구개발사업 추진요령통보,수산청 생산국 연근해과,1,N,1310377
1991,201002975227,000000000004,1992농수산특정연구개발사업 협약제결,수산청 생산국 연근해과,3,N,1310377
1991,201002975227,000000000007,1992농수산 특정연구개발사업 추진,수산청 생산국 연근해과,3,N,1310377
1991,201002975227,000000000011,농수산 특정연구개발사업 수산분과협의회 개최,수산청 생산국 연근해과,1,N,1310377
1991,201003193045,000000000019,선급기술료에대한대리납부시기,국세청 개인납세국 부가가치세과,3,N,1310377
1991,201003208570,000000000002,반도체분야 투자유도방안,산업자원부 산업정책본부 산업정책관 산업정책팀,1,N,1310377
1991,201103541224,000000000003,공업기반기술개발사업 1991년도 신규사업 1차년도 협약체결,산업자원부 기술표준원 운영지원팀,1,N,1310377
1991,201103541224,000000000004,1991공업기반기술개발사업(한.일 공동연구과제) 1차년도 협약 체결,산업자원부 기술표준원 운영지원팀,1,N,1310377
1991,201103541224,000000000005,1991 공업기반기술개발사업(한.일 공동연구과제) 1 차년도 협약체결,산업자원부 기술표준원 운영지원팀,1,N,1310377
1991,201103541226,000000000003,공업기반기술개발사업계획서 제출,산업자원부 기술표준원 운영지원팀,1,N,1310377
1991,201103541226,000000000004,공업기반기술개발사업계획서 제출,산업자원부 기술표준원 운영지원팀,1,N,1310377
1991,201103541226,000000000005,공업기반기술 개발사업 계획서 제출,산업자원부 기술표준원 운영지원팀,1,N,1310377
1991,201103541226,000000000006,공업기반기술개발사업계획서 제출,산업자원부 기술표준원 운영지원팀,1,N,1310377
1991,201103541229,000000000002,공업기반기술개발사업 계획서 제출,산업자원부 기술표준원 운영지원팀,1,N,1310377
1991,201103541229,000000000004,공업기반기술개발사업계획서 제출,산업자원부 기술표준원 운영지원팀,1,N,1310377
1991,201103541231,000000000018,1991 공업기반기술개발사업(한.일 공동연구과제) 1차년도 협약 체결,산업자원부 기술표준원 운영지원팀,1,N,1310377
1991,201103541231,000000000019,1991 공업기반기술개발사업(한.일 공동연구과제) 1차년도 협약체결,산업자원부 기술표준원 운영지원팀,1,N,1310377
1991,201103620303,000000000004,반도체집적회로의배치설계에관한법률안,법제처 경제법제국,1,N,1310377
1991,201104704190,000000000001,한국전기통신공사 전산기기 도입심의 검토,총무처 능률국 행정전산과,3,N,1310377
1991,201104704190,000000000003,한국전기통신공사 전산기기 설치협의 검토,총무처 능률국 행정전산과,1,N,1310377
1991,201104704191,000000000001,한국전기통신공사 전산기기 도입심의 검토,총무처 능률국 행정전산과,1,N,1310377
1991,201104704191,000000000003,한국전기통신공사 전산기기 설치협의 검토,총무처 능률국 행정전산과,1,N,1310377
1991,201104704191,000000000005,한국전기통신공사 전산기기 도입심의 검토,총무처 능률국 행정전산과,1,N,1310377
1991,201104704205,000000000020,한국전기통신공사 전산기기 도입심의 검토,총무처 능률국 행정전산과,1,N,1310377
1991,201104704205,000000000022,한국전기통신공사 전산기기 도입심의 검토,총무처 능률국 행정전산과,1,N,1310377
1991,201205225400,000000000007,산업정책심의회 의결사항 통보,재정경제부 세제실 관세국 산업관세과,1,N,1310377
1991,201205225589,000000000001,산업정책심의회 안건 상정,재정경제부 경제정책국 정책조정과,1,N,1310377
1991,201205225589,000000000004,산업정책심의회 안건 서면 결의,재정경제부 경제정책국 정책조정과,1,N,1310377
1991,201205225589,000000000005,산업정책심의회 서면결의 결과 송부,재정경제부 경제정책국 정책조정과,1,N,1310377
1991,201205225589,000000000007,산업정책심의회 안건 서면 결의,재정경제부 경제정책국 정책조정과,1,N,1310377
1991,201205225589,000000000009,산업정책심의회 안건 서면결의,재정경제부 경제정책국 정책조정과,1,N,1310377
1991,201205225589,000000000011,산업정책심의회 안건 서면결의,재정경제부 경제정책국 정책조정과,1,N,1310377
1991,201205225589,000000000012,산업정책심의회 안건 서면결의서 송부,재정경제부 경제정책국 정책조정과,1,N,1310377
1991,201205225589,000000000014,산업정책심의회 안건 서면결의,재정경제부 경제정책국 정책조정과,1,N,1310377
1991,201205225590,000000000001,1991년도 제1차 산업정책심의회 개최,재정경제부 경제정책국 정책조정과,1,N,1310377
1991,201205225590,000000000002,1991년도 제1차 산업정책심의회 결과 통보,재정경제부 경제정책국 정책조정과,1,N,1310377
1991,201205225590,000000000006,1991년도 제2차 산업정책심의회 개최,재정경제부 경제정책국 정책조정과,1,N,1310377
1991,201205225590,000000000008,1991년도 제2차 산업정책심의회 결과통보,재정경제부 경제정책국 정책조정과,1,N,1310377
1991,201205225591,000000000001,산업정책심의회 심의 요청,재정경제부 경제정책국 정책조정과,1,N,1310377
1991,201205225591,000000000002,산업정책심의회 심의요청에 대한 의견조회,재정경제부 경제정책국 정책조정과,1,N,1310377
1991,201205225591,000000000003,산업정책심의회 심의요청,재정경제부 경제정책국 정책조정과,1,N,1310377
1991,201205225591,000000000004,산업정책심의회 안건 서면결의,재정경제부 경제정책국 정책조정과,1,N,1310377
1991,201205225591,000000000006,산업정책심의회 안건 서면결의,재정경제부 경제정책국 정책조정과,1,N,1310377
1991,201205225595,000000000003,산업정책심의회 안건 상정 요청,재정경제부 경제정책국 정책조정과,1,N,1310377
1991,201205225595,000000000004,산업정책심의회 안건 서면결의,재정경제부 경제정책국 정책조정과,1,N,1310377
1991,201205225595,000000000006,산업정책심의회 안건 서면결의,재정경제부 경제정책국 정책조정과,1,N,1310377
1991,201205225595,000000000007,산업정책심의회 안건 서면결의,재정경제부 경제정책국 정책조정과,1,N,1310377
1991,201205225596,000000000001,산업정책심의회 심의 요청.반월공단 열병합발전소 경영정상화 지원대책,재정경제부 경제정책국 정책조정과,1,N,1310377
1991,201205225596,000000000002,산업정책심의회 안건 서면결의.반월공단 열병합발전소 경영정상화 지원대책(안),재정경제부 경제정책국 정책조정과,1,N,1310377
1991,201205225596,000000000003,산업정책심의회 안건 상정 요청.조선산업합리화 보완계획,재정경제부 경제정책국 정책조정과,1,N,1310377
1991,201205225596,000000000004,산업정책심의회 안건 서면결의.조선산업 합리화 보완계획,재정경제부 경제정책국 정책조정과,1,N,1310377
1991,201205225596,000000000005,산업정책심의회 안건 서면결의.1992년도 공업발전기금 운용계획 수정(안) 및 1993년도 공업발전기금 운용계획(안),재정경제부 경제정책국 정책조정과,1,N,1310377
1991,201305783018,000000000003,기술료등의 국내원천소득 해당 여부,재정경제부 세제실 재산소비세제국 국제조세과,1,N,1310377
1991,201506568445,000000000013,특정연구개발사업 연구개발비 조정위원회 구성,과학기술부 총무과,1,N,1310377
1991,201708097652,000000000003,산업정책심의회 의결사항 통보,재정경제부 세제실 관세국 관세협력과,2,N,1310377
1991,201708097652,000000000009,산업정책심의회 안건 서면 결의,재정경제부 세제실 관세국 관세협력과,2,N,1310377
1991,202010192687,000000000001,산업기술연구조합 설립인가,과학기술처 연구개발조정실 전기전자연구조정관,3,N,1310377
1991,202010192688,000000000001,산업기술연구조합 설립인가,과학기술처 연구개발조정실 전기전자연구조정관,3,N,1310377
1991,202010192689,000000000001,산업기술연구조합 설립인가,과학기술처 연구개발조정실 전기전자연구조정관,3,N,1310377
1991,202110475069,000000000008,산업정책심의회 의결사항 통보,기획재정부 세제실 관세정책관 산업관세과,2,N,1310377
1991,202411500941,000000000003,한국전기통신공사 업무위탁관계의 해소등으로 인한 인원이관,체신부 총무과,2,N,1310377
1991,202411500941,000000000010,한국전기통신공사 업무위탁관계의 해소등으로 인한 인원이관계획,체신부 총무과,2,N,1310377
1991,202411500941,000000000011,한국전기통신공사 업무 위탁관계의 해소등으로 인한 인원이관,체신부 총무과,2,N,1310377
1991,202411500941,000000000012,한국전기통신공사 업무 위탁관계의 해소등으로 인한 인원이관계획,체신부 총무과,2,N,1310377
1991,202411500941,000000000015,한국전기통신공사 업무위탁 관계의 해소등으로 인한 인원이관,체신부 총무과,2,N,1310377
1991,202411500941,000000000016,한국전기통신공사 업무위탁 관계의 해소등으로 인한 인원이관,체신부 총무과,2,N,1310377
1991,202411500941,000000000017,한국전기통신공사 업무위탁 관계의 해소등으로 인한 인원자 인사서류 이관,체신부 총무과,2,N,1310377
1991,202411500941,000000000018,한국전기통신공사 업무위탁관계의 해소등으로 인한 인원이관계획,체신부 총무과,2,N,1310377
1992,200041030471,000000000001,특정연구개발사업의 연차 및 최종평가와 결과종합분석 1990:평가결과 종합분석 편,과학기술처,1,N,1310377
1992,200041031785,000000000001,특정연구개발사업 과제 초록 1992,과학기술처,1,N,1310377
1992,200041038208,000000000001,반도체산업의 급격한 변화와 우리의 대응,산업연구원,1,Y,1310377
1992,200300832486,000000000007,반도체집적회로의배치설계에관한법률안(제44회),총무처 의정국 의사과,1,Y,1310377
1992,200300832489,000000000047,반도체집적회로의배치설계에관한법률 공포안(제54회),총무처 의정국 의사과,1,Y,1310377
1992,200300832527,000000000448,반도체 직접회로의 배치설계에 관한 법률안 (제40회),총무처 의정국 의사과,1,N,1310377
1992,200301062693,000000000009,공업기반기술개발사업운용요령중개정(상공부고시제1992-14호),총무처 법무담당관,1,Y,1310377
1992,200301062693,000000000025,제조업경쟁력강화를위한생산기술발전5개년계획및공업기반기술개발사업1992년도시행계,총무처 법무담당관,1,Y,1310377
1992,200301062791,000000000030,입찰공고(전북대학교반도체물성연구소공고제1992-1호),총무처 법무담당관,1,Y,1310377
1992,200301062817,000000000036,재입찰공고(전북대학교반도체물성연구소공고제1992-2호),총무처 법무담당관,1,Y,1310377
1992,200301062823,000000000043,입찰공고(전북대학교반도체물성연구소공고제1992-3호),총무처 법무담당관,1,Y,1310377
1992,200301062844,000000000035,재입찰공고(전북대학교반도체물설연구소공고제1992-4호),총무처 법무담당관,1,Y,1310377
1992,200301062854,000000000015,1993특정연구개발사업시행계획[과학기술처공고제1992-107호],총무처 법무담당관,1,Y,1310377
1992,200301062896,000000000085,반도체집적회로의배치설계에관한법률(법률제4526호),총무처 법무담당관,1,Y,1310377
1992,200302831155,000000000015,한국전기통신공사 본사 서울 부산사업본부 정기감사 부의품의안,감사원 제1국 제5과,3,N,1310377
1992,200302831156,000000000001,감사결과처분요구(한국전기통신공사 전남 전북사업본부 정기감사 부의품의안),감사원 제1국 제5과,3,N,1310377
1992,200302831171,000000000018,감사결과 처분요구 (한국전기통신공사 전남 전북사업본부 정기감사 부의품의안),감사원 제3국 제3과,3,N,1310377
1992,200302831217,000000000008,기술개발사업관련 정부출연금 상당 기술료 미징수(시정),감사원 제1국 제5과,3,N,1310377
1992,200302831217,000000000024,공업기반기술개발비 정산 등 부적정(시정),감사원 제1국 제5과,3,N,1310377
1992,200302831217,000000000025,공업기반기술개발사업비 기술료 미징수(시정),감사원 제1국 제5과,3,N,1310377
1992,200302831217,000000000030,공업기반기술개발사업비 지원 부적정(주의),감사원 제1국 제5과,3,N,1310377
1992,200302831296,000000000037,한국전기통신공사 정기감사 부의품의안(감사결과처분요구),감사원 제3국 제5과,3,N,1310377
1992,200302845687,000000000002,우진반도체부품(주) 법인설립신고서,국세청 서울지방국세청 종로세무서 법인세과,3,N,1310377
1992,200302846092,000000000003,원성반도체(주) 법인설립신고서,국세청 서울지방국세청 대방세무서,3,N,1310377
1992,200302846831,000000000009,한국전기통신공사통신시스템개발센터 사업자등록신청서철,국세청 서울지방국세청 서초세무서 법인세과,2,N,1310377
1992,200302846831,000000000010,한국전기통신공사통신망연구소 사업자등록신청서철,국세청 서울지방국세청 서초세무서 법인세과,2,N,1310377
1992,200302846977,000000000001,(주)삼지반도체 법인설립신고서,국세청 중부지방국세청 동대문세무서,3,N,1310377
1992,200302898310,000000000003,감사결과 처분요구(한국전기통신공사 본사 일반감사),감사원 제4국 제4과,3,N,1310377
1992,200700434067,000000000001,한국전기통신공사부당노동행위구제재심판정취소사건,노동부 중앙노동위원회 사무국 심판과,3,N,1310377
1992,200701472309,000000000001,반도체집적회로의배치설계에관한법률(안)의견문의,법무부 법무실 법무심의관,1,N,1310377
1992,200701472309,000000000008,반도체집접회로의배치설계에관한법률(안)의견회신,법무부 법무실 법무심의관,1,N,1310377
1992,200802015088,000000000013,산업정책심의회 결과 통보,행정자치부 지방세제국 세제과,1,N,1310377
1992,200802015088,000000000014,산업정책심의회 결과 통보,행정자치부 지방세제국 세제과,1,N,1310377
1992,200802015088,000000000015,산업정책심의회 결과 통보,행정자치부 지방세제국 세제과,1,N,1310377
1992,200802060862,000000000001,산업정책심의회 안건 상정 수정,산업자원부 기간제조산업본부 자동차조선팀,1,N,1310377
1992,200802060862,000000000002,산업정책심의회 의결사항 통보,산업자원부 기간제조산업본부 자동차조선팀,1,N,1310377
1992,200802066476,000000000001,특정연구개발협약서(한국과학기술연구원(정책기획본부)과 주관연구기관간의 협약용),과학기술부,1,N,1310377
1992,200802066478,000000000002,92년도 특정연구개발사업(첨단요소) 자료제출,과학기술부,1,N,1310377
1992,200802066479,000000000001,92 특정연구개발사업 연구과제명 변경 및 협약요청,과학기술부,1,N,1310377
1992,200802066479,000000000002,과제명 변경 및 특정연구개발사업 협약체결,과학기술부,1,N,1310377
1992,200802066479,000000000003,92 특정연구개발협약서 제출의건,과학기술부,1,N,1310377
1992,200802066479,000000000010,특정연구개발사업 평가 결과 송부및 93년도 연구 계획서 제출 요청,과학기술부,1,N,1310377
1992,200802066480,000000000001,특정연구개발사업 협약체결,과학기술부,1,N,1310377
1992,200802066480,000000000008,특정연구개발사업 평가 결과 송부 및 93년도 연구 계획서 제출 요청,과학기술부,1,N,1310377
1992,200802066482,000000000001,92 특정연구개발사업 연구계획서 제출 및 협약요청,과학기술부,1,N,1310377
1992,200802066482,000000000002,특정연구개발사업 협약체결,과학기술부,1,N,1310377
1992,200802066482,000000000003,92 특정연구개발협약서 제출의건,과학기술부,1,N,1310377
1992,200802066487,000000000001,특정연구개발사업 협약체결,과학기술부,1,N,1310377
1992,200802066922,000000000003,특정연구개발사업 협약체결,과학기술부 과학기술정책실 기술개발지원과,1,N,1310377
1992,200802066922,000000000004,92 특정연구개발협약서 제출의건,과학기술부 과학기술정책실 기술개발지원과,1,N,1310377
1992,200802066923,000000000001,산업기술연구조합 설립인가서 갱신교부,과학기술부 과학기술정책실 기술개발지원과,1,N,1310377
1992,200802066923,000000000002,산업기술연구조합 설립인가서 갱신교부,과학기술부 과학기술정책실 기술개발지원과,1,N,1310377
1992,200802066923,000000000004,한국디스프레이연구조합정관변경 인가,과학기술부 과학기술정책실 기술개발지원과,1,N,1310377
1992,200802066923,000000000005,연구조합 특별회비 과다징수 여부에 대한 경위,과학기술부 과학기술정책실 기술개발지원과,1,N,1310377
1992,200802066925,000000000001,"`92년도 특정연구개발사업중 국.공립연구기관,타부처출연기관,기타 공익법인연구기관 과제선정",과학기술부 과학기술정책실 기술개발지원과,1,N,1310377
1992,200802066925,000000000003,특정연구개발사업 협약체결,과학기술부 과학기술정책실 기술개발지원과,1,N,1310377
1992,200802066929,000000000001,1991년 특정연구개발사업(위탁연구)최종보고서 제출,과학기술부 과학기술정책실 기술개발지원과,1,N,1310377
1992,200802066930,000000000002,특정연구개발사업 협약체결,과학기술부 과학기술정책실 기술개발지원과,1,N,1310377
1992,200802066930,000000000003,특정연구개발사업 협약서 제출,과학기술부 과학기술정책실 기술개발지원과,1,N,1310377
1992,200802066931,000000000001,특정연구개발사업 협약체결,과학기술부 과학기술정책실 기술개발지원과,1,N,1310377
1992,200802070540,000000000004,특정연구개발사업 집행잔액,과학기술부 연구개발국 연구개발기획과,1,N,1310377
1992,200802070540,000000000008,특정연구개발사업 출연금 집행잔액에 대한 검토,과학기술부 연구개발국 연구개발기획과,1,N,1310377
1992,200802070540,000000000011,특정연구개발사업 집행잔액 관리현황,과학기술부 연구개발국 연구개발기획과,1,N,1310377
1992,200802070540,000000000013,기술료 사용근거에 관한 사항,과학기술부 연구개발국 연구개발기획과,1,N,1310377
1992,200802070541,000000000007,특정연구개발사업 연구개발성과 활용실적(99년 실적) 보고,과학기술부 연구개발국 연구개발기획과,1,N,1310377
1992,200802071202,000000000001,특정연구개발사업 협약체결,과학기술부 과학기술협력국 기술협력총괄과,1,N,1310377
1992,200802071227,000000000001,기술료 징수.이체 및 사용보고에 관한 건,과학기술부 국립중앙과학관 연구관리부,1,N,1310377
1992,200802071347,000000000002,특정연구개발사업 협약체결,과학기술부 연구개발국 기계전자기술과,1,N,1310377
1992,200802071348,000000000009,특정연구개발사업 협약체결,과학기술부 연구개발국 기계전자기술과,1,N,1310377
1992,200802071348,000000000029,특정연구개발사업 기본계약서,과학기술부 연구개발국 기계전자기술과,1,N,1310377
1992,200802071348,000000000030,특정연구개발사업 기본계약서,과학기술부 연구개발국 기계전자기술과,1,N,1310377
1992,200802071353,000000000001,특정연구개발 변경협약서,과학기술부 연구개발국 기계전자기술과,1,N,1310377
1992,200802071354,000000000002,특정연구개발사업 협약체결,과학기술부 연구개발국 기계전자기술과,1,N,1310377
1992,200802071355,000000000001,주관기관과 참여기업간의 특정연구개발사업 계약서,과학기술부 연구개발국 기계전자기술과,1,N,1310377
1992,200802071355,000000000004,특정연구개발사업 협약체결,과학기술부 연구개발국 기계전자기술과,1,N,1310377
1992,200802071355,000000000005,특정연구개발 협약서 제출,과학기술부 연구개발국 기계전자기술과,1,N,1310377
1992,200802071356,000000000001,특정연구개발사업 협약서 제출,과학기술부 연구개발국 기계전자기술과,1,N,1310377
1992,200802071357,000000000001,92 특정연구개발사업비 집행관리 지침 시달,과학기술부 연구개발국 기계전자기술과,1,N,1310377
1992,200802071357,000000000003,92년도 특정연구개발사업비 비목별 예산변경 승인,과학기술부 연구개발국 기계전자기술과,1,N,1310377
1992,200802071357,000000000007,91 특정연구개발사업 추진결과 보고,과학기술부 연구개발국 기계전자기술과,1,N,1310377
1992,200802071357,000000000009,92 특정연구개발사업 연구책임자 변경승인,과학기술부 연구개발국 기계전자기술과,1,N,1310377
1992,200802071357,000000000013,92특정연구개발사업 변경 승인,과학기술부 연구개발국 기계전자기술과,1,N,1310377
1992,200802071359,000000000001,특정연구개발사업 협약,과학기술부 연구개발국 기계전자기술과,1,N,1310377
1992,200802071359,000000000002,반도체 관련 전문인력 협조요청,과학기술부 연구개발국 기계전자기술과,1,N,1310377
1992,200802071360,000000000001,특정연구개발협약서,과학기술부 연구개발국 기계전자기술과,1,N,1310377
1992,200802071360,000000000002,과학기술처 특정연구개발사업비 납부 최고,과학기술부 연구개발국 기계전자기술과,1,N,1310377
1992,200802071360,000000000004,특정연구개발사업 연구협약의 해약 통보,과학기술부 연구개발국 기계전자기술과,1,N,1310377
1992,200802071360,000000000005,특정연구개발사업 연구협약의 해약에 따른 보고,과학기술부 연구개발국 기계전자기술과,1,N,1310377
1992,200802071897,000000000003,특정연구개발사업 협약체결,과학기술부 연구개발국 생명환경기술과,1,N,1310377
1992,200802071897,000000000004,1992년도 특정연구개발사업(국제공동)협약서 송부,과학기술부 연구개발국 생명환경기술과,1,N,1310377
1992,200802071897,000000000006,1992 특정연구개발사업 국제공동과제 비목변경 승인요청에 대한 회신,과학기술부 연구개발국 생명환경기술과,1,N,1310377
1992,200802072235,000000000007,92 특정연구개발사업 고온초전도체 기술 개발 과제 협약,과학기술부 기초연구국,1,N,1310377
1992,200802072402,000000000003,특정연구개발사업 협약,과학기술부 과학기술혁신본부 연구개발조정관 정보전자심의관,1,N,1310377
1992,200802072403,000000000002,특정연구개발사업 협약체결,과학기술부 과학기술혁신본부 연구개발조정관 정보전자심의관,1,N,1310377
1992,200802072404,000000000002,특정연구개발사업 협약,과학기술부 과학기술혁신본부 연구개발조정관 정보전자심의관,1,N,1310377
1992,200802072410,000000000001,특정연구개발협약서,과학기술부 과학기술혁신본부 과학기술정책국,1,N,1310377
1992,200802072595,000000000002,특정연구개발사업 협약체결,과학기술처,1,N,1310377
1992,200802072595,000000000003,특정연구개발사업과제 협약서 제출,과학기술처,1,N,1310377
1992,200802072596,000000000001,특정연구개발사업 협약체결,과학기술처,1,N,1310377
1992,200802072596,000000000002,92 특정연구개발협약서 제출의건,과학기술처,1,N,1310377
1992,200802072603,000000000001,특정연구개발사업 협약체결,과학기술처,1,N,1310377
1992,200802072604,000000000001,특정연구개발사업 협약체결,과학기술처,1,N,1310377
1992,200802072604,000000000002,92년 특정연구개발사업 협약서 송부,과학기술처,1,N,1310377
1992,200802072606,000000000001,1992특정연구개발사업중 첨단요소기술개발사업(지출 증빙서류),과학기술처,1,N,1310377
1992,200802072609,000000000002,특정연구개발사업 협약체결,과학기술처,1,N,1310377
1992,200802072955,000000000001,특정연구개발사업과제 신청서 제출,과학기술처 연구개발조정실 연구기획과,1,N,1310377
1992,200802072955,000000000002,특정연구개발사업중 연구기획 . 평가사업 후보과제 선정 추천,과학기술처 연구개발조정실 연구기획과,1,N,1310377
1992,200802072955,000000000005,특정연구개발사업 협약체결,과학기술처 연구개발조정실 연구기획과,1,N,1310377
1992,200802072955,000000000012,특정연구개발사업 2차 출연금 지급의뢰,과학기술처 연구개발조정실 연구기획과,1,N,1310377
1992,200802072955,000000000014,1992 특정연구개발사업 사업계획서와 집행실적 대비표 보고,과학기술처 연구개발조정실 연구기획과,1,N,1310377
1992,200802072996,000000000001,특정연구개발사업 심의위원회 위촉,과학기술처 연구개발조정실 기초연구조정관,1,N,1310377
1992,200802072996,000000000002,특정연구개발사업 심의위원회 위촉,과학기술처 연구개발조정실 기초연구조정관,1,N,1310377
1992,200802072996,000000000005,특정연구개발사업 심의위원회 실무위원회 위원 위촉,과학기술처 연구개발조정실 기초연구조정관,1,N,1310377
1992,200802072996,000000000007,업무협조 - 특정연구개발사업 심의위원회 구성(안),과학기술처 연구개발조정실 기초연구조정관,1,N,1310377
1992,200802072996,000000000008,특정연구개발사업 심의위원회,과학기술처 연구개발조정실 기초연구조정관,1,N,1310377
1992,200802073090,000000000002,1992 특정연구개발사업과제 심의를 위한 의과학분야 실무위원회 구성 및 회의 개최,과학기술처 연구개발조정실 화공생물연구조정관,1,N,1310377
1992,200802073090,000000000003,1992 특정연구개발사업중 의과학분야 과제선정,과학기술처 연구개발조정실 화공생물연구조정관,1,N,1310377
1992,200802073090,000000000004,1992 특정연구개발사업과제 선정 변경 통보,과학기술처 연구개발조정실 화공생물연구조정관,1,N,1310377
1992,200802073090,000000000007,1994년도 특정연구개발사업(국채)연구 과제 선정,과학기술처 연구개발조정실 화공생물연구조정관,1,N,1310377
1992,200802073091,000000000002,특정연구개발사업 협약체결,과학기술처 연구개발조정실 화공생물연구조정관,1,N,1310377
1992,200802073092,000000000004,92 특정연구개발사업 과제선정 심의를 위한 기계재료 실무위원회 개최,과학기술처 연구개발조정실 화공생물연구조정관,1,N,1310377
1992,200802073092,000000000005,92 특정연구개발사업 과제심의를 위한 화학.화공분야 실무위원회 개최,과학기술처 연구개발조정실 화공생물연구조정관,1,N,1310377
1992,200802073092,000000000012,92 특정연구개발사업 과제선정,과학기술처 연구개발조정실 화공생물연구조정관,1,N,1310377
1992,200802073092,000000000013,92년도 특정연구개발사업 과제선정,과학기술처 연구개발조정실 화공생물연구조정관,1,N,1310377
1992,200802073092,000000000015,"92년도 특정연구개발사업중 국.공립연구기관, 타부처출연기관, 기타 공익법인 연구기관 과제선정",과학기술처 연구개발조정실 화공생물연구조정관,1,N,1310377
1992,200802073092,000000000016,92 특정연구개발사업 과제선전 (CFC 대체물질 개발),과학기술처 연구개발조정실 화공생물연구조정관,1,N,1310377
1992,200802073092,000000000017,92 특정연구개발사업 추가지원계획 통보,과학기술처 연구개발조정실 화공생물연구조정관,1,N,1310377
1992,200802073092,000000000018,92 특정연구개발사업 추가지원계획 통보,과학기술처 연구개발조정실 화공생물연구조정관,1,N,1310377
1992,200802073093,000000000001,특정연구개발사업 연구신청서 제출,과학기술처 연구개발조정실 화공생물연구조정관,1,N,1310377
1992,200802073232,000000000001,92년도 특정연구개발사업 국책연구과제 연구신청서 제출,과학기술처 연구개발조정실 자원해양연구조정관,1,N,1310377
1992,200802073232,000000000002,92년도 특정연구개발사업(국책과제)사업계획서 제출,과학기술처 연구개발조정실 자원해양연구조정관,1,N,1310377
1992,200802073232,000000000003,특정연구개발사업 협약체결,과학기술처 연구개발조정실 자원해양연구조정관,1,N,1310377
1992,200802073232,000000000004,특정연구개발사업 국책과제 연구책임자 변경 승인,과학기술처 연구개발조정실 자원해양연구조정관,1,N,1310377
1992,200802073232,000000000005,92년도 특정연구개발사업 국책연구과제 중.소 세부과제 연구책임자 변경승인,과학기술처 연구개발조정실 자원해양연구조정관,1,N,1310377
1992,200802073232,000000000006,92 특정연구개발사업 국책연구과제 연구책임자 변경,과학기술처 연구개발조정실 자원해양연구조정관,1,N,1310377
1992,200802073232,000000000007,92 특정연구개발사업 국책연구과제 세부과제 책임자 변경 승인,과학기술처 연구개발조정실 자원해양연구조정관,1,N,1310377
1992,200802073297,000000000002,특정연구개발사업 협약체결,과학기술처 연구개발조정실 기계연구조정관,1,N,1310377
1992,200802073299,000000000002,특정연구개발사업 협약체결,과학기술처 연구개발조정실 기계연구조정관,1,N,1310377
1992,200802073300,000000000002,특정연구개발사업 협약체결,과학기술처 연구개발조정실 기계연구조정관,1,N,1310377
1992,200802073302,000000000002,특정연구개발사업 협약체결,과학기술처 연구개발조정실 기계연구조정관,1,N,1310377
1992,200802073302,000000000003,특정연구개발사업 협약변경 체결,과학기술처 연구개발조정실 기계연구조정관,1,N,1310377
1992,200802073302,000000000007,특정연구개발사업 협약변경 체결,과학기술처 연구개발조정실 기계연구조정관,1,N,1310377
1992,200802073329,000000000001,특정연구개발사업 협약체결,과학기술처 연구개발조정실 생물해양연구조정관,1,N,1310377
1992,200802073330,000000000001,특정연구개발사업 협약체결,과학기술처 연구개발조정실 생물해양연구조정관,1,N,1310377
1992,200802073330,000000000002,특정연구개발 사업 협약체결 및 특정연구개발비 신청,과학기술처 연구개발조정실 생물해양연구조정관,1,N,1310377
1992,200802073331,000000000001,특정연구개발사업 협약체결,과학기술처 연구개발조정실 생물해양연구조정관,1,N,1310377
1992,200802073332,000000000001,특정연구개발사업 협약체결,과학기술처 연구개발조정실 생물해양연구조정관,1,N,1310377
1992,200802073334,000000000001,특정연구개발사업에 따른 연구개발계획서 제출,과학기술처 연구개발조정실 생물해양연구조정관,1,N,1310377
1992,200802073334,000000000002,특정연구개발사업 협약체결,과학기술처 연구개발조정실 생물해양연구조정관,1,N,1310377
1992,200802073335,000000000001,92년도 특정연구개발사업 연구개발계획서 제출,과학기술처 연구개발조정실 생물해양연구조정관,1,N,1310377
1992,200802073335,000000000002,특정연구개발사업 협약체결,과학기술처 연구개발조정실 생물해양연구조정관,1,N,1310377
1992,200802073338,000000000003,특정연구개발사업 협약체결,과학기술처 연구개발조정실 생물해양연구조정관,1,N,1310377
1992,200802073343,000000000004,특정연구개발사업 협약체결,과학기술처 연구개발조정실 생물해양연구조정관,1,N,1310377
1992,200802073343,000000000005,특정연구개발협약서,과학기술처 연구개발조정실 생물해양연구조정관,1,N,1310377
1992,200802073343,000000000006,특정연구개발사업 협약 체결 통보,과학기술처 연구개발조정실 생물해양연구조정관,1,N,1310377
1992,200802073343,000000000007,특정연구개발사업 2차 출연금 지급의뢰,과학기술처 연구개발조정실 생물해양연구조정관,1,N,1310377
1992,200802073344,000000000002,특정연구개발사업 협약체결,과학기술처 연구개발조정실 생물해양연구조정관,1,N,1310377
1992,200802073345,000000000003,특정연구개발사업 협약체결,과학기술처 연구개발조정실 생물해양연구조정관,1,N,1310377
1992,200802073451,000000000003,특정연구개발사업 협약체결,과학기술처 기술정책실 정보산업기술담당관,1,N,1310377
1992,200802073451,000000000004,1992년 특정연구개발사업 2차 출연금 지급의뢰,과학기술처 기술정책실 정보산업기술담당관,1,N,1310377
1992,200802073452,000000000001,특정연구개발사업 협약체결,과학기술처 기술정책실 정보산업기술담당관,1,N,1310377
1992,200802073452,000000000002,92년 특정연구개발사업 협약체결,과학기술처 기술정책실 정보산업기술담당관,1,N,1310377
1992,200802073452,000000000003,92 특정연구개발사업 2차 출연금 지급의뢰,과학기술처 기술정책실 정보산업기술담당관,1,N,1310377
1992,200802073453,000000000002,특정연구개발사업 협약체결,과학기술처 기술정책실 정보산업기술담당관,1,N,1310377
1992,200802073453,000000000003,92 특정연구개발사업 과제 연구비 비목 변경 승인,과학기술처 기술정책실 정보산업기술담당관,1,N,1310377
1992,200802073453,000000000004,92 특정연구개발사업 2차 출연금 지급의뢰,과학기술처 기술정책실 정보산업기술담당관,1,N,1310377
1992,200802074004,000000000002,대한알콜산업기술연구조합 연구원 변경신고,과학기술처 기술진흥국 기술지원과,1,N,1310377
1992,200802074004,000000000003,산업기술연구조합 설립인가서 갱신교부,과학기술처 기술진흥국 기술지원과,1,N,1310377
1992,200802074004,000000000008,연구조합 해산 통보,과학기술처 기술진흥국 기술지원과,1,N,1310377
1992,200802074004,000000000009,연구조합 해산에 따른 설립 인가서 반납의 건,과학기술처 기술진흥국 기술지원과,1,N,1310377
1992,200802074004,000000000010,산업기술연구조합 설립인가 취소,과학기술처 기술진흥국 기술지원과,1,N,1310377
1992,200802074005,000000000001,한국도금기술 연구조합 설립 등기보고,과학기술처 기술진흥국 기술지원과,1,N,1310377
1992,200802074005,000000000002,산업기술연구조합 설립인가서 갱신교부,과학기술처 기술진흥국 기술지원과,1,N,1310377
1992,200802074005,000000000003,산업기술연구조합 설립인가서 반납,과학기술처 기술진흥국 기술지원과,1,N,1310377
1992,200802074005,000000000004,연구조합 연구요원 충원통보,과학기술처 기술진흥국 기술지원과,1,N,1310377
1992,200802074006,000000000001,산업기술연구조합 설립등기 보고,과학기술처 기술진흥국 기술지원과,1,N,1310377
1992,200802074006,000000000002,창원공단공장자동화연구조합  사무국 직원 및 연구요원 변경사항 보고,과학기술처 기술진흥국 기술지원과,1,N,1310377
1992,200802074006,000000000003,창원공단 공장자동화연구조합 정기총회 결과보고,과학기술처 기술진흥국 기술지원과,1,N,1310377
1992,200802074006,000000000004,연구조합 명칭변경 승인 요청,과학기술처 기술진흥국 기술지원과,1,N,1310377
1992,200802074006,000000000005,산업기술연구조합 정관변경 인가,과학기술처 기술진흥국 기술지원과,1,N,1310377
1992,200802074006,000000000009,산업기술연구조합 설립인가서 갱신 . 교부,과학기술처 기술진흥국 기술지원과,1,N,1310377
1992,200802074006,000000000011,동남공단 산업기술연구조합 사무국직원 변경사항 보고,과학기술처 기술진흥국 기술지원과,1,N,1310377
1992,200802074006,000000000012,동남공단산업기술연구조합 사무국직원  변경사항 보고,과학기술처 기술진흥국 기술지원과,1,N,1310377
1992,200802074006,000000000013,동남공단 산업기술연구조합 정기총회 결과보고,과학기술처 기술진흥국 기술지원과,1,N,1310377
1992,200802074006,000000000016,동남공단산업기술연구조합연구조합 사무국직원 변경보고,과학기술처 기술진흥국 기술지원과,1,N,1310377
1992,200802074006,000000000017,동남공단 산업기술연구조합 해산신고,과학기술처 기술진흥국 기술지원과,1,N,1310377
1992,200802074006,000000000018,산업기술연구조합 설립인가 취소,과학기술처 기술진흥국 기술지원과,1,N,1310377
1992,200802074006,000000000019,동남공단 산업기술연구조합 청산종결 신고,과학기술처 기술진흥국 기술지원과,1,N,1310377
1992,200802074007,000000000001,한국강선기술개발연구조합 설립등기 완료보고,과학기술처 기술진흥국 기술지원과,1,N,1310377
1992,200802074008,000000000001,한국시스템통합연구조합 설립 등기 보고,과학기술처 기술진흥국 기술지원과,1,N,1310377
1992,200802074008,000000000002,한국시스템통합연구조합 정관 변경 인가 신청,과학기술처 기술진흥국 기술지원과,1,N,1310377
1992,200802074008,000000000004,한국시스템통합연구조합 정관 일부변경 인가 신청,과학기술처 기술진흥국 기술지원과,1,N,1310377
1992,200802074009,000000000001,한국센서연구조합 설립등기 보고,과학기술처 기술진흥국 기술지원과,1,N,1310377
1992,200802074009,000000000003,산업기술연구조합 설립인가서 갱신교부,과학기술처 기술진흥국 기술지원과,1,N,1310377
1992,200802074009,000000000008,산업기술연구조합 설립인가서 재교부,과학기술처 기술진흥국 기술지원과,1,N,1310377
1992,200802074009,000000000009,산업기술연구조합 정관변경 승인,과학기술처 기술진흥국 기술지원과,1,N,1310377
1992,200802074009,000000000011,산업기술연구조합설립인가서 재교부,과학기술처 기술진흥국 기술지원과,1,N,1310377
1992,200802074010,000000000009,정관변경 인가 및 연구조합설립인가서 재발급,과학기술처 기술진흥국 기술지원과,1,N,1310377
1992,200802074010,000000000011,산업기술연구조합 설립인가 취소,과학기술처 기술진흥국 기술지원과,1,N,1310377
1992,200802074010,000000000012,연구조합 청산종결 신고,과학기술처 기술진흥국 기술지원과,1,N,1310377
1992,200802074011,000000000001,수도권중소기업 제조.관리기술 연구조합 인가신청 내용,과학기술처 기술진흥국 기술지원과,1,N,1310377
1992,200802074011,000000000002,산업기술연구조합 설립등기 보고서 제출,과학기술처 기술진흥국 기술지원과,1,N,1310377
1992,200802074012,000000000001,산업기술 연구조합 설립등기보고,과학기술처 기술진흥국 기술지원과,1,N,1310377
1992,200802074012,000000000004,산업기술연구조합 설립인가서 재교부,과학기술처 기술진흥국 기술지원과,1,N,1310377
1992,200802074013,000000000006,한국 CD-ROM/MULTIMEDIA 연구조합 설립인가 신청내용,과학기술처 기술진흥국 기술지원과,1,N,1310377
1992,200802074013,000000000010,산업기술연구조합  설립인가 취소,과학기술처 기술진흥국 기술지원과,1,N,1310377
1992,200802074013,000000000011,산업기술연구조합 설립인가 취소,과학기술처 기술진흥국 기술지원과,1,N,1310377
1992,200802074014,000000000001,산업기술연구조합 설립인가 협의,과학기술처 기술진흥국 기술지원과,1,N,1310377
1992,200802074014,000000000002,산업기술연구조합 설립인가 협의 회신,과학기술처 기술진흥국 기술지원과,1,N,1310377
1992,200802074014,000000000003,고등기술연구원연구조합 설립인가 검토 의견,과학기술처 기술진흥국 기술지원과,1,N,1310377
1992,200802074014,000000000004,산업기술연구조합 설립인가 검토의견 회신,과학기술처 기술진흥국 기술지원과,1,N,1310377
1992,200802074014,000000000005,산업기술연구조합 설립인가,과학기술처 기술진흥국 기술지원과,1,N,1310377
1992,200802074014,000000000010,고등기술연구원 연구조합 분사무소 설치 신고,과학기술처 기술진흥국 기술지원과,1,N,1310377
1992,200802074014,000000000011,고등기술연구원 연구조합 정관변경 승인 협조요청,과학기술처 기술진흥국 기술지원과,1,N,1310377
1992,200802074014,000000000014,산업기술연구조합 운영에 따른 제반사항 정리,과학기술처 기술진흥국 기술지원과,1,N,1310377
1992,200802074014,000000000015,산업기술연구조합의 공동연구기반시설 확보비용에 대한 연구개발비 처리 요청,과학기술처 기술진흥국 기술지원과,1,N,1310377
1992,200802074014,000000000017,산업기술연구조합의 공동연구기반시설확보비용에 대한 연구개발비 처리요청 회신,과학기술처 기술진흥국 기술지원과,1,N,1310377
1992,200802074014,000000000018,연구조합 설립등기 보고,과학기술처 기술진흥국 기술지원과,1,N,1310377
1992,200802074125,000000000001,92 특정연구개발협약서 제출의건,과학기술처 기술협력국 기술협력1과,1,N,1310377
1992,200802074125,000000000002,92 특정연구개발사업 연구계획서 제출 및 협약요청,과학기술처 기술협력국 기술협력1과,1,N,1310377
1992,200802074125,000000000003,특정연구개발사업 협약체결,과학기술처 기술협력국 기술협력1과,1,N,1310377
1992,200802074126,000000000001,특정연구개발사업 협약체결,과학기술처 기술협력국 기술협력1과,1,N,1310377
1992,200802074128,000000000001,92특정연구개발협약서 제출의견,과학기술처 기술협력국 기술협력1과,1,N,1310377
1992,200802074129,000000000002,특정연구개발사업 협약체결,과학기술처 기술협력국 기술협력1과,1,N,1310377
1992,200802074129,000000000003,1992 특정연구개발사업 협약서 송부,과학기술처 기술협력국 기술협력1과,1,N,1310377
1992,200802074130,000000000001,특정연구개발사업 협약체결,과학기술처 기술협력국 기술협력1과,1,N,1310377
1992,200802074130,000000000002,특정연구개발협약서 송부,과학기술처 기술협력국 기술협력1과,1,N,1310377
1992,200802074132,000000000012,92 특정연구개발사업 국제공동연구과제 연차보고서 제출,과학기술처 기술협력국 기술협력1과,1,N,1310377
1992,200802074132,000000000014,92 특정연구개발사업 국제공동연구과제 연차보고서 제출,과학기술처 기술협력국 기술협력1과,1,N,1310377
1992,200802074132,000000000015,특정연구개발사업 연차보고서 및 최종보고서 접수현황 제출,과학기술처 기술협력국 기술협력1과,1,N,1310377
1992,200802074132,000000000016,92특정연구개발사업 국제공동 최종 (연차) 보고서 제출,과학기술처 기술협력국 기술협력1과,1,N,1310377
1992,200802074132,000000000017,특정연구개발사업 연차보고서 및 최종보고서 접수현황 제출(1993.11),과학기술처 기술협력국 기술협력1과,1,N,1310377
1992,200802074157,000000000001,1992 특정연구개발사업 과제 추가 신청,과학기술처 기술협력국 기술협력2과,1,N,1310377
1992,200802074157,000000000005,1992년도 특정연구개발사업(국제공동) 협약체결,과학기술처 기술협력국 기술협력2과,1,N,1310377
1992,200802074193,000000000001,1992 특정연구개발사업 연구계획서 제출 및 협약요청,과학기술처 기술협력국 기술협력3과,1,N,1310377
1992,200802074193,000000000002,특정연구개발사업 협약체결,과학기술처 기술협력국 기술협력3과,1,N,1310377
1992,200802074194,000000000001,특정연구개발사업 협약체결,과학기술처 기술협력국 기술협력3과,1,N,1310377
1992,200802074194,000000000011,특정연구개발사업 평가 결과 송부및 93년도 연구 계획서 제출 요청,과학기술처 기술협력국 기술협력3과,1,N,1310377
1992,200802074195,000000000002,특정연구개발사업 협약체결,과학기술처 기술협력국 기술협력3과,1,N,1310377
1992,200802074195,000000000011,특정연구개발사업 평가 결과 송부및 1998년도 연구 계획서 제출 요청,과학기술처 기술협력국 기술협력3과,1,N,1310377
1992,200802074270,000000000003,특정연구개발사업 협약체결,과학기술부,1,N,1310377
1992,200802074270,000000000004,92년도 특정연구개발사업 협약체결,과학기술부,1,N,1310377
1992,200802074270,000000000006,특정연구개발사업 평가 결과 송부 및 93년도 연구 계획서 제출 요청,과학기술부,1,N,1310377
1992,200802074655,000000000001,특정연구개발사업 협약체결,과학기술부 과학기술정책실 기술개발지원과,1,N,1310377
1992,200802074656,000000000001,1992년도 특정연구개발사업 과제선정,과학기술부 과학기술정책실 기술개발지원과,1,N,1310377
1992,200802074656,000000000002,1992년도 특정연구개발사업증 국책연구과제 (신 주택기술 개발) 선정,과학기술부 과학기술정책실 기술개발지원과,1,N,1310377
1992,200802075757,000000000003,특정연구개발사업 협약체결 통보,과학기술부 국립중앙과학관 연구관리부,1,N,1310377
1992,200802075757,000000000006,특정연구개발사업 협약체결 통보,과학기술부 국립중앙과학관 연구관리부,1,N,1310377
1992,200802075757,000000000007,특정연구개발사업중 연구기획.평가사업 후보과제 선정 추천,과학기술부 국립중앙과학관 연구관리부,1,N,1310377
1992,200802075758,000000000001,특정연구개발사업과제(연구기획.평가사업) 신청서 제출,과학기술부 국립중앙과학관 연구관리부,1,N,1310377
1992,200802075758,000000000002,특정연구개발사업 협약 체결,과학기술부 국립중앙과학관 연구관리부,1,N,1310377
1992,200802075758,000000000003,특정연구개발사업의 연구기획.평가사업 결과 관리,과학기술부 국립중앙과학관 연구관리부,1,N,1310377
1992,200802075758,000000000004,92 특정연구개발사업 사업계획서 집행실적 대비표 제출,과학기술부 국립중앙과학관 연구관리부,1,N,1310377
1992,200802075790,000000000001,초고집적반도체개발연구기획단 연구비 잔액 반납,과학기술부 연구개발국 기계전자기술과,1,N,1310377
1992,200802075790,000000000003,특정연구개발사업비 회수금액에 대한 입금확인서 제출,과학기술부 연구개발국 기계전자기술과,1,N,1310377
1992,200802075790,000000000005,특정연구개발사업 연구비 사용실적 제출,과학기술부 연구개발국 기계전자기술과,1,N,1310377
1992,200802075790,000000000007,91년도 특정연구개발사업비의 목적외 집행액에 대한 회수금액 통보,과학기술부 연구개발국 기계전자기술과,1,N,1310377
1992,200802076077,000000000001,초고집적 반도체기술 공동개발 4차년도 연구계획서 제출,과학기술부 과학기술혁신본부 연구개발조정관 정보전자심의관,1,N,1310377
1992,200802076077,000000000002,초고집적 반도체기술(차세대기억소자) 공동개발사업 협약,과학기술부 과학기술혁신본부 연구개발조정관 정보전자심의관,1,N,1310377
1992,200802076077,000000000003,초고집적반도체기술(차세대기억소자) 공동개발사업 협약,과학기술부 과학기술혁신본부 연구개발조정관 정보전자심의관,1,N,1310377
1992,200802076077,000000000004,초고집적 반도체기술 공동개발사업 4차년도 협약서 송부,과학기술부 과학기술혁신본부 연구개발조정관 정보전자심의관,1,N,1310377
1992,200802076172,000000000002,특정연구개발사업 협약체결,과학기술처 연구개발조정실 연구기획과,1,N,1310377
1992,200802076172,000000000003,특정연구개발사업 2차 출연금 지급의뢰,과학기술처 연구개발조정실 연구기획과,1,N,1310377
1992,200802076187,000000000002,특정연구개발사업 협약체결,과학기술처 연구개발조정실 기계소재연구조정관,1,N,1310377
1992,200802076187,000000000003,특정연구개발사업협약서 송부 및 연구비지급의뢰,과학기술처 연구개발조정실 기계소재연구조정관,1,N,1310377
1992,200802076190,000000000002,1992특정연구개발사업 연구개발비 사용실적보고,과학기술처 연구개발조정실 전기전자연구조정관,1,N,1310377
1992,200802076190,000000000003,1992특정연구개발사업 연구개발비 사용실적보고,과학기술처 연구개발조정실 전기전자연구조정관,1,N,1310377
1992,200802076190,000000000004,1992특정연구개발사업 연구개발비 사용실적보고,과학기술처 연구개발조정실 전기전자연구조정관,1,N,1310377
1992,200802076208,000000000003,특정연구개발사업 협약체결,과학기술처 연구개발조정실 생물해양연구조정관,1,N,1310377
1992,200802076208,000000000004,특정연구개발사업협약서 송부,과학기술처 연구개발조정실 생물해양연구조정관,1,N,1310377
1992,200802076209,000000000001,특정연구개발사업 협약체결,과학기술처 연구개발조정실 생물해양연구조정관,1,N,1310377
1992,200802076210,000000000001,특정연구개발사업 협약체결,과학기술처 연구개발조정실 생물해양연구조정관,1,N,1310377
1992,200802076211,000000000002,특정연구개발사업 협약체결,과학기술처 연구개발조정실 생물해양연구조정관,1,N,1310377
1992,200802076211,000000000003,특정연구개발 사업 협약 체결 동의,과학기술처 연구개발조정실 생물해양연구조정관,1,N,1310377
1992,200802076212,000000000002,특정연구개발사업 협약체결,과학기술처 연구개발조정실 생물해양연구조정관,1,N,1310377
1992,200802076212,000000000004,특정연구개발사업2차 출연금 지급의뢰,과학기술처 연구개발조정실 생물해양연구조정관,1,N,1310377
1992,200802076213,000000000001,"1992년도 특정연구개발사업중 국.공립연구기관, 타부처출연기관, 기타 공익법인연구기관 과제선정",과학기술처 연구개발조정실 생물해양연구조정관,1,N,1310377
1992,200802076214,000000000001,92년도 특정연구개발사업과제 선정심의를 위한 위원회개최,과학기술처 연구개발조정실 생물해양연구조정관,1,N,1310377
1992,200802076215,000000000001,91년도 특정연구개발사업 국책연구과제 총괄평가 및 92과제 선정심의,과학기술처 연구개발조정실 생물해양연구조정관,1,N,1310377
1992,200802076216,000000000001,1992년도 특정연구개발사업중 과학기술 지방확산사업 과제 선정.심의 위원회 개최,과학기술처 연구개발조정실 생물해양연구조정관,1,N,1310377
1992,200802076217,000000000001,특정연구개발사업 협약체결,과학기술처 연구개발조정실 생물해양연구조정관,1,N,1310377
1992,200802076218,000000000001,특정연구개발사업 협약체결,과학기술처 연구개발조정실 생물해양연구조정관,1,N,1310377
1992,200802076220,000000000002,1992년 특정연구개발사업과제 연구책임자 변경,과학기술처 연구개발조정실 생물해양연구조정관,1,N,1310377
1992,200802076220,000000000007,1992년 특정연구개발사업과제 연구책임자 변경,과학기술처 연구개발조정실 생물해양연구조정관,1,N,1310377
1992,200802076220,000000000009,1992년도 특정연구개발사업과제 연구책임자 변경,과학기술처 연구개발조정실 생물해양연구조정관,1,N,1310377
1992,200802076220,000000000011,1992년도 특정연구개발사업과제 연구책임자 변경,과학기술처 연구개발조정실 생물해양연구조정관,1,N,1310377
1992,200802076220,000000000012,1992특정연구개발사업 연구개간연장 승인요청,과학기술처 연구개발조정실 생물해양연구조정관,1,N,1310377
1992,200802076220,000000000016,1992년도 특정연구개발사업과제 연구책임자 변경,과학기술처 연구개발조정실 생물해양연구조정관,1,N,1310377
1992,200802076220,000000000019,1992년도 특정연구개발사업과제 연구책임자 변경,과학기술처 연구개발조정실 생물해양연구조정관,1,N,1310377
1992,200802076220,000000000024,특정연구개발사업비 비목간 변경사용 승인요청,과학기술처 연구개발조정실 생물해양연구조정관,1,N,1310377
1992,200802076220,000000000025,특정연구개발사업비 비목간 변경사용 승인,과학기술처 연구개발조정실 생물해양연구조정관,1,N,1310377
1992,200802076220,000000000027,특정연구개발사업비 비목간 변경사용 승인요청,과학기술처 연구개발조정실 생물해양연구조정관,1,N,1310377
1992,200802076220,000000000028,특정연구개발사업비 비목간 변경사용 승인,과학기술처 연구개발조정실 생물해양연구조정관,1,N,1310377
1992,200802076220,000000000032,특정연구개발사업비 비목간 변경사용 승인요청,과학기술처 연구개발조정실 생물해양연구조정관,1,N,1310377
1992,200802076246,000000000001,92년도 특정연구개발사업 협약체결의 건,과학기술처 기술정책실 정보산업기술담당관,1,N,1310377
1992,200802076246,000000000002,특정연구개발사업 협약체결,과학기술처 기술정책실 정보산업기술담당관,1,N,1310377
1992,200802076246,000000000003,92년도 특정연구개발사업 협약체결의 건,과학기술처 기술정책실 정보산업기술담당관,1,N,1310377
1992,200802076423,000000000002,특정연구개발사업 협약체결,과학기술처 기술협력국 기술협력1과,1,N,1310377
1992,200802076424,000000000001,특정연구개발사업 협약체결,과학기술처 기술협력국 기술협력1과,1,N,1310377
1992,200802076424,000000000002,특정연구개발사업 협약체결,과학기술처 기술협력국 기술협력1과,1,N,1310377
1992,200802076425,000000000001,특정연구개발사업 협약체결,과학기술처 기술협력국 기술협력1과,1,N,1310377
1992,200802076590,000000000001,92 특정연구개발사업 연구계획서 제출 및 협약요청,과학기술처 기술협력국 기술협력3과,1,N,1310377
1992,200802076590,000000000002,특정연구개발사업 협약체결,과학기술처 기술협력국 기술협력3과,1,N,1310377
1992,200802076590,000000000010,특정연구개발사업 평가 결과 송부및 93년도 연구 계획서 제출 요청,과학기술처 기술협력국 기술협력3과,1,N,1310377
1992,200802076591,000000000001,92 특정연구개발사업 연구계획서 제출 및 협약요청,과학기술처 기술협력국 기술협력3과,1,N,1310377
1992,200802076591,000000000002,특정연구개발사업 협약체결,과학기술처 기술협력국 기술협력3과,1,N,1310377
1992,200802076591,000000000013,특정연구개발사업 평가 결과 송부및 93년도 연구 계획서 제출 요청,과학기술처 기술협력국 기술협력3과,1,N,1310377
1992,200802076592,000000000001,특정연구개발사업 협약체결,과학기술처 기술협력국 기술협력3과,1,N,1310377
1992,200802076592,000000000002,92 특정연구개발사업 연구계획서 제출 및 협약요청,과학기술처 기술협력국 기술협력3과,1,N,1310377
1992,200802076592,000000000003,92 특정연구개발 협약서 제출,과학기술처 기술협력국 기술협력3과,1,N,1310377
1992,200802076592,000000000008,특정연구개발사업 평가 결과 송부및 93년도 연구 계획서 제출 요청,과학기술처 기술협력국 기술협력3과,1,N,1310377
1992,200802076593,000000000001,과기처 특정연구개발사업 연구계획서 제출,과학기술처 기술협력국 기술협력3과,1,N,1310377
1992,200802076593,000000000002,특정연구개발사업 협약체결,과학기술처 기술협력국 기술협력3과,1,N,1310377
1992,200802076593,000000000003,특정연구개발사업 협약서 송부,과학기술처 기술협력국 기술협력3과,1,N,1310377
1992,200802076593,000000000005,과기처 특정연구개발사업 2차년도 실행예산 변경승인 요청,과학기술처 기술협력국 기술협력3과,1,N,1310377
1992,200802076593,000000000008,특정연구개발사업 평가 결과 송부 및 1993년도 연구 계획서 제출 요청,과학기술처 기술협력국 기술협력3과,1,N,1310377
1992,200802076593,000000000009,특정연구개발사업 -황해의 해양자원 개발 연구- 2차년 연차보고서 제출,과학기술처 기술협력국 기술협력3과,1,N,1310377
1992,200802076594,000000000003,특정연구개발사업 협약체결,과학기술처 기술협력국 기술협력3과,1,N,1310377
1992,200802086288,000000000003,93 반도체 연구 지원 사업계획(안),교육인적자원부 대학지원국 학술진흥과,1,N,1310377
1992,200802097827,000000000001,92년 한국전기통신공사협회 정기총회,체신부 전파관리국 총무과,3,N,1310377
1992,200902281598,000000000002,특정연구개발사업 협약체결,과학기술부,1,N,1310377
1992,200902281603,000000000002,특정연구개발사업 협약체결,과학기술부 과학기술정책국 인력기획조정과,1,N,1310377
1992,200902281604,000000000002,특정연구개발사업 협약 변경체결,과학기술처 연구개발조정실 화공생물연구조정관,1,N,1310377
1992,200902281605,000000000002,특정연구개발사업 협약체결,과학기술부,1,N,1310377
1992,200902281605,000000000004,특정연구개발사업 협약변경,과학기술부,1,N,1310377
1992,200902282437,000000000001,초고집적 반도체기술 개발(256M/1G DRAM),과학기술부 과학기술정책국,1,N,1310377
1992,200902283176,000000000001,특정연구개발사업 협약변경 체결,과학기술부 연구개발국 기계전자기술과,1,N,1310377
1992,200902283176,000000000002,특정연구개발사업 협약 변경 체결,과학기술부 연구개발국 기계전자기술과,1,N,1310377
1992,200902283182,000000000001,특정연구개발사업 협약체결,과학기술부 연구개발국 기계전자기술과,1,N,1310377
1992,200902283183,000000000001,특정연구개발사업 협약체결,과학기술부 연구개발국 기계전자기술과,1,N,1310377
1992,200902283185,000000000001,특정연구개발사업 협약체결,과학기술부 연구개발국 기계전자기술과,1,N,1310377
1992,200902283187,000000000001,특정연구개발사업 협약체결,과학기술부,1,N,1310377
1992,200902283188,000000000001,특정연구개발사업 협약체결,과학기술부,1,N,1310377
1992,200902283190,000000000001,특정연구개발사업 협약체결,과학기술부,1,N,1310377
1992,200902283202,000000000001,특정연구개발사업 협약체결,과학기술부,1,N,1310377
1992,200902283210,000000000001,특정연구개발사업 협약체결(계속과제),과학기술부,1,N,1310377
1992,200902283211,000000000001,1992 특정연구개발사업 2차 출연금 지급의뢰,과학기술부,1,N,1310377
1992,200902283216,000000000001,1992 특정연구개발사업 연구계획서 제출 및 협약요청,과학기술부,1,N,1310377
1992,200902283216,000000000002,1992 특정연구개발사업  협약체결,과학기술부,1,N,1310377
1992,200902283221,000000000001,특정연구개발사업 협약체결(계속과제),과학기술부,1,N,1310377
1992,200902283222,000000000001,특정연구개발사업 협약체결(계속과제),과학기술부,1,N,1310377
1992,200902283224,000000000001,특정연구개발사업 협약체결,과학기술부 연구개발국 기계전자기술과,1,N,1310377
1992,200902283235,000000000001,특정연구개발사업 협약,과학기술부 연구개발국 기계전자기술과,1,N,1310377
1992,200902283338,000000000002,특정연구개발사업 협약체결,과학기술부 연구개발국 기계전자기술과,1,N,1310377
1992,200902283340,000000000001,특정연구개발사업 협약체결,과학기술부 연구개발국 기계전자기술과,1,N,1310377
1992,200902283341,000000000002,특정연구개발사업 협약체결,과학기술부 연구개발국 기계전자기술과,1,N,1310377
1992,200902283342,000000000001,특정연구개발사업 협약체결,과학기술부 연구개발국 기계전자기술과,1,N,1310377
1992,200902283343,000000000001,1992 특정연구개발사업 연구신청서 제출,과학기술부 연구개발국 기계전자기술과,1,N,1310377
1992,200902283343,000000000002,특정연구개발사업 협약체결,과학기술부 연구개발국 기계전자기술과,1,N,1310377
1992,200902283344,000000000002,특정연구개발사업 협약체결,과학기술부 연구개발국 기계전자기술과,1,N,1310377
1992,200902283345,000000000001,특정연구개발사업 협약체결-서보유압식 구동시스템을 이용한 자동차부품의 성능시험설비 개발,과학기술부 연구개발조정관 기계소재심의관,1,N,1310377
1992,200902283346,000000000001,특정연구개발사업 협약체결,과학기술처 연구개발조정실 기계소재연구조정관,1,N,1310377
1992,200902283347,000000000001,특정연구개발사업 협약체결,과학기술부 연구개발국 기계전자기술과,1,N,1310377
1992,200902283348,000000000001,특정연구개발사업 협약체결,과학기술부 연구개발국 기계전자기술과,1,N,1310377
1992,200902283349,000000000001,특정연구개발사업 협약체결,과학기술처 연구개발조정실 기계소재연구조정관,1,N,1310377
1992,200902283352,000000000001,특정연구개발사업 협약체결,과학기술부 연구개발국 기계전자기술과,1,N,1310377
1992,200902283354,000000000001,특정연구개발사업 협약체결,과학기술부 연구개발국 기계전자기술과,1,N,1310377
1992,200902283356,000000000001,특정연구개발사업 협약체결,과학기술부 연구개발국 기계전자기술과,1,N,1310377
1992,200902283357,000000000001,특정연구개발사업 협약체결,과학기술처 연구개발조정실 기계소재연구조정관,1,N,1310377
1992,200902283359,000000000001,특정연구개발사업 협약체결,과학기술처 연구개발조정실 기계소재연구조정관,1,N,1310377
1992,200902283361,000000000001,특정연구개발사업 협약체결,과학기술부 연구개발국 기계전자기술과,1,N,1310377
1992,200902283364,000000000001,특정연구개발사업 협약체결,과학기술부 연구개발국 기계전자기술과,1,N,1310377
1992,200902283366,000000000001,특정연구개발사업 협약체결,과학기술부 연구개발국 기계전자기술과,1,N,1310377
1992,200902283384,000000000001,특정연구개발사업 협약체결,과학기술처 연구개발조정실 전기전자연구조정관,1,N,1310377
1992,200902283385,000000000001,특정연구개발사업 협약체결,과학기술처 연구개발조정실 전기전자연구조정관,1,N,1310377
1992,200902283387,000000000001,특정연구개발사업 협약체결,과학기술처 연구개발조정실 전자연구조정관,1,N,1310377
1992,200902283389,000000000001,특정연구개발사업 협약체결,과학기술처 기술협력국 기술협력3과,1,N,1310377
1992,200902283389,000000000002,특정연구개발사업 평가 결과 송부,과학기술처 기술협력국 기술협력3과,1,N,1310377
1992,200902283390,000000000001,특정연구개발사업 협약체결,과학기술처 기술협력국 기술협력3과,1,N,1310377
1992,200902283391,000000000001,특정연구개발사업 협약체결,과학기술처 기술협력국 기술협력3과,1,N,1310377
1992,200902283391,000000000002,특정연구개발사업 최종평가 결과 송부,과학기술처 기술협력국 기술협력3과,1,N,1310377
1992,200902283394,000000000001,특정연구개발사업 협약체결,과학기술처 기술협력국 기술협력3과,1,N,1310377
1992,200902283394,000000000002,특정연구개발사업 평가 결과 송부및 1993년도 연구 계획서 제출 요청,과학기술처 기술협력국 기술협력3과,1,N,1310377
1992,200902283400,000000000001,특정연구개발사업 협약체결,과학기술처 기술협력국 기술협력3과,1,N,1310377
1992,200902283499,000000000001,특정연구개발사업 협약체결,과학기술부 과학기술정책국,1,N,1310377
1992,200902283500,000000000001,특정연구개발사업 협약체결,과학기술처 기술개발국 정보산업기술과,1,N,1310377
1992,200902283501,000000000001,특정연구개발사업 협약체결,과학기술부,1,N,1310377
1992,200902283507,000000000001,1992년도 특정연구개발사업 선정 및 협약체결,과학기술처 연구개발조정실 기계연구조정관,1,N,1310377
1992,200902283508,000000000001,특정연구개발사업 협약체결,과학기술처 연구개발조정실 기계연구조정관,1,N,1310377
1992,200902283509,000000000001,특정연구개발사업 협약체결,과학기술부,1,N,1310377
1992,200902283510,000000000002,특정연구개발사업 협약체결,과학기술부,1,N,1310377
1992,200902283518,000000000001,공업기반기술개발과제의 실태조사 및 심의위원회 개최,과학기술부,1,N,1310377
1992,200902342974,000000000001,1991년도특정연구개발사업국책연구과제총괄평가및1992과제선정심의,건설교통부 기술안전국 기술정책과,1,N,1310377
1992,201002931337,000000000049,사업자등록정정조사서(한국전기통신공사 신암전화국),국세청 대구지방국세청 동대구세무서 법인세과,3,N,1310377
1992,201002951296,000000000001,법인설립신고서철 (한국전기통신공사대구망운용국),국세청 대구지방국세청 김천세무서 세원관리과,3,N,1310377
1992,201002969883,000000000012,법인설립신고서 (한국전기통신공사영천전화국),국세청 대구지방국세청 경주세무서 영천지서,3,N,1310377
1992,201002991135,000000000004,사업실태 및 사업자등록신청 조사서(한국전기통신공사 대구망운용국),국세청 대구지방국세청 남대구세무서 법인세과,3,N,1310377
1992,201003022929,000000000033,사업자등록정정신고서 (한국전기통신공사 순창전화국),국세청 광주지방국세청 남원세무서,3,N,1310377
1992,201003022929,000000000035,사업자등록정정신고서 (한국전기통신공사 임실전화국),국세청 광주지방국세청 남원세무서,3,N,1310377
1992,201003022929,000000000036,사업자등록정정신고서 (한국전기통신공사 순창전화국),국세청 광주지방국세청 남원세무서,3,N,1310377
1992,201003193080,000000000005,경상기술료에대한부가가치세대리납부여부,국세청 개인납세국 부가가치세과,3,N,1310377
1992,201003299629,000000000006,반도체 개발사업 실무지원 위원회 개최,과학기술부 기초연구국 원천기술개발과,3,N,1310377
1992,201003299632,000000000007,92 감사원 지적 특정연구개발사업비 부당집행액 회수 조치 (협조),과학기술부 기초연구국 원천기술개발과,3,N,1310377
1992,201003299633,000000000003,특정연구개발사업 부당 집행금액 회수 지시 조치사항 보고,과학기술부 기초연구국 원천기술개발과,3,N,1310377
1992,201003299636,000000000001,차세대 반도체 개발관련 관계부처 실무회의 개최,과학기술부 기초연구국 원천기술개발과,1,N,1310377
1992,201003299636,000000000002,초고집적 반도체(256M DRAM)개발사업 추진,과학기술부 기초연구국 원천기술개발과,1,N,1310377
1992,201003299681,000000000008,93 특정연구개발사업 연구개발비 2차분 청구,과학기술부 기초연구국 원천기술개발과,3,N,1310377
1992,201003299681,000000000014,특정연구개발사업 협약체결에 따른 출연금 지급의뢰,과학기술부 기초연구국 원천기술개발과,1,N,1310377
1992,201003299681,000000000015,특정연구개발사업 자금 배정 요청,과학기술부 기초연구국 원천기술개발과,1,N,1310377
1992,201003299681,000000000021,93 특정연구개발사업과제 연구비 비목변경 통보,과학기술부 기초연구국 원천기술개발과,3,N,1310377
1992,201003299681,000000000031,92 특정연구개발사업 비목 신설 승인 통보,과학기술부 기초연구국 원천기술개발과,3,N,1310377
1992,201003307903,000000000007,특정연구개발사업 평가제도 개선 시행,환경처 시설기술국 기술개발과,1,N,1310377
1992,201003307903,000000000009,자료송부(특정연구개발협약서),환경처 시설기술국 기술개발과,1,N,1310377
1992,201003307904,000000000005,특정연구개발사업 처리규정 송부,환경처 시설기술국 기술개발과,1,N,1310377
1992,201103541418,000000000002,1992년 공업기반기술개발사업 (한.일 공동연구) 2차년도 협약체결,산업자원부 기술표준원 운영지원팀,1,N,1310377
1992,201103541418,000000000003,1992년 공업기반기술개발사업 정부출원금 2차분 수령협조,산업자원부 기술표준원 운영지원팀,1,N,1310377
1992,201103541418,000000000004,"1992년 공업기반기술개발사업(한,일 공동연구) 협약과제 출연금 수령 협조",산업자원부 기술표준원 운영지원팀,1,N,1310377
1992,201103541418,000000000007,공업기반기술개발사업 집행현황 및 잔액,산업자원부 기술표준원 운영지원팀,1,N,1310377
1992,201103541418,000000000008,공업기반기술 개발사업 원급참여 연구원 변경,산업자원부 기술표준원 운영지원팀,1,N,1310377
1992,201103552841,000000000045,1종전기용품형식승인신청서-대명반도체,공업진흥청 품질관리국 안전관리과,3,N,1310377
1992,201103620325,000000000002,반도체집적회로의배치설계에관한법률안,법제처 경제법제국,1,N,1310377
1992,201104704214,000000000002,한국전기통신공사 전산기기 설치협의 검토,총무처 능률국 행정전산과,1,N,1310377
1992,201104704221,000000000011,한국전기통신공사 전산기기 설치협의 검토,총무처 능률국 행정전산과,1,N,1310377
1992,201104704222,000000000001,한국전기통신공사 전산기기 설치협의 검토,총무처 능률국 행정전산과,1,N,1310377
1992,201104704222,000000000004,한국전기통신공사 전산기기 설치협의 검토,총무처 능률국 행정전산과,1,N,1310377
1992,201104704222,000000000006,한국전기통신공사 전산기기 설치협의 검토,총무처 능률국 행정전산과,1,N,1310377
1992,201104704223,000000000001,한국전기통신공사 전산기기설치협의 검토,총무처 능률국 행정전산과,1,N,1310377
1992,201104704223,000000000003,한국전기통신공사 전산기기 설치협의 검토,총무처 능률국 행정전산과,1,N,1310377
1992,201104704232,000000000002,한국전기통신공사 전산기기설치협의 검토,총무처 능률국 행정전산과,1,N,1310377
1992,201104704232,000000000005,한국전기통신공사전산기기 설치협의 검토,총무처 능률국 행정전산과,1,N,1310377
1992,201104704253,000000000001,한국전기통신공사 전기기기 설치협의 검토,총무처 능률국 행정전산과,1,N,1310377
1992,201104704253,000000000004,한국전기통신공사 전산기기 설치협의 검토,총무처 능률국 행정전산과,1,N,1310377
1992,201104704276,000000000003,한국전기통신공사 전산기기 설치협의 검토,총무처 능률국 행정전산과,1,N,1310377
1992,201104704276,000000000004,한국전기통신공사 전산기기 설치협의 검토,총무처 능률국 행정전산과,1,N,1310377
1992,201104714525,000000000001,특정연구개발사업 협약체결(계속과제),과학기술처 연구개발조정실 전자연구조정관,1,N,1310377
1992,201104717225,000000000002,1992 특정연구개발사업 집행잔액 관리계획 변경,과학기술부 연구개발정책실 연구개발정책과,1,N,1310377
1992,201104983995,000000000001,김달현 북한 부총리일행 삼성반도체 시찰,공보처,1,N,1310377
1992,201104983995,000000000002,삼성반도체 시설물을 둘러 보고 있는 김달현 북한 부총리 일행,공보처,1,N,1310377
1992,201104983995,000000000004,현미경으로 반도체를 들여다 보고 있는 김달현 북한 부총리,공보처,1,N,1310377
1992,201104984001,000000000007,반도체를 살펴 보고 있는 김달현 북한 부총리 일행,공보처,1,N,1310377
1992,201104984001,000000000008,반도체에 대해 설명을 듣고 있는 김달현 북한 부총리 일행,공보처,1,N,1310377
1992,201205225592,000000000001,산업정책심의회 안건 상정,재정경제부 경제정책국 정책조정과,1,N,1310377
1992,201205225592,000000000002,1992년도 제1차 산업정책심의회 개최,재정경제부 경제정책국 정책조정과,1,N,1310377
1992,201205225592,000000000003,1992년도 제1차 산업정책심의회 개최,재정경제부 경제정책국 정책조정과,1,N,1310377
1992,201205225593,000000000001,산업정책심의회 상정 협조,재정경제부 경제정책국 정책조정과,1,N,1310377
1992,201205225593,000000000002,1992년도 제2차 산업정책심의회 개최,재정경제부 경제정책국 정책조정과,1,N,1310377
1992,201205225593,000000000003,산업정책심의회 결과 통보,재정경제부 경제정책국 정책조정과,1,N,1310377
1992,201205225594,000000000001,산업정책심의회 안건 상정,재정경제부 경제정책국 정책조정과,1,N,1310377
1992,201205225594,000000000002,1992년도 제5차 산업정책심의회 개최,재정경제부 경제정책국 정책조정과,1,N,1310377
1992,201205225594,000000000003,산업정책심의회안건 상정,재정경제부 경제정책국 정책조정과,1,N,1310377
1992,201205225594,000000000004,산업정책심의회 결과 통보,재정경제부 경제정책국 정책조정과,1,N,1310377
1992,201205225594,000000000005,1992년도 제6차 산업정책심의회 개최,재정경제부 경제정책국 정책조정과,1,N,1310377
1992,201205225594,000000000006,산업정책심의회 안건상정 요청,재정경제부 경제정책국 정책조정과,1,N,1310377
1992,201205225594,000000000007,산업정책심의회 결과통보,재정경제부 경제정책국 정책조정과,1,N,1310377
1992,201205225597,000000000001,산업정책심의회 안건송부,재정경제부 경제정책국 정책조정과,1,N,1310377
1992,201205225597,000000000002,산업정책심의회 결과 통보,재정경제부 경제정책국 정책조정과,1,N,1310377
1992,201205225597,000000000003,산업정책심의회 안건상정,재정경제부 경제정책국 정책조정과,1,N,1310377
1992,201205225597,000000000004,1992년도 제4차 산업정책심의회 개최,재정경제부 경제정책국 정책조정과,1,N,1310377
1992,201305781123,000000000002,UR 반도체 무세화 참여 여부 검토,재정경제부 세제실 관세국 관세협력과,1,N,1310377
1992,201305784268,000000000001,산업정책심의회의 결정 관련 요청내용에 대한 회신,재무부 세제실 법인세제과,1,N,1310377
1992,201406245378,000000000002,한국전기통신공사의 공중전화망과 한국이동통신주식회사의 이동전화망 및 무선호출망간 상호접속에 관한 협정 승인,정보통신부 정보통신지원국 통신업무과,1,N,1310377
1992,201406245379,000000000001,한국전기통신공사와 한국항만전화(주)의 통신망간 상호접속 협정과 전기통신회선제공 및 이용에 관한 협정 인가,정보통신부 정보통신지원국 통신업무과,1,N,1310377
1992,201506566709,000000000003,농업특정연구개발사업 관리규정 제정,농촌진흥청 기획조정관 창조행정법무담당관,1,N,1310377
1992,201506566709,000000000004,"1,2,3안) 농업특정연구개발사업 관리규정 제정",농촌진흥청 기획조정관 창조행정법무담당관,1,N,1310377
1992,201506568441,000000000011,특정연구개발사업 협약위약금 납입 독촉,체신부 경리국 경리과,2,N,1310377
1992,201506568441,000000000061,특정연구개발사업 협약 위약금 납입 독촉,체신부 경리국 경리과,2,N,1310377
1992,201506568441,000000000106,특정연구개발사업비 목적외 집행액 납입독촉,체신부 경리국 경리과,2,N,1310377
1992,202010192690,000000000001,산업기술연구조합 설립인가,과학기술처 연구개발조정실 전기전자연구조정관,1,N,1310377
1992,202010192690,000000000002,산업기술연구조합 설립인가 협의,과학기술처 연구개발조정실 전기전자연구조정관,3,N,1310377
1992,202010192691,000000000001,산업기술연구조합 설립인가,과학기술처 연구개발조정실 전기전자연구조정관,1,N,1310377
1992,202010192691,000000000002,산업기술연구조합 설립인가 협의,과학기술처 연구개발조정실 전기전자연구조정관,3,N,1310377
1992,202010192692,000000000001,산업기술연구조합 설립인가,과학기술처 연구개발조정실 전기전자연구조정관,1,N,1310377
1992,202010192692,000000000002,산업기술연구조합 설립인가 협의,과학기술처 연구개발조정실 전기전자연구조정관,3,N,1310377
1992,202010192693,000000000001,산업기술연구조합 설립인가,과학기술처 연구개발조정실 전기전자연구조정관,1,N,1310377
1992,202010192693,000000000002,산업기술연구조합 설립인가 협의,과학기술처 연구개발조정실 전기전자연구조정관,3,N,1310377
1992,202010192694,000000000001,산업기술연구조합 설립인가,과학기술처 연구개발조정실 전기전자연구조정관,3,N,1310377
1992,202010192695,000000000001,산업기술연구조합 설립인가 신청 보완,과학기술처 연구개발조정실 전기전자연구조정관,3,N,1310377
1992,202010192695,000000000002,산업기술연구조합 설립인가,과학기술처 연구개발조정실 전기전자연구조정관,3,N,1310377
1992,202211084083,000000000002,산업정책심의회의결사항통보,재정경제부 경제정책국 정책조정과,2,N,1310377
1992,202211085015,000000000001,산업정책심의회결과통보,재정경제부 경제정책국 정책조정과,2,N,1310377
1992,202411501610,000000000001,한국전기통신공사보유 ㈜○○○ 주식매각대금 할용계획,체신부,2,N,1310377
1992,202411501611,000000000023,한국전기통신공사 보유 ○○이동통신(주)주식 대량입찰 매각에 대한 의견회신,체신부,2,N,1310377
1992,202411501611,000000000025,한국전기통신공사 보유 ○○이동통신주식 대량입찰 매각에 대한 의견질의,체신부,2,N,1310377
1993,200041008578,000000000001,우리나라 반도체산업의 현황과 과제,국회 국회도서관,1,Y,1310377
1993,200041011326,000000000001,반도체 소자기술,한국전자통신연구소,1,Y,1310377
1993,200041030672,000000000001,금속 및 반도체 재료의 열확산도 측정연구:제1차년도,과학기술처,1,N,1310377
1993,200041031136,000000000001,반도체소자기술,한국전자통신연구소,1,Y,1310377
1993,200041031262,000000000001,반도체표면 분석기술 개발에 관한 연구:제2차년도 최종보고서,과학기술처,1,N,1310377
1993,200041098582,000000000001,"특정연구개발사업의 연구기획,관리 평가사업(3) 1993",과학기술처,1,N,1310377
1993,200200085923,000000000001,김영삼대통령삼성전자반도체공장순시,공보처 홍보국 사진담당관,1,Y,1310377
1993,200300832505,000000000014,반도체집적회로의배치설계에관한법률 시행령안(제41회),총무처 의정국 의사과,1,Y,1310377
1993,200300832524,000000000256,반도체 집적회로의 배치 설계에 관한 법률 시행령안(제41회),총무처 의정국 의사과,1,N,1310377
1993,200300832526,000000000360,반도체집적회로의배치설계에관한법률시행령안(제33회),총무처 의정국 의사과,1,N,1310377
1993,200301063041,000000000007,공업기반기술개발사업운용요령개정(상공부고시제1993-12호),총무처 법무담당관,1,Y,1310377
1993,200301063108,000000000004,반도체집적회로의배치설계에관한법률시행령안(상공자원부공고제1993-27호),총무처 법무담당관,1,Y,1310377
1993,200301063190,000000000009,반도체집적회로의배치설계에관한법률시행규칙안(상공자원부공고제1993-61호),총무처 법무담당관,1,Y,1310377
1993,200301063216,000000000003,반도체집적회로의배치설계에관한법률시행령(대통령령제13972호),총무처 법무담당관,1,Y,1310377
1993,200301063219,000000000008,공업기반기술개발사업운용요령중개정(상공자원부고시제1993-68호),총무처 법무담당관,1,Y,1310377
1993,200301063219,000000000020,생산기술발전5개년계획및1993년도공업기반기술개발사업신(상공자원부공고제1993-73호),총무처 법무담당관,1,Y,1310377
1993,200301063228,000000000002,반도체집적회로의배치설계에관한법률시행규칙(상공자원부령제14호),총무처 법무담당관,1,Y,1310377
1993,200301063308,000000000018,94특정연구개발사업시행계획(과학기술처공고제1993-56호),총무처 법무담당관,1,Y,1310377
1993,200302861553,000000000011,한국전기통신공사의 우월적지위남용행위에 대한 건,공정거래위원회 사무처 심판관리관 심판관리1담당관,1,N,1310377
1993,200302869442,000000000012,한국전기통신공사서울전신국 사업자등록정정신청서,국세청 서울지방국세청 종로세무서 세원관리2과,3,N,1310377
1993,200302869445,000000000004,한국전기통신공사서울전신국 사업자등록정정신청서,국세청 서울지방국세청 종로세무서 세원관리2과,3,N,1310377
1993,200302869445,000000000010,한국전기통신공사혜화전화국 사업자등록정정신청서,국세청 서울지방국세청 종로세무서 세원관리2과,3,N,1310377
1993,200302869445,000000000023,한국전기통신공사서울분국 사업자등록정정신청서,국세청 서울지방국세청 종로세무서 세원관리2과,3,N,1310377
1993,200302883061,000000000003,반도체집적회로배치설계등록실 운영규정 제정(제190호),특허청 기획관리관 법무담당관,1,N,1310377
1993,200302883063,000000000001,반도체집적회로배치설계에관한법률시행규칙 공포,특허청 기획관리관 법무담당관,1,N,1310377
1993,200302898232,000000000001,한국전기통신공사 본사 및 경기사업본부 일반감사 부의품의안,감사원 총무과,3,N,1310377
1993,200302898232,000000000037,한국전기통신공사 서면감사 부의품의안,감사원 총무과,3,N,1310377
1993,200302898265,000000000026,환수금 및 기술료 등 관리 부적정(주의),감사원 제1국 제5과,3,N,1310377
1993,200302898265,000000000027,공업기반기술 수요조사사업 예산편성 및 집행 부적정(주의),감사원 제1국 제5과,3,N,1310377
1993,200302898265,000000000030,공업기반기술개발사업 과제선정 및 기술료 징수제도 불합리(통보),감사원 제1국 제5과,3,N,1310377
1993,200500020407,000000000001,반도체집적회로의 배치설계법 시행령등 작성추진 계획,특허청 전기전자심사국 반도체심사담당관,1,N,1310377
1993,200500020407,000000000002,반도체집적회로의 배치설계법 하위규정 작성에 따른 협조의뢰,특허청 전기전자심사국 반도체심사담당관,1,N,1310377
1993,200500020407,000000000003,반도체칩보호법에 대한 미국측 검토의견(요약),특허청 전기전자심사국 반도체심사담당관,1,N,1310377
1993,200500020407,000000000005,반도체집적회로의 배치설계에 관한 법률 시행령(안) 검토 의뢰,특허청 전기전자심사국 반도체심사담당관,1,N,1310377
1993,200500020407,000000000006,반도체집적회로의 배치설계에 관한 법률의 진행경과 및 시행준비 계획,특허청 전기전자심사국 반도체심사담당관,1,N,1310377
1993,200500020407,000000000007,반도체 집적회로의 배치설계에 관한 법률의 하위규정 작성 추진,특허청 전기전자심사국 반도체심사담당관,1,N,1310377
1993,200500020407,000000000010,반도체집적회로의 배치설계에 관한 법률 개정을 위한 회의 개최,특허청 전기전자심사국 반도체심사담당관,1,N,1310377
1993,200500020407,000000000011,반도체집적회로의 배치설계에 관한 법 시행령안에 대한 의견조회,특허청 전기전자심사국 반도체심사담당관,1,N,1310377
1993,200500020407,000000000012,반도체칩보호법 시행에 대비한 특별세미나 결과보고,특허청 전기전자심사국 반도체심사담당관,1,N,1310377
1993,200500020407,000000000014,반도체칩 법제위원회 개최,특허청 전기전자심사국 반도체심사담당관,1,N,1310377
1993,200500020407,000000000016,반도체 집적회로의 배치설계에 관한 법 시행규칙(안)에 대한 의견 회신,특허청 전기전자심사국 반도체심사담당관,1,N,1310377
1993,200500020408,000000000001,반도체 집적회로의 배치설계에 관한 법률 시행준비 현황 및 향후계획,특허청 전기전자심사국 반도체심사담당관,1,N,1310377
1993,200500020408,000000000002,반도체 집적회로의 배치설계에 관한 법률 시행규칙 제정,특허청 전기전자심사국 반도체심사담당관,1,N,1310377
1993,200500020408,000000000003,반도체 집적회로의 배치설계에 관한 법률의 시행 준비,특허청 전기전자심사국 반도체심사담당관,1,N,1310377
1993,200500020408,000000000004,반도체 집적회로의 배치설계에 관한 법률의 시행규칙(안) 의견 조회,특허청 전기전자심사국 반도체심사담당관,1,N,1310377
1993,200500020408,000000000005,반도체 집적회로의 배치설계에 관한 법률 시행규칙(안) 의견,특허청 전기전자심사국 반도체심사담당관,1,N,1310377
1993,200500020408,000000000006,반도체 집적회로의 배치설계에 관한 법률 시행규칙(안) 의견조회 회신,특허청 전기전자심사국 반도체심사담당관,1,N,1310377
1993,200500020408,000000000007,반도체 집적회로의 배치설계에 관한 법률 시행규칙안 의견회신,특허청 전기전자심사국 반도체심사담당관,1,N,1310377
1993,200500020408,000000000008,반도체 집적회로의 배치설계에 관한 법 시행규칙(안)에 대한 의견회신,특허청 전기전자심사국 반도체심사담당관,1,N,1310377
1993,200600003493,000000000010,반도체 집적회로의 배치설계에 관한 법률 시행령안,재정경제부 기획관리실 혁신담당관,1,N,1310377
1993,200600003497,000000000012,차세대반도체 기반기술개발사업계획안,재정경제부 기획관리실 혁신담당관,1,N,1310377
1993,200700017627,000000000002,반도체집적회로의배치설계에관한법률시행규칙안,법제처 경제법제국,1,N,1310377
1993,200700017682,000000000001,반도체집적회로의배치설계에관한법률시행령안,법제처 경제법제국,1,N,1310377
1993,200700434071,000000000001,한국전기통신공사부당노동행위구제재심신청,노동부 중앙노동위원회 사무국 심판과,3,N,1310377
1993,200700434079,000000000001,한국전기통신공사 효력정지가처분신청사건,노동부 중앙노동위원회 사무국 심판과,3,N,1310377
1993,200700434491,000000000011,한국전기통신공사창동전화국부당노동행위구제재심신청사건,노동부 중앙노동위원회 사무국 심판과,3,N,1310377
1993,200700434491,000000000012,한국전기통신공사원효전화국부당노동행위구제재심신청사건,노동부 중앙노동위원회 사무국 심판과,3,N,1310377
1993,200700434491,000000000013,한국전기통신공사청량전화국부당노동행위구제재심신청사건,노동부 중앙노동위원회 사무국 심판과,3,N,1310377
1993,200700434491,000000000014,한국전기통신공사부천전화국부당노동행위구제재심신청사건,노동부 중앙노동위원회 사무국 심판과,3,N,1310377
1993,200700434491,000000000015,한국전기통신공사시흥전화국부당노동행위구제재심신청사건,노동부 중앙노동위원회 사무국 심판과,3,N,1310377
1993,200700434491,000000000016,한국전기통신공사안양전화국부당노동행위구제재심신청사건,노동부 중앙노동위원회 사무국 심판과,3,N,1310377
1993,200700434491,000000000017,한국전기통신공사부천전화국부당노동행위구제재심신청사건,노동부 중앙노동위원회 사무국 심판과,3,N,1310377
1993,200700434491,000000000018,한국전기통신공사안양전화국부당노동행위구제재심신청사건,노동부 중앙노동위원회 사무국 심판과,3,N,1310377
1993,200700434491,000000000019,한국전기통신공사시흥전화국부당노동행위구제재심신청사건,노동부 중앙노동위원회 사무국 심판과,3,N,1310377
1993,200700434502,000000000010,한국전기통신공사청량전화국부당노동행위구제재심신청사건,노동부 중앙노동위원회 사무국 심판과,3,N,1310377
1993,200700434502,000000000011,한국전기통신공사창동전화국부당노동행위구제재심신청사건,노동부 중앙노동위원회 사무국 심판과,3,N,1310377
1993,200700434502,000000000012,한국전기통신공사원효전화국부당노동행위구제재심신청사건,노동부 중앙노동위원회 사무국 심판과,3,N,1310377
1993,200700434502,000000000013,한국전기통신공사부천전화국부당노동행위구제재심신청사건,노동부 중앙노동위원회 사무국 심판과,3,N,1310377
1993,200700434502,000000000014,한국전기통신공사부천전화국부당노동행위구제재심신청사건,노동부 중앙노동위원회 사무국 심판과,3,N,1310377
1993,200700434502,000000000015,한국전기통신공사시흥전화국부당노동행위구제재심신청사건,노동부 중앙노동위원회 사무국 심판과,3,N,1310377
1993,200700434502,000000000016,한국전기통신공사시흥전화국부당노동행위구제재심신청사건,노동부 중앙노동위원회 사무국 심판과,3,N,1310377
1993,200700434502,000000000017,한국전기통신공사안양전화국부당노동행위구제재심신청사건,노동부 중앙노동위원회 사무국 심판과,3,N,1310377
1993,200700434502,000000000018,한국전기통신공사안양전화국부당노동행위구제재심신청사건,노동부 중앙노동위원회 사무국 심판과,3,N,1310377
1993,200700434504,000000000003,한국전기통신공사부당노동행위구제재심신청사건,노동부 중앙노동위원회 사무국 심판과,3,N,1310377
1993,200700434504,000000000018,한국전기통신공사부당해고구제재심신청사건,노동부 중앙노동위원회 사무국 심판과,3,N,1310377
1993,200700434505,000000000005,"한국전기통신공사서울사업본부,창동전화국부당노동행위구제재심신청사건",노동부 중앙노동위원회 사무국 심판과,3,N,1310377
1993,200700434505,000000000019,한국전기통신공사부당해고구제재심신청사건,노동부 중앙노동위원회 사무국 심판과,3,N,1310377
1993,200700434533,000000000028,한국전기통신공사전북사업본부부당노동행위구제재심신청사건,노동부 중앙노동위원회 사무국 심판과,3,N,1310377
1993,200701472375,000000000004,반도체집적회로의배치설계에관한법시행규칙(안)에대한의견조회,법무부 법무실 법무심의관,1,N,1310377
1993,200701472376,000000000006,반도체집적회로의배치설계에관한법시행규칙(안)에대한의견회신,법무부 법무실 법무심의관,1,N,1310377
1993,200701472444,000000000001,반도체집적회로의배치설계에관한법시행령안에대한의견조회,법무부 법무실 법무심의관,1,N,1310377
1993,200802066489,000000000004,92특정연구개발사업 결과(중간)평가 일정,과학기술부,1,N,1310377
1993,200802066489,000000000011,특정연구개발사업 화학.화공분야 전문위원회 개최,과학기술부,1,N,1310377
1993,200802066489,000000000014,특정연구개발사업 위원회 평가 및 실태조사 평가계획,과학기술부,1,N,1310377
1993,200802066497,000000000001,특정연구개발사업 협약체결,과학기술부,1,N,1310377
1993,200802066497,000000000002,특정연구개발협약서 송부,과학기술부,1,N,1310377
1993,200802066499,000000000002,특정연구개발사업 협약체결,과학기술부,1,N,1310377
1993,200802066500,000000000001,특정연구개발사업비의 사용실적 보고서 제출,과학기술부,1,N,1310377
1993,200802066500,000000000003,91 특정연구개발사업과제 연구개발비 사용실적보고서 제출,과학기술부,1,N,1310377
1993,200802066501,000000000001,특정연구개발사업 협약체결,과학기술부,1,N,1310377
1993,200802066821,000000000001,특정연구개발과제 협약서,과학기술부 과학기술정책실,1,N,1310377
1993,200802066956,000000000001,특정연구개발사업 협약체결,과학기술부 과학기술정책실 기술개발지원과,1,N,1310377
1993,200802066956,000000000003,특정연구개발사업 협약체결 결과보고,과학기술부 과학기술정책실 기술개발지원과,1,N,1310377
1993,200802066956,000000000004,1993년 G-7 특정연구개발사업 최종평가 추진 일정 송부,과학기술부 과학기술정책실 기술개발지원과,1,N,1310377
1993,200802066960,000000000002,특정연구개발사업 협약체결,과학기술부 과학기술정책실 기술개발지원과,1,N,1310377
1993,200802066960,000000000003,특정연구개발사업 협약 체결동의,과학기술부 과학기술정책실 기술개발지원과,1,N,1310377
1993,200802066960,000000000005,특정연구개발사업과제 협약 해약,과학기술부 과학기술정책실 기술개발지원과,1,N,1310377
1993,200802066960,000000000006,특정연구개발사업과제 협약 해약의 잘못 정정,과학기술부 과학기술정책실 기술개발지원과,1,N,1310377
1993,200802066961,000000000001,특정연구개발과제 변경협약서,과학기술부 과학기술정책실 기술개발지원과,1,N,1310377
1993,200802066962,000000000004,특정연구개발사업 협약 체결,과학기술부 과학기술정책실 기술개발지원과,1,N,1310377
1993,200802066962,000000000005,특정연구개발 협약 체결 동의,과학기술부 과학기술정책실 기술개발지원과,1,N,1310377
1993,200802066963,000000000003,특정연구개발사업비 집행에 관한 긴급 회의,과학기술부 과학기술정책실 기술개발지원과,1,N,1310377
1993,200802066963,000000000009,94년 특정연구개발사업 시행계획(안) 수립,과학기술부 과학기술정책실 기술개발지원과,1,N,1310377
1993,200802066963,000000000016,95 특정연구개발사업 (국책연구과제) 협약체결,과학기술부 과학기술정책실 기술개발지원과,1,N,1310377
1993,200802066963,000000000018,94특정연구개발사업 연구개발비 사용실적 보고 및 잔액 반납,과학기술부 과학기술정책실 기술개발지원과,1,N,1310377
1993,200802069880,000000000013,특정연구개발사업비 집행에 관한 긴급 회의,과학기술부 원자력실 방사선안전과,1,N,1310377
1993,200802071026,000000000002,1991년도 특정연구개발사업 연구개발비 사용실적보고,과학기술부 기초과학인력국 기초과학지원과,1,N,1310377
1993,200802071203,000000000001,특정연구개발사업비 사용실적에 대한 회계검사 및 검증지침 (안) 제정시행,과학기술부 과학기술협력국 기술협력총괄과,1,N,1310377
1993,200802071203,000000000003,1991특정연구개발사업비 집행잔액 파악 지침 통보,과학기술부 과학기술협력국 기술협력총괄과,1,N,1310377
1993,200802071203,000000000004,특정연구개발사업 참여 제한,과학기술부 과학기술협력국 기술협력총괄과,1,N,1310377
1993,200802071203,000000000007,1993 년도 특정연구개발사업 시행계획 통보,과학기술부 과학기술협력국 기술협력총괄과,1,N,1310377
1993,200802071203,000000000008,특정연구개발사업비 집행잔액 관리.운영지침 통보,과학기술부 과학기술협력국 기술협력총괄과,1,N,1310377
1993,200802071203,000000000009,특정연구개발사업 평가제도 개선 시행,과학기술부 과학기술협력국 기술협력총괄과,1,N,1310377
1993,200802071203,000000000010,1993년도 특정연구개발사업 추진지침 통보,과학기술부 과학기술협력국 기술협력총괄과,1,N,1310377
1993,200802071203,000000000011,1992특정연구개발사업 결과(중간) 평가 일정,과학기술부 과학기술협력국 기술협력총괄과,1,N,1310377
1993,200802071228,000000000001,특정연구개발사업 협약서 제출,과학기술부 국립중앙과학관 연구관리부,1,N,1310377
1993,200802071228,000000000007,특정연구개발사업 협약서 송부,과학기술부 국립중앙과학관 연구관리부,1,N,1310377
1993,200802071230,000000000006,특정연구개발사업(93 출연(연) 보유기술 이전사업) 협약서 제출,과학기술부 국립중앙과학관 연구관리부,1,N,1310377
1993,200802071231,000000000002,특정연구개발사업 총괄 조정위원회 개최,과학기술부 국립중앙과학관 연구관리부,1,N,1310377
1993,200802071363,000000000001,특정연구개발사업 협약체결,과학기술부 연구개발국 기계전자기술과,1,N,1310377
1993,200802071364,000000000001,특정연구개발사업 협약 체결,과학기술부 연구개발국 기계전자기술과,1,N,1310377
1993,200802071365,000000000001,1993 특정연구개발사업 국제공동연구과제 신청,과학기술부 연구개발국 기계전자기술과,1,N,1310377
1993,200802071370,000000000005,특정연구개발사업 실무위원회(총괄조정 위원회) 개최,과학기술부 연구개발국 기계전자기술과,1,N,1310377
1993,200802071370,000000000006,1994년 특정연구개발사업 총괄조정위원회 심의안건 확정,과학기술부 연구개발국 기계전자기술과,1,N,1310377
1993,200802071371,000000000013,1992특정연구개발사업 변경,과학기술부 연구개발국 기계전자기술과,1,N,1310377
1993,200802071371,000000000015,1992특정연구개발사업비 비목간 변경사용 승인,과학기술부 연구개발국 기계전자기술과,1,N,1310377
1993,200802071371,000000000017,1992특정연구개발사업 변경 승인,과학기술부 연구개발국 기계전자기술과,1,N,1310377
1993,200802071371,000000000018,특정연구개발사업 변경,과학기술부 연구개발국 기계전자기술과,1,N,1310377
1993,200802071372,000000000003,특정연구개발사업 협약 체결,과학기술부 연구개발국 기계전자기술과,1,N,1310377
1993,200802071372,000000000004,특정연구개발사업협약서 송부,과학기술부 연구개발국 기계전자기술과,1,N,1310377
1993,200802071375,000000000002,특정연구개발사업협약체결,과학기술부 연구개발국 기계전자기술과,1,N,1310377
1993,200802071377,000000000001,특정연구개발과제 협약서,과학기술부 연구개발국 기계전자기술과,1,N,1310377
1993,200802071380,000000000002,특정연구개발사업 협약체결,과학기술부 연구개발국 기계전자기술과,1,N,1310377
1993,200802071380,000000000003,특정연구개발사업(국제공동연구) 협약체결 및 연구개발비 신청,과학기술부 연구개발국 기계전자기술과,1,N,1310377
1993,200802071381,000000000001,특정연구개발과제 협약서,과학기술부 연구개발국 기계전자기술과,1,N,1310377
1993,200802071382,000000000003,"제2세부과제 계획서(청색 LED, LD용 반도체 개발)",과학기술부 연구개발국 기계전자기술과,1,N,1310377
1993,200802071383,000000000001,특정연구개발사업 협약체결,과학기술부 연구개발국 기계전자기술과,1,N,1310377
1993,200802071384,000000000002,과제명 변경 및 특정연구개발사업 협약체결,과학기술부 연구개발국 기계전자기술과,1,N,1310377
1993,200802071384,000000000003,특정연구개발사업 협약서 제출,과학기술부 연구개발국 기계전자기술과,1,N,1310377
1993,200802071385,000000000001,1993 특정연구개발사업 연구계획서 제출,과학기술부 연구개발국 기계전자기술과,1,N,1310377
1993,200802071385,000000000002,특정연구개발사업 협약 체결,과학기술부 연구개발국 기계전자기술과,1,N,1310377
1993,200802071385,000000000003,특정연구개발사업 협약체결 및 연구개발비 지급의뢰,과학기술부 연구개발국 기계전자기술과,1,N,1310377
1993,200802071386,000000000002,특정연구개발사업 협약체결,과학기술부 연구개발국 기계전자기술과,1,N,1310377
1993,200802071388,000000000001,특정연구개발과제 변경협약서,과학기술부 연구개발국 기계전자기술과,1,N,1310377
1993,200802071392,000000000001,특정연구개발사업 협약체결,과학기술부 연구개발국 기계전자기술과,1,N,1310377
1993,200802071392,000000000003,특정연구개발사업 협약서 송부,과학기술부 연구개발국 기계전자기술과,1,N,1310377
1993,200802071393,000000000002,특정연구개발사업 협약체결,과학기술부 연구개발국 기계전자기술과,1,N,1310377
1993,200802071394,000000000002,93년도 특정연구개발사업(연구기획.평가사업)과제 선정보고 및 통보,과학기술부 연구개발국 기계전자기술과,1,N,1310377
1993,200802071394,000000000004,특정연구개발사업 협약체결,과학기술부 연구개발국 기계전자기술과,1,N,1310377
1993,200802071394,000000000005,특정연구개발사업 협약서 송부,과학기술부 연구개발국 기계전자기술과,1,N,1310377
1993,200802071395,000000000001,특정연구개발사업 협약체결 (신규과제),과학기술부 연구개발국 기계전자기술과,1,N,1310377
1993,200802071396,000000000001,특정연구개발과제 협약서,과학기술부 연구개발국 기계전자기술과,1,N,1310377
1993,200802071397,000000000002,특정연구개발사업 협약체결,과학기술부 연구개발국 기계전자기술과,1,N,1310377
1993,200802071397,000000000007,특정연구개발사업 협약변경체결,과학기술부 연구개발국 기계전자기술과,1,N,1310377
1993,200802071397,000000000008,특정연구개발사업 협약변경 요청 및 변경 총괄연구계획서 제출,과학기술부 연구개발국 기계전자기술과,1,N,1310377
1993,200802071397,000000000009,1993 특정연구개발사업(G7과제)2차 협약변경 체결,과학기술부 연구개발국 기계전자기술과,1,N,1310377
1993,200802071398,000000000001,초고집적 반도체기술 공동개발사업에 대한 평가회의 개최,과학기술부 연구개발국 기계전자기술과,1,N,1310377
1993,200802071398,000000000002,초고집적 반도체기술 공동개발사업 최종연구보고서 제출,과학기술부 연구개발국 기계전자기술과,1,N,1310377
1993,200802071398,000000000003,초고집적 반도체기술 공동개발사업에 대한 4차년도 최종평가결과,과학기술부 연구개발국 기계전자기술과,1,N,1310377
1993,200802071402,000000000002,특정연구개발사업 협약 체결,과학기술부 연구개발국 기계전자기술과,1,N,1310377
1993,200802071402,000000000003,특정연구개발사업 협약서 제출,과학기술부 연구개발국 기계전자기술과,1,N,1310377
1993,200802071406,000000000001,특정연구개발사업 연구계획서 제출,과학기술부 연구개발국 기계전자기술과,1,N,1310377
1993,200802071406,000000000002,특정연구개발사업 협약 체결,과학기술부 연구개발국 기계전자기술과,1,N,1310377
1993,200802071406,000000000003,특정연구개발사업협약서 송부,과학기술부 연구개발국 기계전자기술과,1,N,1310377
1993,200802071407,000000000001,특정연구개발사업 연구개발 계획서 제출,과학기술부 연구개발국 기계전자기술과,1,N,1310377
1993,200802071407,000000000002,특정연구개발사업 협약 체결,과학기술부 연구개발국 기계전자기술과,1,N,1310377
1993,200802071407,000000000003,특정연구개발과제 협약서 제출,과학기술부 연구개발국 기계전자기술과,1,N,1310377
1993,200802071408,000000000001,특정연구개발사업 협약체결,과학기술부 연구개발국 기계전자기술과,1,N,1310377
1993,200802071409,000000000001,특정연구개발사업 협약체결,과학기술부 연구개발국 기계전자기술과,1,N,1310377
1993,200802071410,000000000001,특정연구개발사업 협약체결/OTA 및 SC회로를 이용한 Analog 집적회로 개발,과학기술부 연구개발국 기계전자기술과,1,N,1310377
1993,200802071411,000000000001,특정연구개발사업 협약체결,과학기술부 연구개발국 기계전자기술과,1,N,1310377
1993,200802071412,000000000001,특정연구개발사업 협약체결,과학기술부 연구개발국 기계전자기술과,1,N,1310377
1993,200802071413,000000000001,특정연구개발사업 협약체결,과학기술부 연구개발국 기계전자기술과,1,N,1310377
1993,200802071414,000000000002,1993년도 특정연구개발사업 시행계획 통보,과학기술부 연구개발국 기계전자기술과,1,N,1310377
1993,200802071414,000000000003,1993년도 특정연구개발사업 추가신청 접수 계획 통보,과학기술부 연구개발국 기계전자기술과,1,N,1310377
1993,200802071417,000000000002,특정연구개발사업 정보산업 실무소위원회 개최,과학기술부 연구개발국 기계전자기술과,1,N,1310377
1993,200802071420,000000000001,특정연구개발사업 가 T/O 인건비 월별 계정 대체,과학기술부 연구개발국 기계전자기술과,1,N,1310377
1993,200802071420,000000000004,1992 특정연구개발사업 연구개발비 사용실적 검토의견 보고,과학기술부 연구개발국 기계전자기술과,1,N,1310377
1993,200802071422,000000000009,91년도특정연구개발사업 연구개발비 사용실적보고,과학기술부 연구개발국 기계전자기술과,1,N,1310377
1993,200802071424,000000000002,특정연구개발사업 협약체결,과학기술부 연구개발국 기계전자기술과,1,N,1310377
1993,200802071425,000000000001,특정연구개발사업 협약 체결,과학기술부 연구개발국 기계전자기술과,1,N,1310377
1993,200802071426,000000000001,1993년도 제4차 공업기반기술개발전문위원회 개최,과학기술부 연구개발국 기계전자기술과,1,N,1310377
1993,200802071427,000000000001,1993특정연구개발사업 연구과제 계획서 및 협약서 제출,과학기술부 연구개발국 기계전자기술과,1,N,1310377
1993,200802071427,000000000002,특정연구개발사업 협약 체결,과학기술부 연구개발국 기계전자기술과,1,N,1310377
1993,200802071428,000000000002,특정연구개발사업 협약체결,과학기술부 연구개발국 기계전자기술과,1,N,1310377
1993,200802071429,000000000002,특정연구개발사업 협약체결,과학기술부 연구개발국 기계전자기술과,1,N,1310377
1993,200802071430,000000000001,특정연구개발사업 협약체결,과학기술부 연구개발국 기계전자기술과,1,N,1310377
1993,200802071431,000000000002,특정연구개발사업 협약체결,과학기술부 연구개발국 기계전자기술과,1,N,1310377
1993,200802071432,000000000001,특정연구개발사업 연구계획서 제출,과학기술부 연구개발국 기계전자기술과,1,N,1310377
1993,200802071432,000000000002,특정연구개발사업 협약 체결,과학기술부 연구개발국 기계전자기술과,1,N,1310377
1993,200802071433,000000000001,특정연구개발사업 협약체결,과학기술부 연구개발국 기계전자기술과,1,N,1310377
1993,200802071434,000000000001,특정연구개발사업 협약체결,과학기술부 연구개발국 기계전자기술과,1,N,1310377
1993,200802071435,000000000001,특정연구개발사업 협약체결,과학기술부 연구개발국 기계전자기술과,1,N,1310377
1993,200802071436,000000000002,특정연구개발사업 협약체결,과학기술부 연구개발국 기계전자기술과,1,N,1310377
1993,200802071436,000000000003,특정연구개발사업 협약서 송부,과학기술부 연구개발국 기계전자기술과,1,N,1310377
1993,200802071437,000000000001,특정연구개발사업 협약체결,과학기술부 연구개발국 기계전자기술과,1,N,1310377
1993,200802071438,000000000001,특정연구개발사업 협약체결,과학기술부 연구개발국 기계전자기술과,1,N,1310377
1993,200802071439,000000000001,1993 특정연구개발사업(과학기술지방확산화 사업) 협약 관련서류 제출,과학기술부 연구개발국 기계전자기술과,1,N,1310377
1993,200802071439,000000000002,특정연구개발사업 협약 체결,과학기술부 연구개발국 기계전자기술과,1,N,1310377
1993,200802071440,000000000002,특정연구개발사업 협약체결,과학기술부 연구개발국 기계전자기술과,1,N,1310377
1993,200802071440,000000000004,특정연구개발협약서 송부,과학기술부 연구개발국 기계전자기술과,1,N,1310377
1993,200802071442,000000000001,특정연구개발과제 협약서(관리기관과 주관연구기관과의 협약용),과학기술부 연구개발국 기계전자기술과,1,N,1310377
1993,200802071443,000000000001,특정연구개발 변경협약서,과학기술부 연구개발국 기계전자기술과,1,N,1310377
1993,200802071444,000000000003,특정연구개발사업 협약체결,과학기술부 연구개발국 기계전자기술과,1,N,1310377
1993,200802071444,000000000004,특정연구개발협약서 송부,과학기술부 연구개발국 기계전자기술과,1,N,1310377
1993,200802071444,000000000006,93특정연구개발사업 출연금 (2차분) 교부의뢰,과학기술부 연구개발국 기계전자기술과,1,N,1310377
1993,200802071864,000000000001,1993 특정연구개발사업 추가지원과제 연구계획서 제출,과학기술부 연구개발국 우주항공기술과,1,N,1310377
1993,200802071864,000000000002,특정연구개발사업 추가지원과제 조정확정 및 협약체결,과학기술부 연구개발국 우주항공기술과,1,N,1310377
1993,200802071864,000000000003,특정연구개발사업 추가지원 과제 협약서 송부,과학기술부 연구개발국 우주항공기술과,1,N,1310377
1993,200802072265,000000000002,특정연구개발사업 협약체결,과학기술부 기초연구국 기초연구정책과,1,N,1310377
1993,200802072299,000000000001,특정연구개발과제 협약서,과학기술부 기초연구국 원천기술개발과,1,N,1310377
1993,200802072405,000000000001,특정연구개발사업 협약체결,과학기술부 과학기술혁신본부 연구개발조정관 정보전자심의관,1,N,1310377
1993,200802072621,000000000005,특정연구개발과제 협약서(관리기관과 주관연구기관과의 협약용),과학기술처,1,N,1310377
1993,200802072622,000000000001,특정연구개발과제 협약서(관리기관과 주관연구기관과의 협약용),과학기술처,1,N,1310377
1993,200802072957,000000000001,1993 특정연구개발사업 추가지원 과제 협약체결,과학기술처 연구개발조정실 연구기획과,1,N,1310377
1993,200802072957,000000000002,특정연구개발사업 협약체결 통보,과학기술처 연구개발조정실 연구기획과,1,N,1310377
1993,200802072957,000000000003,특정연구개발사업 협약체결 통보,과학기술처 연구개발조정실 연구기획과,1,N,1310377
1993,200802072957,000000000004,특정연구개발사업 협약체결 통보,과학기술처 연구개발조정실 연구기획과,1,N,1310377
1993,200802072957,000000000005,특정연구개발사업 협약체결 통보,과학기술처 연구개발조정실 연구기획과,1,N,1310377
1993,200802073056,000000000003,`94 특정연구개발사업중 출연기관 연구개발사업 협약 체결,과학기술처 연구개발조정실 전기전자연구조정관,1,N,1310377
1993,200802073056,000000000004,`94  특정연구개발사업중 출연기관 연구개발사업 2차과제(추가) 연구계획서 검토,과학기술처 연구개발조정실 전기전자연구조정관,1,N,1310377
1993,200802073057,000000000001,차세대반도체기반기술개발사업계획(안),과학기술처 연구개발조정실 전기전자연구조정관,1,N,1310377
1993,200802073057,000000000002,차세대반도체기반기술개발사업 추진체계,과학기술처 연구개발조정실 전기전자연구조정관,1,N,1310377
1993,200802073057,000000000003,차세대반도체 기반기술개발사업 운용요령(안),과학기술처 연구개발조정실 전기전자연구조정관,1,N,1310377
1993,200802073057,000000000010,반도체산업 및 연구개발동향,과학기술처 연구개발조정실 전기전자연구조정관,1,N,1310377
1993,200802073094,000000000010,93 특정연구개발사업중 연구기획평가사업 연구비 교부현황 통보,과학기술처 연구개발조정실 화공생물연구조정관,1,N,1310377
1993,200802073100,000000000006,특정연구개발사업 과제선정심의를 위한 화학.화공기술위원회 개최,과학기술처 연구개발조정실 화공생물연구조정관,1,N,1310377
1993,200802073100,000000000007,1993특정연구개발사업 추가지원 과제 (1차) 통보,과학기술처 연구개발조정실 화공생물연구조정관,1,N,1310377
1993,200802073100,000000000008,1993 특정연구개발사업 추가지원 과제통보,과학기술처 연구개발조정실 화공생물연구조정관,1,N,1310377
1993,200802073100,000000000009,특정연구개발사업 과제선정심의를 위한 생명과학기술위원회 개최,과학기술처 연구개발조정실 화공생물연구조정관,1,N,1310377
1993,200802073100,000000000011,특정연구개발사업 실무위원회 안건 통보,과학기술처 연구개발조정실 화공생물연구조정관,1,N,1310377
1993,200802073100,000000000014,1993년도 특정연구개발사업중 첨단요소과제 선정,과학기술처 연구개발조정실 화공생물연구조정관,1,N,1310377
1993,200802073100,000000000021,1993년도 특정연구개발사업중 첨단요소과제 선정,과학기술처 연구개발조정실 화공생물연구조정관,1,N,1310377
1993,200802073100,000000000022,특정연구개발사업 과제선정심의를 위한 화학.화공기술위원회 개최,과학기술처 연구개발조정실 화공생물연구조정관,1,N,1310377
1993,200802073100,000000000025,1993년도 특정연구개발사업 추가지원과제 선정결과통보,과학기술처 연구개발조정실 화공생물연구조정관,1,N,1310377
1993,200802073100,000000000026,1993 특정연구개발사업 추가지원 과제선정통보,과학기술처 연구개발조정실 화공생물연구조정관,1,N,1310377
1993,200802073100,000000000027,1993년도 특정연구개발사업 추가지원과제선정 통보,과학기술처 연구개발조정실 화공생물연구조정관,1,N,1310377
1993,200802073100,000000000028,1993 특정연구개발사업중 첨단요소과제 지원 통보,과학기술처 연구개발조정실 화공생물연구조정관,1,N,1310377
1993,200802073100,000000000032,1993 특정연구개발사업중 첨단요소과제 선정,과학기술처 연구개발조정실 화공생물연구조정관,1,N,1310377
1993,200802073101,000000000002,특정연구개발사업 실무소위원회 개최,과학기술처 연구개발조정실 화공생물연구조정관,1,N,1310377
1993,200802073101,000000000003,1992 특정연구개발사업 실태조사평가 시행,과학기술처 연구개발조정실 화공생물연구조정관,1,N,1310377
1993,200802073101,000000000004,1992 특정연구개발사업 실태조사평가 시행,과학기술처 연구개발조정실 화공생물연구조정관,1,N,1310377
1993,200802073102,000000000002,특정연구개발사업 협약체결,과학기술처 연구개발조정실 화공생물연구조정관,1,N,1310377
1993,200802073102,000000000003,특정연구개발사업 협약 변경체결,과학기술처 연구개발조정실 화공생물연구조정관,1,N,1310377
1993,200802073102,000000000004,특정연구개발사업 협약서 회송,과학기술처 연구개발조정실 화공생물연구조정관,1,N,1310377
1993,200802073102,000000000005,특정연구개발사업 협약변경 요청 및 변경 총괄연구계획서 제출,과학기술처 연구개발조정실 화공생물연구조정관,1,N,1310377
1993,200802073102,000000000006,특정연구개발사업 협약 변경체결,과학기술처 연구개발조정실 화공생물연구조정관,1,N,1310377
1993,200802073102,000000000007,특정연구개발사업 협약서 회송,과학기술처 연구개발조정실 화공생물연구조정관,1,N,1310377
1993,200802073236,000000000001,1992년도 특정연구개발사업 정밀정산자료 제출,과학기술처 연구개발조정실 자원해양연구조정관,1,N,1310377
1993,200802073236,000000000002,특정연구개발사업 협약체결,과학기술처 연구개발조정실 자원해양연구조정관,1,N,1310377
1993,200802073236,000000000005,1992 특정연구개발사업 전문가 Panel평가 시행,과학기술처 연구개발조정실 자원해양연구조정관,1,N,1310377
1993,200802073236,000000000006,1992 특정연구개발사업중 기관첨단요소과제 평가 결과에 대한 전문가회의 개최,과학기술처 연구개발조정실 자원해양연구조정관,1,N,1310377
1993,200802073236,000000000010,1992년도 특정연구개발사업 평가결과 송부 및 평가결과 불량과제 연구책임자 제재조치 통보,과학기술처 연구개발조정실 자원해양연구조정관,1,N,1310377
1993,200802074016,000000000001,산업기술연구조합 설립인가 협의,과학기술처 기술진흥국 기술지원과,1,N,1310377
1993,200802074016,000000000002,산업기술연구조합 설립인가,과학기술처 기술진흥국 기술지원과,1,N,1310377
1993,200802074016,000000000003,연구조합 설립등기 완료보고,과학기술처 기술진흥국 기술지원과,1,N,1310377
1993,200802074018,000000000001,산업기술연구조합 설립인가 협의,과학기술처 기술진흥국 기술지원과,1,N,1310377
1993,200802074018,000000000002,산업기술연구조합설립인가 신청서 보완요청,과학기술처 기술진흥국 기술지원과,1,N,1310377
1993,200802074018,000000000003,산업기술연구조합 설립인가,과학기술처 기술진흥국 기술지원과,1,N,1310377
1993,200802074018,000000000005,산업기술연구조합 설립동기 보고,과학기술처 기술진흥국 기술지원과,1,N,1310377
1993,200802074018,000000000008,한국플라스틱기술연구조합 임원변경 보고,과학기술처 기술진흥국 기술지원과,1,N,1310377
1993,200802074136,000000000018,1993 특정연구개발사업 추가지원과제 (2차) 통보,과학기술처 기술협력국 기술협력1과,1,N,1310377
1993,200802074659,000000000005,특정연구개발사업협약체결(1차),과학기술부 과학기술정책실 기술개발지원과,1,N,1310377
1993,200802074659,000000000007,특정연구개발사업 협약체결(2차),과학기술부 과학기술정책실 기술개발지원과,1,N,1310377
1993,200802074659,000000000008,특정연구개발사업 2차 출연금 지급 의뢰,과학기술부 과학기술정책실 기술개발지원과,1,N,1310377
1993,200802074659,000000000009,1993 특정연구개발사업중 기관첨단요소 연구개발사업 협약변경 승인,과학기술부 과학기술정책실 기술개발지원과,1,N,1310377
1993,200802074659,000000000010,특정연구개발사업과제 연구보고서 제출 독촉,과학기술부 과학기술정책실 기술개발지원과,1,N,1310377
1993,200802075759,000000000001,특정연구개발사업 협약체결 통보,과학기술부 국립중앙과학관 연구관리부,1,N,1310377
1993,200802075759,000000000002,특정연구개발사업 평가제도 개선 시행,과학기술부 국립중앙과학관 연구관리부,1,N,1310377
1993,200802075759,000000000006,특정연구개발사업 협약체결 통보,과학기술부 국립중앙과학관 연구관리부,1,N,1310377
1993,200802075759,000000000007,93특정연구개발사업(연구기획.평가사업)선정(4차) 및 협약체결,과학기술부 국립중앙과학관 연구관리부,1,N,1310377
1993,200802075759,000000000008,특정연구개발사업 협약체결 통보,과학기술부 국립중앙과학관 연구관리부,1,N,1310377
1993,200802075759,000000000010,93특정연구개발사업(연구기획.평가사업)선정(3차)및 협약체결,과학기술부 국립중앙과학관 연구관리부,1,N,1310377
1993,200802075759,000000000011,특정연구개발사업 협약체결 통보,과학기술부 국립중앙과학관 연구관리부,1,N,1310377
1993,200802075759,000000000012,특정연구개발사업 협약체결 통보,과학기술부 국립중앙과학관 연구관리부,1,N,1310377
1993,200802075759,000000000013,특정연구개발사업 협약체결 통보,과학기술부 국립중앙과학관 연구관리부,1,N,1310377
1993,200802075759,000000000014,특정연구개발사업 협약체결 통보,과학기술부 국립중앙과학관 연구관리부,1,N,1310377
1993,200802075759,000000000015,특정연구개발사업(연구기획.평가사업) 선정(5차) 및 협약체결,과학기술부 국립중앙과학관 연구관리부,1,N,1310377
1993,200802075759,000000000017,특정연구개발사업 협약체결 통보 및 출연금 지급의뢰,과학기술부 국립중앙과학관 연구관리부,1,N,1310377
1993,200802075759,000000000018,특정연구개발사업 협약체결 통보,과학기술부 국립중앙과학관 연구관리부,1,N,1310377
1993,200802075759,000000000020,특정연구개발사업 협약체결 통보,과학기술부 국립중앙과학관 연구관리부,1,N,1310377
1993,200802075759,000000000022,특정연구개발사업 협약체결 통보,과학기술부 국립중앙과학관 연구관리부,1,N,1310377
1993,200802075759,000000000025,특정연구개발사업(연구기획.평가사업)  협약변경 체결,과학기술부 국립중앙과학관 연구관리부,1,N,1310377
1993,200802075759,000000000026,93 특정연구개발사업(연구기획평가사업) 선정 및 협약체결,과학기술부 국립중앙과학관 연구관리부,1,N,1310377
1993,200802075759,000000000027,특정연구개발사업 협약체결 통보 및 1차 출연금 지급의뢰,과학기술부 국립중앙과학관 연구관리부,1,N,1310377
1993,200802075759,000000000028,93 특정연구개발사업 추가지원 과제 선정,과학기술부 국립중앙과학관 연구관리부,1,N,1310377
1993,200802075759,000000000029,93특정연구개발사업 및 협약체결,과학기술부 국립중앙과학관 연구관리부,1,N,1310377
1993,200802075759,000000000030,93특정연구개발사업(연구기획.평가사업) 수행을 위한 협약체결,과학기술부 국립중앙과학관 연구관리부,1,N,1310377
1993,200802076197,000000000001,특정연구개발사업 협약체결,과학기술처 연구개발조정실 자원해양연구조정관,1,N,1310377
1993,200802076199,000000000001,1993 특정연구개발사업 연구계획서 제출,과학기술처 연구개발조정실 자원해양연구조정관,1,N,1310377
1993,200802076199,000000000002,특정연구개발사업 협약체결,과학기술처 연구개발조정실 자원해양연구조정관,1,N,1310377
1993,200802076199,000000000003,1993특정연구개발사업 (첨단)협약체결,과학기술처 연구개발조정실 자원해양연구조정관,1,N,1310377
1993,200802076199,000000000004,1993 특정연구개발사업중 첨단요소(기관) 연구개발사업 협약변경 승인,과학기술처 연구개발조정실 자원해양연구조정관,1,N,1310377
1993,200802076199,000000000006,1993 특정연구개발사업중 기관첨단요소과제 목간 전용승인,과학기술처 연구개발조정실 자원해양연구조정관,1,N,1310377
1993,200802076201,000000000001,특정연구개발사업 협약체결,과학기술처 연구개발조정실 자원해양연구조정관,1,N,1310377
1993,200802076600,000000000001,경협차관과 기술료의 상계에 대한 검토 의견,과학기술처 기술협력국 기술협력3과,1,N,1310377
1993,200802076600,000000000004,경협차관과 기술료와의 상계방안 검토의견 송부,과학기술처 기술협력국 기술협력3과,1,N,1310377
1993,200902281652,000000000001,산업기술연구조합설립인가신청서,과학기술부 과학기술정책국 기술지원과,1,N,1310377
1993,200902281652,000000000002,산업기술연구조합 설립인가 협의,과학기술부 과학기술정책국 기술지원과,1,N,1310377
1993,200902281652,000000000003,산업기술연구조합 설립인가,과학기술부 과학기술정책국 기술지원과,1,N,1310377
1993,200902281652,000000000004,저공해 소각로 기술개발 연구조합 등기 보고,과학기술부 과학기술정책국 기술지원과,1,N,1310377
1993,200902281652,000000000005,연구조합 임원 및 주소변경 건,과학기술부 과학기술정책국 기술지원과,1,N,1310377
1993,200902281652,000000000008,연구조합 해산 및 청산인 선임에 대한 처리위임의 건,과학기술부 과학기술정책국 기술지원과,1,N,1310377
1993,200902281652,000000000009,연구조합 청산종결등기 완료 신고의 건,과학기술부 과학기술정책국 기술지원과,1,N,1310377
1993,200902283475,000000000001,1993년 특정연구개발사업 첨단요소과제 계획서 제출,과학기술처 연구개발조정실 자원해양연구조정관,1,N,1310377
1993,200902283475,000000000002,특정연구개발사업 협약체결,과학기술처 연구개발조정실 자원해양연구조정관,1,N,1310377
1993,200902283477,000000000002,특정연구개발사업 협약체결,과학기술처 연구개발조정실 자원해양연구조정관,1,N,1310377
1993,200902283478,000000000001,1993년 특정연구개발사업 첨단요소과제 협약체결 관련 서류 제출,과학기술처 연구개발조정실 자원해양연구조정관,1,N,1310377
1993,200902283478,000000000002,특정연구개발사업 협약체결,과학기술처 연구개발조정실 자원해양연구조정관,1,N,1310377
1993,200902283479,000000000001,특정연구개발사업 협약체결,과학기술처 연구개발조정실 자원해양연구조정관,1,N,1310377
1993,200902283480,000000000001,특정연구개발사업 협약체결,과학기술처 연구개발조정실 자원해양연구조정관,1,N,1310377
1993,200902283481,000000000001,1993년도 특정연구개발사업 첨단요소과제 연구개발 계획서 제출,과학기술처 연구개발조정실 자원해양연구조정관,1,N,1310377
1993,200902283481,000000000002,특정연구개발사업 협약체결,과학기술처 연구개발조정실 자원해양연구조정관,1,N,1310377
1993,200902283482,000000000002,특정연구개발사업 협약체결,과학기술처 연구개발조정실 자원해양연구조정관,1,N,1310377
1993,200902283483,000000000001,1993특정연구개발사업(지방확산과제) 연구개발계획서 제출,과학기술처 연구개발조정실 자원해양연구조정관,1,N,1310377
1993,200902283483,000000000002,특정연구개발사업 협약체결,과학기술처 연구개발조정실 자원해양연구조정관,1,N,1310377
1993,200902283484,000000000001,특정연구개발사업 협약체결,과학기술처 연구개발조정실 화공생물연구조정관,1,N,1310377
1993,200902283485,000000000001,1993년도 특정연구개발사업 계획서 제출,과학기술처 연구개발조정실 자원해양연구조정관,1,N,1310377
1993,200902283485,000000000002,특정연구개발사업 협약체결,과학기술처 연구개발조정실 자원해양연구조정관,1,N,1310377
1993,200902283486,000000000001,특정연구개발사업 협약체결,과학기술처 연구개발조정실 자원해양연구조정관,1,N,1310377
1993,200902283487,000000000002,특정연구개발사업 협약체결,과학기술처 연구개발조정실 자원해양연구조정관,1,N,1310377
1993,200902283488,000000000001,특정연구개발사업 협약체결,과학기술처 연구개발조정실 자원해양연구조정관,1,N,1310377
1993,200902283489,000000000002,특정연구개발사업 협약체결,과학기술처 연구개발조정실 자원해양연구조정관,1,N,1310377
1993,200902283490,000000000001,1993년도 특정연구개발사업 연구개발 계획서 제출,과학기술처 연구개발조정실 자원해양연구조정관,1,N,1310377
1993,200902283490,000000000002,특정연구개발사업 협약체결,과학기술처 연구개발조정실 자원해양연구조정관,1,N,1310377
1993,200902283491,000000000001,1993년도 특정연구개발사업 첨단요소과제 계획서 제출,과학기술처 연구개발조정실 자원해양연구조정관,1,N,1310377
1993,200902283491,000000000003,특정연구개발사업 협약체결,과학기술처 연구개발조정실 자원해양연구조정관,1,N,1310377
1993,200902283491,000000000004,1991 특정연구개발사업 연구보고서 배포결과 보고,과학기술처 연구개발조정실 자원해양연구조정관,1,N,1310377
1993,200902283492,000000000001,특정연구개발사업 협약 변경체결,과학기술처 연구개발조정실 화공생물연구조정관,1,N,1310377
1993,200902284610,000000000001,반도체 필름 대출 및 사용 협조,대전세계박람회조직위원회(EXPO),1,N,1310377
1993,200902314040,000000000002,수산특정연구개발사업 수산분과 협의회개최 및 계획서 제출,해양수산부 국립수산진흥원 증식부,1,N,1310377
1993,200902314040,000000000003,수산특정연구개발사업 수산분과 협의회 자료제출,해양수산부 국립수산진흥원 증식부,1,N,1310377
1993,200902314040,000000000004,농수산특정연구개발사업 수산분과협의회 심의,해양수산부 국립수산진흥원 증식부,1,N,1310377
1993,200902314040,000000000005,1993 특정연구개발사업 추진,해양수산부 국립수산진흥원 증식부,1,N,1310377
1993,200902314040,000000000006,1993 농수산 특정연구개발사업비 지급 요청,해양수산부 국립수산진흥원 증식부,1,N,1310377
1993,200902362418,000000000003,우편대체자금 대출세칙 제정 및 한국전기통신공사 대출,정보통신부 우정사업본부 금융사업단,1,N,1310377
1993,200902620117,000000000008,공업기반기술개발비 집행 부적정(주의),감사원 행정안보감사국 제1과,3,N,1310377
1993,200902645523,000000000011,특정연구개발사업심의자료제출,건설교통부 육상교통국 자동차관리과,1,N,1310377
1993,200902645523,000000000012,특정연구개발사업심의위원회개최,건설교통부 육상교통국 자동차관리과,1,N,1310377
1993,200902669809,000000000015,1996년7월~1997년8월 사업자등록정정신고서철(즉시교부 오산기타동 수원입북.당수동) (한국전기통신공사오산전화국),국세청 중부지방국세청 수원세무서,3,N,1310377
1993,200902671003,000000000057,1993년 사업자등록정정신고서철(지점) (한국전기통신공사백령전화국),국세청 중부지방국세청 인천세무서,3,N,1310377
1993,201002949193,000000000024,사업자등록정정신고서.1993년6월1일-7월31일 (한국전기통신공사광주전화국),국세청 광주지방국세청 광주세무서 세원관리2과,3,N,1310377
1993,201002949193,000000000042,사업자등록정정신고서.1993년6월1일-7월31일 (한국전기통신공사전남사업본부),국세청 광주지방국세청 광주세무서 세원관리2과,3,N,1310377
1993,201002971709,000000000017,사업자등록정정조사서 (한국전기통신공사 대구망운용국 성동산중계소),국세청 대구지방국세청 포항세무서 재산법인세과,3,N,1310377
1993,201002971720,000000000048,사업자등록정정조사서 (한국전기통신공사(성동산중계소)),국세청 대구지방국세청 포항세무서 재산법인세과,3,N,1310377
1993,201002971720,000000000051,사업자등록정정조사서 (한국전기통신공사포항전화국),국세청 대구지방국세청 포항세무서 재산법인세과,3,N,1310377
1993,201002971753,000000000043,사업자등록 정정 조사서 (한국전기통신공사포항전화국),국세청 대구지방국세청 포항세무서 재산법인세과,3,N,1310377
1993,201003023392,000000000015,사업자등록정정신고서 (한국전기통신공사장흥전화국),국세청 광주지방국세청 해남세무서,3,N,1310377
1993,201003195366,000000000005,공업기반기술개발사업에따른정부출연금의손익귀속시기,국세청 법인납세국 법인세과,3,N,1310377
1993,201003195370,000000000004,경상기술료의회계처리방법,국세청 법인납세국 법인세과,3,N,1310377
1993,201003299634,000000000009,특정연구개발사업 실무위원회 안건 통보,과학기술부 기초연구국 원천기술개발과,3,N,1310377
1993,201003299634,000000000014,특정연구개발사업 실무위원회(총괄조정 위원회) 개최,과학기술부 기초연구국 원천기술개발과,3,N,1310377
1993,201003299635,000000000001,특정연구개발사업 협약체결,과학기술부 기초연구국 원천기술개발과,3,N,1310377
1993,201003299637,000000000001,특정연구개발사업 협약서 송부,과학기술부 기초연구국 원천기술개발과,3,N,1310377
1993,201003299637,000000000002,특정연구개발사업 협약체결,과학기술부 기초연구국 원천기술개발과,3,N,1310377
1993,201003299639,000000000001,특정연구개발사업 협약체결,과학기술부 기초연구국 원천기술개발과,3,N,1310377
1993,201003299639,000000000002,특정연구개발사업 협약체결,과학기술부 기초연구국 원천기술개발과,3,N,1310377
1993,201003299640,000000000002,특정연구개발사업 협약체결,과학기술부 기초연구국 원천기술개발과,3,N,1310377
1993,201003299643,000000000001,특정연구개발사업 협약서 송부,과학기술부 기초연구국 원천기술개발과,3,N,1310377
1993,201003299643,000000000002,특정연구개발사업 협약체결,과학기술부 기초연구국 원천기술개발과,1,N,1310377
1993,201003299644,000000000002,특정연구개발사업 협약체결,과학기술부 기초연구국 원천기술개발과,1,N,1310377
1993,201003299645,000000000001,특정연구개발 협약 체결 동의,과학기술부 기초연구국 원천기술개발과,1,N,1310377
1993,201003299645,000000000002,특정연구개발 협약체결,과학기술부 기초연구국 원천기술개발과,3,N,1310377
1993,201003299646,000000000001,특정연구개발사업 협약체결,과학기술부 기초연구국 원천기술개발과,3,N,1310377
1993,201003299647,000000000001,특정연구개발사업 협약서 송부,과학기술부 기초연구국 원천기술개발과,3,N,1310377
1993,201003299647,000000000002,특정연구개발사업 협약체결,과학기술부 기초연구국 원천기술개발과,3,N,1310377
1993,201003299648,000000000001,특정연구개발협약서 송부,과학기술부 기초연구국 원천기술개발과,3,N,1310377
1993,201003299648,000000000002,특정연구개발사업 협약체결,과학기술부 기초연구국 원천기술개발과,1,N,1310377
1993,201003299649,000000000001,특정연구개발사업 협약서 송부,과학기술부 기초연구국 원천기술개발과,3,N,1310377
1993,201003299649,000000000002,특정연구개발사업 협약변경,과학기술부 기초연구국 원천기술개발과,3,N,1310377
1993,201003299650,000000000001,특정연구개발사업협약서 송부,과학기술부 기초연구국 원천기술개발과,3,N,1310377
1993,201003299650,000000000002,특정연구개발사업 협약 체결,과학기술부 기초연구국 원천기술개발과,3,N,1310377
1993,201003299650,000000000003,1993 특정연구개발사업 추가과제 연구계획서 제출,과학기술부 기초연구국 원천기술개발과,3,N,1310377
1993,201003299651,000000000001,특정연구개발사업 협약체결,과학기술부 기초연구국 원천기술개발과,3,N,1310377
1993,201003299652,000000000001,특정연구개발 협약 체결 동의,과학기술부 기초연구국 원천기술개발과,3,N,1310377
1993,201003299652,000000000002,특정연구개발사업 협약체결,과학기술부 기초연구국 원천기술개발과,3,N,1310377
1993,201003299653,000000000001,특정연구개발사업협약체결,과학기술부 기초연구국 원천기술개발과,3,N,1310377
1993,201003299653,000000000002,특정연구개발사업 협약체결,과학기술부 기초연구국 원천기술개발과,3,N,1310377
1993,201003299654,000000000001,특정연구개발사업(국제공동연구) 협약체결,과학기술부 기초연구국 원천기술개발과,3,N,1310377
1993,201003299654,000000000002,특정연구개발사업 협약체결,과학기술부 기초연구국 원천기술개발과,3,N,1310377
1993,201003299655,000000000001,특정연구개발협약서 송부,과학기술부 기초연구국 원천기술개발과,3,N,1310377
1993,201003299655,000000000002,특정연구개발사업 협약체결,과학기술부 기초연구국 원천기술개발과,3,N,1310377
1993,201003299656,000000000001,특정연구개발사업 협약서 송부,과학기술부 기초연구국 원천기술개발과,3,N,1310377
1993,201003299656,000000000002,특정연구개발사업 협약체결,과학기술부 기초연구국 원천기술개발과,3,N,1310377
1993,201003299657,000000000001,차세대 반도체 기반기술 연구개발 계획서,과학기술부 기초연구국 원천기술개발과,3,N,1310377
1993,201003299658,000000000001,93 차세대반도체개발 세부과제계획서(3),과학기술부 기초연구국 원천기술개발과,3,N,1310377
1993,201003299659,000000000001,93 차세대 반도체개발 세부과제 계획서(1),과학기술부 기초연구국 원천기술개발과,3,N,1310377
1993,201003299660,000000000001,차세대반도체 기반기술개발사업 1차년도 연구비 지급,과학기술부 기초연구국 원천기술개발과,3,N,1310377
1993,201003299660,000000000003,차세대반도체기반기술개발사업 1차년도 협약,과학기술부 기초연구국 원천기술개발과,3,N,1310377
1993,201003299660,000000000004,차세대 반도체 기반기술개발사업 연구개발 과제 협약체결,과학기술부 기초연구국 원천기술개발과,1,N,1310377
1993,201003299662,000000000001,특정연구개발사업 협약체결(신규과제),과학기술부 기초연구국 원천기술개발과,3,N,1310377
1993,201003299663,000000000001,특정연구개발사업 협약체결(계속과제),과학기술부 기초연구국 원천기술개발과,3,N,1310377
1993,201003299664,000000000001,특정연구개발사업 협약체결(계속과제),과학기술부 기초연구국 원천기술개발과,3,N,1310377
1993,201003299665,000000000001,특정연구개발사업 협약체결(계속과제),과학기술부 기초연구국 원천기술개발과,3,N,1310377
1993,201003299666,000000000001,특정연구개발사업 계약서 송부,과학기술부 기초연구국 원천기술개발과,3,N,1310377
1993,201003299666,000000000002,특정연구개발사업 협약 체결,과학기술부 기초연구국 원천기술개발과,3,N,1310377
1993,201003299667,000000000001,특정연구개발사업 협약체결 (계속과제),과학기술부 기초연구국 원천기술개발과,3,N,1310377
1993,201003299668,000000000001,특정연구개발사업 협약체결(신규과제),과학기술부 기초연구국 원천기술개발과,3,N,1310377
1993,201003299669,000000000001,1993 특정연구개발사업 협약 체결,과학기술부 기초연구국 원천기술개발과,3,N,1310377
1993,201003299669,000000000002,특정연구개발사업 협약체결,과학기술부 기초연구국 원천기술개발과,3,N,1310377
1993,201003299673,000000000001,특정연구개발사업 협약 체결,과학기술부 기초연구국 원천기술개발과,1,N,1310377
1993,201003299673,000000000002,93 특정연구개발사업(연구기획평가사업) 선정 및 협약체결,과학기술부 기초연구국 원천기술개발과,1,N,1310377
1993,201003299675,000000000001,차세대 반도체 기반기술 개발사업(Ⅴ),과학기술부 기초연구국 원천기술개발과,3,N,1310377
1993,201003299676,000000000001,차세대 반도체 개발관련 관계자 회의 개최,과학기술부 기초연구국 원천기술개발과,1,N,1310377
1993,201003299677,000000000001,차세대반도체기반기술개발사업 추진 협조요청,과학기술부 기초연구국 원천기술개발과,3,N,1310377
1993,201003299677,000000000005,차세대반도체기반기술개발사업 추진조치,과학기술부 기초연구국 원천기술개발과,3,N,1310377
1993,201003299677,000000000006,차세대 반도체 기반기술개발사업 연구조정위원회 구성,과학기술부 기초연구국 원천기술개발과,3,N,1310377
1993,201003299678,000000000001,차세대 반도체 기반기술개발사업계획 확정통보,과학기술부 기초연구국 원천기술개발과,3,N,1310377
1993,201003299678,000000000003,차세대 반도체 기반기술개발 사업 관계부처 과장급 회의 개최,과학기술부 기초연구국 원천기술개발과,3,N,1310377
1993,201003299678,000000000004,초고집적 반도체 기술개발사업 계획,과학기술부 기초연구국 원천기술개발과,3,N,1310377
1993,201003299682,000000000014,93 특정연구개발사업 변경,과학기술부 기초연구국 원천기술개발과,1,N,1310377
1993,201003299683,000000000001,특정연구개발사업 협약서 제출,과학기술부 기초연구국 원천기술개발과,3,N,1310377
1993,201003299683,000000000002,특정연구개발사업 협약체결,과학기술부 기초연구국 원천기술개발과,3,N,1310377
1993,201003299684,000000000001,특정연구개발사업 협약서 송부,과학기술부 기초연구국 원천기술개발과,3,N,1310377
1993,201003299684,000000000002,특정연구개발사업 협약체결,과학기술부 기초연구국 원천기술개발과,3,N,1310377
1993,201003299692,000000000001,93 특정연구개발사업중 기관첨단요소 연구개발사업 협약 변경 승인,과학기술부 기초연구국 원천기술개발과,3,N,1310377
1993,201003299692,000000000003,특정연구개발사업협약서 송부,과학기술부 기초연구국 원천기술개발과,3,N,1310377
1993,201003299692,000000000004,특정연구개발사업 협약변경 체결,과학기술부 기초연구국 원천기술개발과,3,N,1310377
1993,201003299692,000000000006,특정연구개발사업협약서 송부,과학기술부 기초연구국 원천기술개발과,3,N,1310377
1993,201003299692,000000000007,특정연구개발사업 협약체결,과학기술부 기초연구국 원천기술개발과,3,N,1310377
1993,201003299704,000000000002,93 특정연구개발사업 연구책임자·참여기업 변경에 관한 타당성 검토 회신,과학기술부 기초연구국 원천기술개발과,3,N,1310377
1993,201003299704,000000000004,93특정연구개발사업 과제 참여기업 및 총괄연구책임자 변경의 건,과학기술부 기초연구국 원천기술개발과,3,N,1310377
1993,201003299704,000000000005,특정연구개발사업 협약체결 (신규과제),과학기술부 기초연구국 원천기술개발과,3,N,1310377
1993,201003299710,000000000001,94 특정연구개발사업 협약체결 동의,과학기술부 기초연구국 원천기술개발과,3,N,1310377
1993,201003299710,000000000005,특정연구개발사업 협약 체결 동의,과학기술부 기초연구국 원천기술개발과,3,N,1310377
1993,201003299711,000000000002,93 특정연구개발사업 추가지원과제(2차) 통보,과학기술부 기초연구국 원천기술개발과,1,N,1310377
1993,201003299976,000000000001,과학기술진흥확대회의관계철(技術開發促璡褓告鐵) (신경제 건설을 위한 과학기술정책),과학기술부 과학기술혁신본부 과학기술정책국 종합기획과,3,N,1310377
1993,201003299977,000000000001,제10회 총괄조정분과(특정연구개발사업 추진현황 및 계획),과학기술부 과학기술혁신본부 과학기술정책국 종합기획과,1,N,1310377
1993,201103552934,000000000010,1종전기용품형식승인신청서-아남 반도체 설계 주식회사,공업진흥청 품질관리국 안전관리과,3,N,1310377
1993,201103705203,000000000019,1993년도 폐휴지 수입실적 보고-한국전기통신공사,체신부 총무과,1,N,1310377
1993,201104662767,000000000027,「특정연구개발사업 보안관리지침」송부,농림부 총무과,2,N,1310377
1993,201104662767,000000000028,『특정연구개발사업보안관리지침』 송부,농림부 총무과,2,N,1310377
1993,201104704271,000000000001,한국전기통신공사 전산기기 설치협의 검토,총무처 능률국 행정전산과,1,N,1310377
1993,201104714523,000000000006,특정연구개발사업 미확정예산 현황 및 집행계획 통보,과학기술처 연구개발조정실 자원해양연구조정관,1,N,1310377
1993,201104714526,000000000001,특정연구개발과제 협약서(관리기관과 주관연구기관과의 협약용),과학기술처 연구개발조정실 전자연구조정관,1,N,1310377
1993,201104714527,000000000004,특정연구개발사업 실무위원회(총괄조정위원회) 개최,과학기술처 연구개발조정실 전자연구조정관,1,N,1310377
1993,201104958149,000000000001,김영삼 대통령 삼성전자 기흥 반도체 생산공장 순시 1,공보처,1,N,1310377
1993,201104958149,000000000002,김영삼 대통령 삼성전자 기흥 반도체 생산공장 순시 2,공보처,1,N,1310377
1993,201104958149,000000000003,김영삼 대통령 삼성전자 기흥 반도체 생산공장 순시 3,공보처,1,N,1310377
1993,201104958149,000000000004,김영삼 대통령 삼성전자 기흥 반도체 생산공장 순시 4,공보처,1,N,1310377
1993,201104984601,000000000001,반도체 산업현장1,공보처,1,N,1310377
1993,201104984601,000000000002,반도체 산업현장2,공보처,1,N,1310377
1993,201104984601,000000000003,반도체 산업현장3,공보처,1,N,1310377
1993,201104984601,000000000004,반도체 산업현장4,공보처,1,N,1310377
1993,201205225286,000000000001,산업정책심의회 안건상정,재정경제부 경제정책국 정책조정과,1,N,1310377
1993,201205225286,000000000003,1993년도 제1차 산업정책심의회 개최,재정경제부 경제정책국 정책조정과,1,N,1310377
1993,201205225286,000000000004,산업정책심의회 안건 제출,재정경제부 경제정책국 정책조정과,1,N,1310377
1993,201205225286,000000000005,산업정책심의회 결과통보,재정경제부 경제정책국 정책조정과,1,N,1310377
1993,201205225286,000000000006,산업정책심의회 결과통보,재정경제부 경제정책국 정책조정과,1,N,1310377
1993,201205225286,000000000007,1993년도 제2차 산업정책심의회 개최,재정경제부 경제정책국 정책조정과,1,N,1310377
1993,201205225286,000000000008,업종전문화 시책 추진방안의 산업정책심의회 상정,재정경제부 경제정책국 정책조정과,1,N,1310377
1993,201205225286,000000000009,산업정책심의회 결과통보,재정경제부 경제정책국 정책조정과,1,N,1310377
1993,201205225286,000000000010,산업정책심의회 결과통보,재정경제부 경제정책국 정책조정과,1,N,1310377
1993,201205225286,000000000011,1994년도 한국산업은행 업무계획(안) 산업정책심의회 부의요청,재정경제부 경제정책국 정책조정과,1,N,1310377
1993,201205225286,000000000012,1993년도 제3차 산업정책심의회 개최,재정경제부 경제정책국 정책조정과,1,N,1310377
1993,201205225286,000000000013,산업정책심의회 결과통보,재정경제부 경제정책국 정책조정과,1,N,1310377
1993,201205275240,000000000001,특정연구개발사업 협약서 송부,과학기술부 기초연구국 원천기술개발과,1,N,1310377
1993,201205275240,000000000002,특정연구개발사업 협약체결,과학기술부 기초연구국 원천기술개발과,1,N,1310377
1993,201205275240,000000000003,특정연구개발사업 협약서 송부,과학기술부 기초연구국 원천기술개발과,1,N,1310377
1993,201205275241,000000000001,특정연구개발과제협약서 제출,과학기술부 기초연구국 원천기술개발과,1,N,1310377
1993,201205275241,000000000002,특정연구개발사업 협약체결,과학기술부 기초연구국 원천기술개발과,1,N,1310377
1993,201205275242,000000000001,1993 특정연구개발사업 출연금 (2차분) 교부의뢰,과학기술부 기초연구국 원천기술개발과,1,N,1310377
1993,201205275242,000000000002,1993. 특정연구개발사업 2차분 연구비 교부 신청,과학기술부 기초연구국 원천기술개발과,1,N,1310377
1993,201205275246,000000000001,특정연구개발사업 협약체결 (계속과제),과학기술부 기초연구국 원천기술개발과,1,N,1310377
1993,201205275250,000000000003,1993 특정연구개발사업 출연금(2차분) 교부의뢰,과학기술부 기초연구국 원천기술개발과,1,N,1310377
1993,201205275250,000000000006,특정연구개발사업 협약체결,과학기술부 기초연구국 원천기술개발과,1,N,1310377
1993,201205275252,000000000002,특정연구개발사업 협약서 송부,과학기술부 기초연구국 원천기술개발과,1,N,1310377
1993,201205275252,000000000003,특정연구개발사업 협약변경,과학기술부 기초연구국 원천기술개발과,1,N,1310377
1993,201205275253,000000000001,특정연구개발사업 협약서 송부,과학기술부 기초연구국 원천기술개발과,1,N,1310377
1993,201205275253,000000000002,특정연구개발사업 협약체결,과학기술부 기초연구국 원천기술개발과,1,N,1310377
1993,201305796291,000000000003,방산기술 이전시 기술료 징수 방안 검토,국방부 방위사업실 획득개발관(획득기획담당)실,2,N,1310377
1993,201305796291,000000000007,국방분야 기술료산정 및 관리방안 연구,국방부 방위사업실 획득개발관(획득기획담당)실,2,N,1310377
1993,201305796291,000000000008,국방분야 기술료산정 및 관리방안 연구,국방부 방위사업실 획득개발관(획득기획담당)실,2,N,1310377
1993,201406245380,000000000002,한국전기통신공사의 공중전화망과 제주무선주식회사의 무선호출망간 상호접속에 관한 협정서 인가,정보통신부 정보통신지원국 통신업무과,1,N,1310377
1993,201406245380,000000000004,한국전기통신공사의 공중전화망과 부일이동통신(주) 외 8개 특정통신사업자의 무선호출망간 상호접속에 관한 협정서 인가,정보통신부 정보통신지원국 통신업무과,1,N,1310377
1993,201406245380,000000000007,"한국전기통신공사와 (주)데이콤,이동통신(주) 및 항만전화(주)간의 설비제공 및 상호접속에 관한 협정 인가",정보통신부 정보통신지원국 통신업무과,1,N,1310377
1993,201506463465,000000000001,원진레이온(주) 폐쇄관련 산업정책심의회 서면결의안건에 대한 최종검토,노동부 산업안전국 산업보건과,1,N,1310377
1993,201506523008,000000000001,"T/M 2차양산 기술료, 기술개발비 증빙",국방부 국방부조달본부,3,N,1310377
1993,201506531717,000000000010,질의답변(반도체집적회로 배치설계에관한 지적재산권),특허청 전기전자심사본부 특허심사정책팀,1,N,1310377
1993,202411419019,000000000003,방산기술 이전시 기술료 징수 방안 검토,국방부,2,N,1310377
1993,202411419019,000000000007,국방분야 기술료산정 및 관리방안 연구(최종토론회 자료),국방부,2,N,1310377
1993,202411419019,000000000008,국방분야 기술료산정 및 관리방안 연구(최종보고용 요약),국방부,2,N,1310377
1993,202411501204,000000000001,산업기술연구조합 설립인가,과학기술처 총무과,2,N,1310377
1993,202411501204,000000000002,산업기술연구조합 설립인가 협의,과학기술처 총무과,2,N,1310377
1993,202411501204,000000000003,산업기술연구조합 설립인가 협의 회신,과학기술처 총무과,2,N,1310377
1993,202411501609,000000000001,한국전기통신공사 주식평가와 관련한 자료협조 요청,체신부,2,N,1310377
1993,202411501609,000000000002,한국전기통신공사 주식가치평가를 위한 추가자료 협조요청,체신부,2,N,1310377
1993,202411501609,000000000011,한국전기통신공사 주식평가와 관련한 자료협조요청,체신부,2,N,1310377
1993,202411501609,000000000012,한국전기통신공사 주식평가를 위한 협조요청,체신부,2,N,1310377
1993,202411501612,000000000001,한국전기통신공사 우리사주조합원에 대한 우리사주배정 및 가격할인 요청,체신부,2,N,1310377
1993,202411501612,000000000003,한국전기통신공사 주식매각시 우리사주조합원에 대한 우선배정 요청,체신부,2,N,1310377
1993,202411501612,000000000004,한국전기통신공사 주식관리환,체신부,2,N,1310377
1993,202411501612,000000000005,한국전기통신공사 주식관리환에 대한 질의,체신부,2,N,1310377
1993,202411501612,000000000006,한국전기통신공사 주식 일부관리환,체신부,2,N,1310377
1993,202411501612,000000000007,한국전기통신공사 주식 관리환,체신부,2,N,1310377
1993,202411501612,000000000010,한국전기통신공사 주식관리환,체신부,2,N,1310377
1993,202411501612,000000000012,한국전기통신공사 주식관리환,체신부,2,N,1310377
1994,200802076191,000000000001,1992년도 초고집적 반도체 기술 공동연구개발 연구비 사용실적 제출,과학기술처 연구개발조정실 전기전자연구조정관,1,N,1310377
1994,200802076191,000000000002,1992년도 고속중형컴퓨터 공동연구개발 연구비 사용실적 제출,과학기술처 연구개발조정실 전기전자연구조정관,1,N,1310377
1994,200802076191,000000000003,1992년도 멀티미디어컴퓨터 공동연구개발 연구비 사용실적 제출,과학기술처 연구개발조정실 전기전자연구조정관,1,N,1310377
1994,200802076191,000000000004,1992년도 특정연구개발사업 연구비 사용실적 제출,과학기술처 연구개발조정실 전기전자연구조정관,1,N,1310377
1994,200802076191,000000000005,1992년도 특정연구개발사업 연구개발비 사용실적보고,과학기술처 연구개발조정실 전기전자연구조정관,1,N,1310377
